0	19966	5.13	6.25
1	19966	4.89	5.94
2	19966	4.65	5.62
3	19966	4.42	5.3
4	19966	4.18	4.97
5	19966	3.95	4.65
6	19966	3.72	4.33
7	19966	3.49	4.0
8	19966	3.26	3.68
21	19966	5.87	7.2
22	19966	5.62	6.88
23	19966	5.37	6.57
24	19966	5.13	6.25
25	19966	4.89	5.94
26	19966	4.65	5.62
27	19966	4.42	5.3
28	19966	4.18	4.97
29	19966	3.95	4.65
42	19966	5.87	7.2
43	19966	5.62	6.88
44	19966	5.37	6.57
45	19966	5.13	6.25
46	19966	4.89	5.94
47	19966	4.65	5.62
48	19966	4.42	5.3
49	19966	4.18	4.97
50	19966	3.95	4.65
84	19974	6.92	5.27
85	19974	6.6	5.02
86	19974	6.28	4.78
87	19974	5.96	4.54
88	19974	5.65	4.3
89	19974	5.33	4.06
90	19974	5.01	3.82
91	19974	4.69	3.59
92	19974	4.37	3.37
105	19974	4.05	3.16
106	19974	3.73	2.95
107	19974	3.43	2.74
108	19974	3.13	2.52
109	19974	2.84	2.31
110	19974	2.53	2.1
111	19974	2.22	1.88
112	19974	1.94	1.66
113	19974	1.66	1.43
126	19980	6.05	-4.04
127	19980	5.72	-3.81
128	19980	5.39	-3.59
129	19980	5.05	-3.37
130	19980	4.72	-3.16
131	19980	4.39	-2.96
132	19980	4.06	-2.76
133	19980	3.74	-2.57
134	19980	3.44	-2.37
147	19980	8.05	-5.37
148	19980	7.72	-5.15
149	19980	7.38	-4.92
150	19980	7.05	-4.7
151	19980	6.72	-4.48
152	19980	6.38	-4.26
153	19980	6.05	-4.04
154	19980	5.72	-3.81
155	19980	5.39	-3.59
168	19980	6.05	-4.04
169	19980	5.72	-3.81
170	19980	5.39	-3.59
171	19980	5.05	-3.37
172	19980	4.72	-3.16
173	19980	4.39	-2.96
174	19980	4.06	-2.76
175	19980	3.74	-2.57
176	19980	3.44	-2.37
189	19980	8.05	-5.37
190	19980	7.72	-5.15
191	19980	7.38	-4.92
192	19980	7.05	-4.7
193	19980	6.72	-4.48
194	19980	6.38	-4.26
195	19980	6.05	-4.04
196	19980	5.72	-3.81
197	19980	5.39	-3.59
210	19980	8.05	-5.37
211	19980	7.72	-5.15
212	19980	7.38	-4.92
213	19980	7.05	-4.7
214	19980	6.72	-4.48
215	19980	6.38	-4.26
216	19980	6.05	-4.04
217	19980	5.72	-3.81
218	19980	5.39	-3.59
357	19997	-3.68	5.97
358	19997	-3.47	5.63
359	19997	-3.26	5.29
360	19997	-3.05	4.95
361	19997	-2.84	4.61
362	19997	-2.63	4.27
363	19997	-2.43	3.93
364	19997	-2.26	3.59
365	19997	-2.09	3.28
378	19997	-3.05	4.95
379	19997	-2.84	4.61
380	19997	-2.63	4.27
381	19997	-2.43	3.93
382	19997	-2.26	3.59
383	19997	-2.09	3.28
384	19997	-1.9	2.99
385	19997	-1.71	2.7
386	19997	-1.5	2.42
399	19997	-4.31	6.99
400	19997	-4.1	6.65
401	19997	-3.89	6.31
402	19997	-3.68	5.97
403	19997	-3.47	5.63
404	19997	-3.26	5.29
405	19997	-3.05	4.95
406	19997	-2.84	4.61
407	19997	-2.63	4.27
420	19997	-3.68	5.97
421	19997	-3.47	5.63
422	19997	-3.26	5.29
423	19997	-3.05	4.95
424	19997	-2.84	4.61
425	19997	-2.63	4.27
426	19997	-2.43	3.93
427	19997	-2.26	3.59
428	19997	-2.09	3.28
441	19997	-0.63	1.16
442	19997	-0.45	0.8
443	19997	-0.27	0.44
444	19997	-0.09	0.08
445	19997	0.09	-0.27
446	19997	0.29	-0.61
447	19997	0.51	-0.95
448	19997	0.72	-1.28
449	19997	0.93	-1.62
630	20004	7.02	-6.74
631	20004	6.73	-6.47
632	20004	6.44	-6.19
633	20004	6.15	-5.91
634	20004	5.86	-5.63
635	20004	5.57	-5.36
636	20004	5.29	-5.08
637	20004	5.0	-4.8
638	20004	4.71	-4.52
651	20004	5.29	-5.08
652	20004	5.0	-4.8
653	20004	4.71	-4.52
654	20004	4.44	-4.25
655	20004	4.17	-4.0
656	20004	3.9	-3.75
657	20004	3.63	-3.5
658	20004	3.35	-3.26
659	20004	3.07	-3.03
672	20004	7.02	-6.74
673	20004	6.73	-6.47
674	20004	6.44	-6.19
675	20004	6.15	-5.91
676	20004	5.86	-5.63
677	20004	5.57	-5.36
678	20004	5.29	-5.08
679	20004	5.0	-4.8
680	20004	4.71	-4.52
693	20004	6.15	-5.91
694	20004	5.86	-5.63
695	20004	5.57	-5.36
696	20004	5.29	-5.08
697	20004	5.0	-4.8
698	20004	4.71	-4.52
699	20004	4.44	-4.25
700	20004	4.17	-4.0
701	20004	3.9	-3.75
714	20004	6.15	-5.91
715	20004	5.86	-5.63
716	20004	5.57	-5.36
717	20004	5.29	-5.08
718	20004	5.0	-4.8
719	20004	4.71	-4.52
720	20004	4.44	-4.25
721	20004	4.17	-4.0
722	20004	3.9	-3.75
735	20004	5.29	-5.08
736	20004	5.0	-4.8
737	20004	4.71	-4.52
738	20004	4.44	-4.25
739	20004	4.17	-4.0
740	20004	3.9	-3.75
741	20004	3.63	-3.5
742	20004	3.35	-3.26
743	20004	3.07	-3.03
756	20004	4.44	-4.25
757	20004	4.17	-4.0
758	20004	3.9	-3.75
759	20004	3.63	-3.5
760	20004	3.35	-3.26
761	20004	3.07	-3.03
762	20004	2.83	-2.81
763	20004	2.6	-2.6
764	20004	2.37	-2.38
861	20015	3.17	3.39
862	20015	2.9	3.08
863	20015	2.62	2.76
864	20015	2.34	2.44
865	20015	2.07	2.13
866	20015	1.73	1.83
867	20015	1.39	1.53
868	20015	1.05	1.23
869	20015	0.69	0.93
882	20015	6.41	6.96
883	20015	6.14	6.67
884	20015	5.87	6.37
885	20015	5.6	6.08
886	20015	5.33	5.78
887	20015	5.06	5.49
888	20015	4.79	5.2
889	20015	4.52	4.9
890	20015	4.25	4.61
903	20015	3.17	3.39
904	20015	2.9	3.08
905	20015	2.62	2.76
906	20015	2.34	2.44
907	20015	2.07	2.13
908	20015	1.73	1.83
909	20015	1.39	1.53
910	20015	1.05	1.23
911	20015	0.69	0.93
924	20015	3.17	3.39
925	20015	2.9	3.08
926	20015	2.62	2.76
927	20015	2.34	2.44
928	20015	2.07	2.13
929	20015	1.73	1.83
930	20015	1.39	1.53
931	20015	1.05	1.23
932	20015	0.69	0.93
945	20020	2.07	3.5
946	20020	1.92	3.22
947	20020	1.77	2.94
948	20020	1.63	2.67
949	20020	1.55	2.39
950	20020	1.45	2.12
951	20020	1.34	1.85
952	20020	1.22	1.58
953	20020	1.11	1.31
945	20022	0.7	3.94
946	20022	0.58	3.55
947	20022	0.46	3.17
948	20022	0.33	2.8
949	20022	0.09	2.47
950	20022	-0.18	2.16
951	20022	-0.48	1.86
952	20022	-0.78	1.55
953	20022	-1.07	1.25
966	20020	1.34	1.85
967	20020	1.22	1.58
968	20020	1.11	1.31
969	20020	1.0	1.04
970	20020	0.86	0.79
971	20020	0.7	0.54
972	20020	0.55	0.28
973	20020	0.39	-0.01
974	20020	0.2	-0.36
966	20022	-0.48	1.86
967	20022	-0.78	1.55
968	20022	-1.07	1.25
969	20022	-1.37	0.95
970	20022	-1.66	0.65
971	20022	-1.96	0.34
972	20022	-2.22	0.02
973	20022	-2.41	-0.32
974	20022	-2.59	-0.68
987	20020	3.99	7.5
988	20020	3.81	7.15
989	20020	3.62	6.79
990	20020	3.44	6.43
991	20020	3.27	6.07
992	20020	3.11	5.73
993	20020	2.95	5.38
994	20020	2.8	5.05
995	20020	2.65	4.71
987	20022	2.04	8.51
988	20022	1.95	8.12
989	20022	1.85	7.74
990	20022	1.75	7.35
991	20022	1.64	6.97
992	20022	1.53	6.59
993	20022	1.42	6.21
994	20022	1.3	5.83
995	20022	1.19	5.45
1008	20020	3.44	6.43
1009	20020	3.27	6.07
1010	20020	3.11	5.73
1011	20020	2.95	5.38
1012	20020	2.8	5.05
1013	20020	2.65	4.71
1014	20020	2.5	4.39
1015	20020	2.36	4.08
1016	20020	2.21	3.79
1008	20022	1.75	7.35
1009	20022	1.64	6.97
1010	20022	1.53	6.59
1011	20022	1.42	6.21
1012	20022	1.3	5.83
1013	20022	1.19	5.45
1014	20022	1.07	5.06
1015	20022	0.95	4.68
1016	20022	0.82	4.31
1029	20020	2.07	3.5
1030	20020	1.92	3.22
1031	20020	1.77	2.94
1032	20020	1.63	2.67
1033	20020	1.55	2.39
1034	20020	1.45	2.12
1035	20020	1.34	1.85
1036	20020	1.22	1.58
1037	20020	1.11	1.31
1029	20022	0.7	3.94
1030	20022	0.58	3.55
1031	20022	0.46	3.17
1032	20022	0.33	2.8
1033	20022	0.09	2.47
1034	20022	-0.18	2.16
1035	20022	-0.48	1.86
1036	20022	-0.78	1.55
1037	20022	-1.07	1.25
1050	20020	3.99	7.5
1051	20020	3.81	7.15
1052	20020	3.62	6.79
1053	20020	3.44	6.43
1054	20020	3.27	6.07
1055	20020	3.11	5.73
1056	20020	2.95	5.38
1057	20020	2.8	5.05
1058	20020	2.65	4.71
1050	20022	2.04	8.51
1051	20022	1.95	8.12
1052	20022	1.85	7.74
1053	20022	1.75	7.35
1054	20022	1.64	6.97
1055	20022	1.53	6.59
1056	20022	1.42	6.21
1057	20022	1.3	5.83
1058	20022	1.19	5.45
1071	20020	2.07	3.5
1072	20020	1.92	3.22
1073	20020	1.77	2.94
1074	20020	1.63	2.67
1075	20020	1.55	2.39
1076	20020	1.45	2.12
1077	20020	1.34	1.85
1078	20020	1.22	1.58
1079	20020	1.11	1.31
1071	20022	0.7	3.94
1072	20022	0.58	3.55
1073	20022	0.46	3.17
1074	20022	0.33	2.8
1075	20022	0.09	2.47
1076	20022	-0.18	2.16
1077	20022	-0.48	1.86
1078	20022	-0.78	1.55
1079	20022	-1.07	1.25
1092	20020	1.34	1.85
1093	20020	1.22	1.58
1094	20020	1.11	1.31
1095	20020	1.0	1.04
1096	20020	0.86	0.79
1097	20020	0.7	0.54
1098	20020	0.55	0.28
1099	20020	0.39	-0.01
1100	20020	0.2	-0.36
1092	20022	-0.48	1.86
1093	20022	-0.78	1.55
1094	20022	-1.07	1.25
1095	20022	-1.37	0.95
1096	20022	-1.66	0.65
1097	20022	-1.96	0.34
1098	20022	-2.22	0.02
1099	20022	-2.41	-0.32
1100	20022	-2.59	-0.68
1113	20020	3.44	6.43
1114	20020	3.27	6.07
1115	20020	3.11	5.73
1116	20020	2.95	5.38
1117	20020	2.8	5.05
1118	20020	2.65	4.71
1119	20020	2.5	4.39
1120	20020	2.36	4.08
1121	20020	2.21	3.79
1113	20022	1.75	7.35
1114	20022	1.64	6.97
1115	20022	1.53	6.59
1116	20022	1.42	6.21
1117	20022	1.3	5.83
1118	20022	1.19	5.45
1119	20022	1.07	5.06
1120	20022	0.95	4.68
1121	20022	0.82	4.31
1344	20039	-2.73	5.82
1345	20039	-2.56	5.46
1346	20039	-2.39	5.1
1347	20039	-2.2	4.74
1348	20039	-2.01	4.39
1349	20039	-1.82	4.05
1350	20039	-1.62	3.69
1351	20039	-1.42	3.31
1352	20039	-1.22	2.93
1365	20039	-1.62	3.69
1366	20039	-1.42	3.31
1367	20039	-1.22	2.93
1368	20039	-1.02	2.56
1369	20039	-0.94	2.04
1370	20039	-0.8	1.72
1371	20039	-0.68	1.44
1372	20039	-0.57	1.13
1373	20039	-0.46	0.82
1386	20039	-4.26	9.08
1387	20039	-4.09	8.72
1388	20039	-3.92	8.35
1389	20039	-3.75	7.99
1390	20039	-3.58	7.63
1391	20039	-3.41	7.27
1392	20039	-3.24	6.91
1393	20039	-3.07	6.54
1394	20039	-2.9	6.18
1407	20043	0.44	2.67
1408	20043	0.29	2.32
1409	20043	0.15	2.12
1410	20043	0.01	1.93
1411	20043	-0.14	1.74
1412	20043	-0.28	1.55
1413	20043	-0.42	1.36
1414	20043	-0.49	1.07
1415	20043	-0.5	0.74
1428	20043	1.14	6.24
1429	20043	1.07	5.84
1430	20043	1.0	5.45
1431	20043	0.93	5.06
1432	20043	0.86	4.66
1433	20043	0.78	4.27
1434	20043	0.71	3.88
1435	20043	0.64	3.48
1436	20043	0.55	3.08
1449	20043	0.71	3.88
1450	20043	0.64	3.48
1451	20043	0.55	3.08
1452	20043	0.44	2.67
1453	20043	0.29	2.32
1454	20043	0.15	2.12
1455	20043	0.01	1.93
1456	20043	-0.14	1.74
1457	20043	-0.28	1.55
1533	20053	-6.78	-5.83
1534	20053	-6.48	-5.57
1535	20053	-6.18	-5.31
1536	20053	-5.87	-5.05
1537	20053	-5.57	-4.79
1538	20053	-5.27	-4.53
1539	20053	-4.96	-4.27
1540	20053	-4.66	-4.02
1541	20053	-4.37	-3.76
1554	20053	-5.87	-5.05
1555	20053	-5.57	-4.79
1556	20053	-5.27	-4.53
1557	20053	-4.96	-4.27
1558	20053	-4.66	-4.02
1559	20053	-4.37	-3.76
1560	20053	-4.07	-3.51
1561	20053	-3.77	-3.26
1562	20053	-3.47	-3.0
1575	20053	-6.78	-5.83
1576	20053	-6.48	-5.57
1577	20053	-6.18	-5.31
1578	20053	-5.87	-5.05
1579	20053	-5.57	-4.79
1580	20053	-5.27	-4.53
1581	20053	-4.96	-4.27
1582	20053	-4.66	-4.02
1583	20053	-4.37	-3.76
1596	20053	-2.3	-2.0
1597	20053	-2.01	-1.81
1598	20053	-1.67	-1.69
1599	20053	-1.31	-1.56
1600	20053	-0.94	-1.42
1601	20053	-0.58	-1.29
1602	20053	-0.33	-1.12
1603	20053	-0.13	-0.87
1604	20053	0.08	-0.63
1617	20055	-8.29	-4.84
1618	20055	-7.94	-4.64
1619	20055	-7.6	-4.44
1620	20055	-7.25	-4.24
1621	20055	-6.91	-4.03
1622	20055	-6.57	-3.82
1623	20055	-6.22	-3.61
1624	20055	-5.88	-3.39
1625	20055	-5.53	-3.17
1638	20055	-7.25	-4.24
1639	20055	-6.91	-4.03
1640	20055	-6.57	-3.82
1641	20055	-6.22	-3.61
1642	20055	-5.88	-3.39
1643	20055	-5.53	-3.17
1644	20055	-5.18	-2.95
1645	20055	-4.82	-2.73
1646	20055	-4.47	-2.51
1659	20055	-7.25	-4.24
1660	20055	-6.91	-4.03
1661	20055	-6.57	-3.82
1662	20055	-6.22	-3.61
1663	20055	-5.88	-3.39
1664	20055	-5.53	-3.17
1665	20055	-5.18	-2.95
1666	20055	-4.82	-2.73
1667	20055	-4.47	-2.51
1680	20055	-1.86	-0.73
1681	20055	-1.49	-0.51
1682	20055	-1.12	-0.29
1683	20055	-0.75	-0.08
1684	20055	-0.38	0.14
1685	20055	-0.01	0.35
1686	20055	0.35	0.55
1687	20055	0.7	0.74
1688	20055	1.05	0.93
1785	20065	1.66	-1.82
1786	20065	1.38	-1.72
1787	20065	1.0	-1.63
1788	20065	0.56	-1.56
1789	20065	0.11	-1.5
1790	20065	-0.33	-1.43
1791	20065	-0.77	-1.37
1792	20065	-1.21	-1.3
1793	20065	-1.65	-1.24
1806	20065	0.56	-1.56
1807	20065	0.11	-1.5
1808	20065	-0.33	-1.43
1809	20065	-0.77	-1.37
1810	20065	-1.21	-1.3
1811	20065	-1.65	-1.24
1812	20065	-2.1	-1.1
1813	20065	-2.52	-0.83
1814	20065	-2.91	-0.55
1827	20065	2.64	-2.62
1828	20065	2.31	-2.35
1829	20065	1.99	-2.07
1830	20065	1.66	-1.82
1831	20065	1.38	-1.72
1832	20065	1.0	-1.63
1833	20065	0.56	-1.56
1834	20065	0.11	-1.5
1835	20065	-0.33	-1.43
1848	20065	2.64	-2.62
1849	20065	2.31	-2.35
1850	20065	1.99	-2.07
1851	20065	1.66	-1.82
1852	20065	1.38	-1.72
1853	20065	1.0	-1.63
1854	20065	0.56	-1.56
1855	20065	0.11	-1.5
1856	20065	-0.33	-1.43
1869	20065	1.66	-1.82
1870	20065	1.38	-1.72
1871	20065	1.0	-1.63
1872	20065	0.56	-1.56
1873	20065	0.11	-1.5
1874	20065	-0.33	-1.43
1875	20065	-0.77	-1.37
1876	20065	-1.21	-1.3
1877	20065	-1.65	-1.24
1890	20073	-1.31	-4.6
1891	20073	-1.21	-4.26
1892	20073	-1.11	-3.94
1893	20073	-0.98	-3.63
1894	20073	-0.83	-3.33
1895	20073	-0.75	-3.09
1896	20073	-0.7	-2.84
1897	20073	-0.62	-2.63
1898	20073	-0.54	-2.43
1911	20073	-1.31	-4.6
1912	20073	-1.21	-4.26
1913	20073	-1.11	-3.94
1914	20073	-0.98	-3.63
1915	20073	-0.83	-3.33
1916	20073	-0.75	-3.09
1917	20073	-0.7	-2.84
1918	20073	-0.62	-2.63
1919	20073	-0.54	-2.43
1932	20073	-0.98	-3.63
1933	20073	-0.83	-3.33
1934	20073	-0.75	-3.09
1935	20073	-0.7	-2.84
1936	20073	-0.62	-2.63
1937	20073	-0.54	-2.43
1938	20073	-0.47	-2.23
1939	20073	-0.4	-2.04
1940	20073	-0.32	-1.85
1953	20073	-0.47	-2.23
1954	20073	-0.4	-2.04
1955	20073	-0.32	-1.85
1956	20073	-0.23	-1.66
1957	20073	-0.15	-1.47
1958	20073	-0.06	-1.28
1959	20073	0.02	-1.09
1960	20073	0.1	-0.89
1961	20073	0.18	-0.7
1974	20073	-0.98	-3.63
1975	20073	-0.83	-3.33
1976	20073	-0.75	-3.09
1977	20073	-0.7	-2.84
1978	20073	-0.62	-2.63
1979	20073	-0.54	-2.43
1980	20073	-0.47	-2.23
1981	20073	-0.4	-2.04
1982	20073	-0.32	-1.85
1995	20080	0.46	8.11
1996	20080	0.44	7.71
1997	20080	0.42	7.31
1998	20080	0.39	6.91
1999	20080	0.37	6.51
2000	20080	0.35	6.11
2001	20080	0.33	5.71
2002	20080	0.3	5.31
2003	20080	0.28	4.91
2016	20083	-0.32	-0.63
2017	20083	-0.2	-1.03
2018	20083	-0.08	-1.42
2019	20083	0.06	-1.8
2020	20083	0.2	-2.17
2021	20083	0.34	-2.55
2022	20083	0.48	-2.92
2023	20083	0.62	-3.3
2024	20083	0.76	-3.67
2037	20083	-1.04	2.95
2038	20083	-0.93	2.53
2039	20083	-0.82	2.12
2040	20083	-0.72	1.71
2041	20083	-0.62	1.3
2042	20083	-0.57	0.92
2043	20083	-0.52	0.53
2044	20083	-0.46	0.15
2045	20083	-0.41	-0.24
2058	20087	-1.95	5.46
2059	20087	-1.83	5.06
2060	20087	-1.71	4.66
2061	20087	-1.58	4.26
2062	20087	-1.46	3.86
2063	20087	-1.33	3.46
2064	20087	-1.21	3.06
2065	20087	-1.08	2.65
2066	20087	-0.96	2.25
2079	20087	-2.66	7.79
2080	20087	-2.54	7.41
2081	20087	-2.42	7.02
2082	20087	-2.3	6.63
2083	20087	-2.18	6.24
2084	20087	-2.06	5.85
2085	20087	-1.95	5.46
2086	20087	-1.83	5.06
2087	20087	-1.71	4.66
2163	20099	-0.34	6.12
2164	20099	-0.32	5.72
2165	20099	-0.3	5.32
2166	20099	-0.28	4.93
2167	20099	-0.25	4.53
2168	20099	-0.23	4.13
2169	20099	-0.22	3.76
2170	20099	-0.21	3.4
2171	20099	-0.21	3.05
2163	20100	-1.36	-5.81
2164	20100	-1.27	-5.42
2165	20100	-1.19	-5.02
2166	20100	-1.11	-4.62
2167	20100	-1.04	-4.22
2168	20100	-0.96	-3.8
2169	20100	-0.88	-3.38
2170	20100	-0.8	-2.96
2171	20100	-0.73	-2.55
2184	20099	-0.28	4.93
2185	20099	-0.25	4.53
2186	20099	-0.23	4.13
2187	20099	-0.22	3.76
2188	20099	-0.21	3.4
2189	20099	-0.21	3.05
2190	20099	-0.2	2.7
2191	20099	-0.2	2.34
2192	20099	-0.14	2.01
2184	20100	-1.11	-4.62
2185	20100	-1.04	-4.22
2186	20100	-0.96	-3.8
2187	20100	-0.88	-3.38
2188	20100	-0.8	-2.96
2189	20100	-0.73	-2.55
2190	20100	-0.75	-2.17
2191	20100	-0.76	-1.79
2192	20100	-0.79	-1.41
2205	20099	-0.48	8.52
2206	20099	-0.45	8.12
2207	20099	-0.43	7.72
2208	20099	-0.41	7.32
2209	20099	-0.39	6.92
2210	20099	-0.36	6.52
2211	20099	-0.34	6.12
2212	20099	-0.32	5.72
2213	20099	-0.3	5.32
2205	20100	-1.9	-8.14
2206	20100	-1.81	-7.75
2207	20100	-1.72	-7.36
2208	20100	-1.63	-6.97
2209	20100	-1.54	-6.59
2210	20100	-1.45	-6.2
2211	20100	-1.36	-5.81
2212	20100	-1.27	-5.42
2213	20100	-1.19	-5.02
2226	20099	-0.34	6.12
2227	20099	-0.32	5.72
2228	20099	-0.3	5.32
2229	20099	-0.28	4.93
2230	20099	-0.25	4.53
2231	20099	-0.23	4.13
2232	20099	-0.22	3.76
2233	20099	-0.21	3.4
2234	20099	-0.21	3.05
2226	20100	-1.36	-5.81
2227	20100	-1.27	-5.42
2228	20100	-1.19	-5.02
2229	20100	-1.11	-4.62
2230	20100	-1.04	-4.22
2231	20100	-0.96	-3.8
2232	20100	-0.88	-3.38
2233	20100	-0.8	-2.96
2234	20100	-0.73	-2.55
2247	20105	-6.8	1.96
2248	20105	-6.42	1.85
2249	20105	-6.03	1.74
2250	20105	-5.65	1.64
2251	20105	-5.29	1.54
2252	20105	-4.93	1.44
2253	20105	-4.58	1.35
2254	20105	-4.24	1.25
2255	20105	-3.89	1.15
2268	20105	-4.58	1.35
2269	20105	-4.24	1.25
2270	20105	-3.89	1.15
2271	20105	-3.53	1.06
2272	20105	-3.15	0.97
2273	20105	-2.79	0.89
2274	20105	-2.49	0.81
2275	20105	-2.3	0.64
2276	20105	-2.15	0.47
2289	20105	-7.95	2.29
2290	20105	-7.57	2.18
2291	20105	-7.18	2.07
2292	20105	-6.8	1.96
2293	20105	-6.42	1.85
2294	20105	-6.03	1.74
2295	20105	-5.65	1.64
2296	20105	-5.29	1.54
2297	20105	-4.93	1.44
2310	20105	-6.8	1.96
2311	20105	-6.42	1.85
2312	20105	-6.03	1.74
2313	20105	-5.65	1.64
2314	20105	-5.29	1.54
2315	20105	-4.93	1.44
2316	20105	-4.58	1.35
2317	20105	-4.24	1.25
2318	20105	-3.89	1.15
2331	20107	-4.42	5.65
2332	20107	-4.17	5.34
2333	20107	-3.91	5.04
2334	20107	-3.66	4.74
2335	20107	-3.4	4.44
2336	20107	-3.15	4.16
2337	20107	-2.9	3.87
2338	20107	-2.65	3.59
2339	20107	-2.42	3.32
2352	20107	-4.42	5.65
2353	20107	-4.17	5.34
2354	20107	-3.91	5.04
2355	20107	-3.66	4.74
2356	20107	-3.4	4.44
2357	20107	-3.15	4.16
2358	20107	-2.9	3.87
2359	20107	-2.65	3.59
2360	20107	-2.42	3.32
2373	20111	-0.76	7.56
2374	20111	-0.72	7.16
2375	20111	-0.68	6.76
2376	20111	-0.64	6.37
2377	20111	-0.6	5.97
2378	20111	-0.56	5.57
2379	20111	-0.53	5.17
2380	20111	-0.52	4.78
2381	20111	-0.51	4.39
2373	20112	-1.31	-7.12
2374	20112	-1.24	-6.72
2375	20112	-1.16	-6.33
2376	20112	-1.09	-5.94
2377	20112	-1.02	-5.54
2378	20112	-0.95	-5.15
2379	20112	-0.9	-4.76
2380	20112	-0.86	-4.37
2381	20112	-0.83	-3.99
2373	20114	3.82	-6.14
2374	20114	3.61	-5.8
2375	20114	3.4	-5.46
2376	20114	3.18	-5.12
2377	20114	2.97	-4.78
2378	20114	2.77	-4.44
2379	20114	2.58	-4.1
2380	20114	2.4	-3.75
2381	20114	2.23	-3.4
2394	20111	-0.56	1.63
2395	20111	-0.52	1.23
2396	20111	-0.48	0.83
2397	20111	-0.44	0.42
2398	20111	-0.39	0.02
2399	20111	-0.33	-0.38
2400	20111	-0.28	-0.77
2401	20111	-0.22	-1.17
2402	20111	-0.17	-1.56
2394	20112	-0.87	-1.65
2395	20112	-1.03	-1.34
2396	20112	-1.2	-1.03
2397	20112	-1.36	-0.72
2398	20112	-1.51	-0.42
2399	20112	-1.56	-0.05
2400	20112	-1.56	0.34
2401	20112	-1.52	0.72
2402	20112	-1.38	1.1
2394	20114	1.38	-0.7
2395	20114	1.37	-0.32
2396	20114	1.35	0.06
2397	20114	1.33	0.43
2398	20114	1.26	0.67
2399	20114	1.13	0.97
2400	20114	0.88	1.37
2401	20114	0.63	1.78
2402	20114	0.37	2.18
2415	20111	-0.44	0.42
2416	20111	-0.39	0.02
2417	20111	-0.33	-0.38
2418	20111	-0.28	-0.77
2419	20111	-0.22	-1.17
2420	20111	-0.17	-1.56
2421	20111	-0.11	-1.96
2422	20111	-0.06	-2.36
2423	20111	-0.0	-2.75
2415	20112	-1.36	-0.72
2416	20112	-1.51	-0.42
2417	20112	-1.56	-0.05
2418	20112	-1.56	0.34
2419	20112	-1.52	0.72
2420	20112	-1.38	1.1
2421	20112	-1.24	1.48
2422	20112	-1.11	1.85
2423	20112	-0.97	2.23
2415	20114	1.33	0.43
2416	20114	1.26	0.67
2417	20114	1.13	0.97
2418	20114	0.88	1.37
2419	20114	0.63	1.78
2420	20114	0.37	2.18
2421	20114	0.11	2.58
2422	20114	-0.15	2.99
2423	20114	-0.42	3.39
2436	20116	-7.45	-4.57
2437	20116	-7.11	-4.36
2438	20116	-6.77	-4.15
2439	20116	-6.43	-3.94
2440	20116	-6.09	-3.73
2441	20116	-5.75	-3.52
2442	20116	-5.41	-3.31
2443	20116	-5.07	-3.1
2444	20116	-4.72	-2.89
2436	20117	4.94	-6.57
2437	20117	4.7	-6.25
2438	20117	4.46	-5.93
2439	20117	4.22	-5.61
2440	20117	3.98	-5.29
2441	20117	3.73	-4.97
2442	20117	3.48	-4.65
2443	20117	3.23	-4.34
2444	20117	2.96	-4.02
2457	20116	-6.43	-3.94
2458	20116	-6.09	-3.73
2459	20116	-5.75	-3.52
2460	20116	-5.41	-3.31
2461	20116	-5.07	-3.1
2462	20116	-4.72	-2.89
2463	20116	-4.38	-2.68
2464	20116	-4.04	-2.48
2465	20116	-3.7	-2.27
2457	20117	4.22	-5.61
2458	20117	3.98	-5.29
2459	20117	3.73	-4.97
2460	20117	3.48	-4.65
2461	20117	3.23	-4.34
2462	20117	2.96	-4.02
2463	20117	2.7	-3.7
2464	20117	2.43	-3.38
2465	20117	2.17	-3.05
2478	20116	-6.43	-3.94
2479	20116	-6.09	-3.73
2480	20116	-5.75	-3.52
2481	20116	-5.41	-3.31
2482	20116	-5.07	-3.1
2483	20116	-4.72	-2.89
2484	20116	-4.38	-2.68
2485	20116	-4.04	-2.48
2486	20116	-3.7	-2.27
2478	20117	4.22	-5.61
2479	20117	3.98	-5.29
2480	20117	3.73	-4.97
2481	20117	3.48	-4.65
2482	20117	3.23	-4.34
2483	20117	2.96	-4.02
2484	20117	2.7	-3.7
2485	20117	2.43	-3.38
2486	20117	2.17	-3.05
2499	20116	-3.36	-2.06
2500	20116	-3.02	-1.85
2501	20116	-2.68	-1.64
2502	20116	-2.38	-1.52
2503	20116	-2.08	-1.41
2504	20116	-1.7	-1.38
2505	20116	-1.28	-1.38
2506	20116	-0.87	-1.38
2507	20116	-0.46	-1.38
2499	20117	1.9	-2.71
2500	20117	1.64	-2.38
2501	20117	1.35	-2.07
2502	20117	0.94	-1.66
2503	20117	0.53	-1.24
2504	20117	0.1	-0.85
2505	20117	-0.34	-0.48
2506	20117	-0.78	-0.14
2507	20117	-1.13	0.18
2520	20116	-1.28	-1.38
2521	20116	-0.87	-1.38
2522	20116	-0.46	-1.38
2523	20116	-0.06	-1.38
2524	20116	0.34	-1.31
2525	20116	0.65	-1.07
2526	20116	0.97	-0.82
2527	20116	1.28	-0.57
2528	20116	1.59	-0.32
2520	20117	-0.34	-0.48
2521	20117	-0.78	-0.14
2522	20117	-1.13	0.18
2523	20117	-1.35	0.52
2524	20117	-1.56	0.86
2525	20117	-1.77	1.2
2526	20117	-1.98	1.54
2527	20117	-2.19	1.88
2528	20117	-2.4	2.22
2562	20125	2.42	2.31
2563	20125	2.13	2.01
2564	20125	1.85	1.7
2565	20125	1.6	1.43
2566	20125	1.38	1.07
2567	20125	1.15	0.69
2568	20125	0.93	0.3
2569	20125	0.71	-0.08
2570	20125	0.49	-0.47
2583	20125	5.98	5.84
2584	20125	5.69	5.55
2585	20125	5.41	5.27
2586	20125	5.13	4.97
2587	20125	4.85	4.68
2588	20125	4.56	4.39
2589	20125	4.28	4.09
2590	20125	3.99	3.79
2591	20125	3.68	3.49
2604	20125	3.36	3.2
2605	20125	3.03	2.9
2606	20125	2.72	2.61
2607	20125	2.42	2.31
2608	20125	2.13	2.01
2609	20125	1.85	1.7
2610	20125	1.6	1.43
2611	20125	1.38	1.07
2612	20125	1.15	0.69
2625	20125	5.13	4.97
2626	20125	4.85	4.68
2627	20125	4.56	4.39
2628	20125	4.28	4.09
2629	20125	3.99	3.79
2630	20125	3.68	3.49
2631	20125	3.36	3.2
2632	20125	3.03	2.9
2633	20125	2.72	2.61
2646	20125	3.36	3.2
2647	20125	3.03	2.9
2648	20125	2.72	2.61
2649	20125	2.42	2.31
2650	20125	2.13	2.01
2651	20125	1.85	1.7
2652	20125	1.6	1.43
2653	20125	1.38	1.07
2654	20125	1.15	0.69
2667	20132	-6.83	2.33
2668	20132	-6.45	2.22
2669	20132	-6.06	2.11
2670	20132	-5.66	2.0
2671	20132	-5.27	1.89
2672	20132	-4.9	1.8
2673	20132	-4.56	1.74
2674	20132	-4.21	1.68
2675	20132	-3.86	1.62
2688	20132	-5.66	2.0
2689	20132	-5.27	1.89
2690	20132	-4.9	1.8
2691	20132	-4.56	1.74
2692	20132	-4.21	1.68
2693	20132	-3.86	1.62
2694	20132	-3.52	1.56
2695	20132	-3.18	1.5
2696	20132	-2.85	1.45
2709	20132	-6.83	2.33
2710	20132	-6.45	2.22
2711	20132	-6.06	2.11
2712	20132	-5.66	2.0
2713	20132	-5.27	1.89
2714	20132	-4.9	1.8
2715	20132	-4.56	1.74
2716	20132	-4.21	1.68
2717	20132	-3.86	1.62
2730	20132	-5.66	2.0
2731	20132	-5.27	1.89
2732	20132	-4.9	1.8
2733	20132	-4.56	1.74
2734	20132	-4.21	1.68
2735	20132	-3.86	1.62
2736	20132	-3.52	1.56
2737	20132	-3.18	1.5
2738	20132	-2.85	1.45
2751	20132	-2.52	1.4
2752	20132	-2.12	1.33
2753	20132	-1.72	1.25
2754	20132	-1.33	1.17
2755	20132	-0.91	1.07
2756	20132	-0.49	0.96
2757	20132	-0.08	0.84
2758	20132	0.33	0.71
2759	20132	0.74	0.57
2772	20132	-4.56	1.74
2773	20132	-4.21	1.68
2774	20132	-3.86	1.62
2775	20132	-3.52	1.56
2776	20132	-3.18	1.5
2777	20132	-2.85	1.45
2778	20132	-2.52	1.4
2779	20132	-2.12	1.33
2780	20132	-1.72	1.25
2793	20132	-6.83	2.33
2794	20132	-6.45	2.22
2795	20132	-6.06	2.11
2796	20132	-5.66	2.0
2797	20132	-5.27	1.89
2798	20132	-4.9	1.8
2799	20132	-4.56	1.74
2800	20132	-4.21	1.68
2801	20132	-3.86	1.62
2814	20132	-5.66	2.0
2815	20132	-5.27	1.89
2816	20132	-4.9	1.8
2817	20132	-4.56	1.74
2818	20132	-4.21	1.68
2819	20132	-3.86	1.62
2820	20132	-3.52	1.56
2821	20132	-3.18	1.5
2822	20132	-2.85	1.45
2835	20136	4.76	3.2
2836	20136	4.43	2.98
2837	20136	4.1	2.76
2838	20136	3.76	2.54
2839	20136	3.41	2.32
2840	20136	3.04	2.05
2841	20136	2.67	1.78
2842	20136	2.3	1.51
2843	20136	1.94	1.24
2835	20137	6.24	-1.22
2836	20137	5.85	-1.15
2837	20137	5.45	-1.07
2838	20137	5.07	-1.0
2839	20137	4.69	-0.93
2840	20137	4.31	-0.85
2841	20137	3.94	-0.78
2842	20137	3.56	-0.7
2843	20137	3.18	-0.62
2856	20136	3.76	2.54
2857	20136	3.41	2.32
2858	20136	3.04	2.05
2859	20136	2.67	1.78
2860	20136	2.3	1.51
2861	20136	1.94	1.24
2862	20136	1.57	0.98
2863	20136	1.28	0.55
2864	20136	1.04	-0.0
2856	20137	5.07	-1.0
2857	20137	4.69	-0.93
2858	20137	4.31	-0.85
2859	20137	3.94	-0.78
2860	20137	3.56	-0.7
2861	20137	3.18	-0.62
2862	20137	2.81	-0.55
2863	20137	2.51	-0.61
2864	20137	2.26	-0.69
2877	20136	1.57	0.98
2878	20136	1.28	0.55
2879	20136	1.04	-0.0
2880	20136	0.8	-0.55
2881	20136	0.57	-1.08
2882	20136	0.36	-1.35
2883	20136	0.01	-1.53
2884	20136	-0.35	-1.7
2885	20136	-0.71	-1.88
2877	20137	2.81	-0.55
2878	20137	2.51	-0.61
2879	20137	2.26	-0.69
2880	20137	2.01	-0.78
2881	20137	1.75	-0.85
2882	20137	1.53	-1.02
2883	20137	1.19	-1.21
2884	20137	0.83	-1.4
2885	20137	0.46	-1.57
2898	20136	4.76	3.2
2899	20136	4.43	2.98
2900	20136	4.1	2.76
2901	20136	3.76	2.54
2902	20136	3.41	2.32
2903	20136	3.04	2.05
2904	20136	2.67	1.78
2905	20136	2.3	1.51
2906	20136	1.94	1.24
2898	20137	6.24	-1.22
2899	20137	5.85	-1.15
2900	20137	5.45	-1.07
2901	20137	5.07	-1.0
2902	20137	4.69	-0.93
2903	20137	4.31	-0.85
2904	20137	3.94	-0.78
2905	20137	3.56	-0.7
2906	20137	3.18	-0.62
3045	20163	-8.55	2.38
3046	20163	-8.17	2.27
3047	20163	-7.78	2.16
3048	20163	-7.4	2.06
3049	20163	-7.01	1.95
3050	20163	-6.63	1.84
3051	20163	-6.24	1.74
3052	20163	-5.86	1.63
3053	20163	-5.48	1.52
3066	20163	-5.11	1.42
3067	20163	-4.73	1.3
3068	20163	-4.37	1.19
3069	20163	-4.02	1.07
3070	20163	-3.68	0.96
3071	20163	-3.34	0.85
3072	20163	-2.99	0.74
3073	20163	-2.73	0.8
3074	20163	-2.47	0.85
3087	20168	2.92	-4.12
3088	20168	2.69	-3.79
3089	20168	2.42	-3.46
3090	20168	2.14	-3.12
3091	20168	1.86	-2.78
3092	20168	1.58	-2.44
3093	20168	1.3	-2.11
3094	20168	0.96	-1.84
3095	20168	0.6	-1.65
3087	20170	-1.6	3.93
3088	20170	-1.41	3.55
3089	20170	-1.22	3.14
3090	20170	-1.05	2.71
3091	20170	-0.88	2.29
3092	20170	-0.71	1.87
3093	20170	-0.52	1.48
3094	20170	-0.24	1.13
3095	20170	0.04	0.77
3108	20168	5.69	-8.04
3109	20168	5.46	-7.71
3110	20168	5.23	-7.38
3111	20168	5.0	-7.06
3112	20168	4.77	-6.73
3113	20168	4.53	-6.4
3114	20168	4.3	-6.08
3115	20168	4.07	-5.75
3116	20168	3.84	-5.43
3108	20170	-3.64	8.3
3109	20170	-3.48	7.94
3110	20170	-3.32	7.57
3111	20170	-3.16	7.2
3112	20170	-3.0	6.84
3113	20170	-2.84	6.47
3114	20170	-2.67	6.1
3115	20170	-2.51	5.74
3116	20170	-2.34	5.38
3129	20168	4.3	-6.08
3130	20168	4.07	-5.75
3131	20168	3.84	-5.43
3132	20168	3.61	-5.1
3133	20168	3.38	-4.77
3134	20168	3.15	-4.45
3135	20168	2.92	-4.12
3136	20168	2.69	-3.79
3137	20168	2.42	-3.46
3129	20170	-2.67	6.1
3130	20170	-2.51	5.74
3131	20170	-2.34	5.38
3132	20170	-2.17	5.01
3133	20170	-1.99	4.66
3134	20170	-1.8	4.29
3135	20170	-1.6	3.93
3136	20170	-1.41	3.55
3137	20170	-1.22	3.14
3150	20168	5.69	-8.04
3151	20168	5.46	-7.71
3152	20168	5.23	-7.38
3153	20168	5.0	-7.06
3154	20168	4.77	-6.73
3155	20168	4.53	-6.4
3156	20168	4.3	-6.08
3157	20168	4.07	-5.75
3158	20168	3.84	-5.43
3150	20170	-3.64	8.3
3151	20170	-3.48	7.94
3152	20170	-3.32	7.57
3153	20170	-3.16	7.2
3154	20170	-3.0	6.84
3155	20170	-2.84	6.47
3156	20170	-2.67	6.1
3157	20170	-2.51	5.74
3158	20170	-2.34	5.38
3171	20168	5.0	-7.06
3172	20168	4.77	-6.73
3173	20168	4.53	-6.4
3174	20168	4.3	-6.08
3175	20168	4.07	-5.75
3176	20168	3.84	-5.43
3177	20168	3.61	-5.1
3178	20168	3.38	-4.77
3179	20168	3.15	-4.45
3171	20170	-3.16	7.2
3172	20170	-3.0	6.84
3173	20170	-2.84	6.47
3174	20170	-2.67	6.1
3175	20170	-2.51	5.74
3176	20170	-2.34	5.38
3177	20170	-2.17	5.01
3178	20170	-1.99	4.66
3179	20170	-1.8	4.29
3192	20168	4.3	-6.08
3193	20168	4.07	-5.75
3194	20168	3.84	-5.43
3195	20168	3.61	-5.1
3196	20168	3.38	-4.77
3197	20168	3.15	-4.45
3198	20168	2.92	-4.12
3199	20168	2.69	-3.79
3200	20168	2.42	-3.46
3192	20170	-2.67	6.1
3193	20170	-2.51	5.74
3194	20170	-2.34	5.38
3195	20170	-2.17	5.01
3196	20170	-1.99	4.66
3197	20170	-1.8	4.29
3198	20170	-1.6	3.93
3199	20170	-1.41	3.55
3200	20170	-1.22	3.14
3213	20168	3.61	-5.1
3214	20168	3.38	-4.77
3215	20168	3.15	-4.45
3216	20168	2.92	-4.12
3217	20168	2.69	-3.79
3218	20168	2.42	-3.46
3219	20168	2.14	-3.12
3220	20168	1.86	-2.78
3221	20168	1.58	-2.44
3213	20170	-2.17	5.01
3214	20170	-1.99	4.66
3215	20170	-1.8	4.29
3216	20170	-1.6	3.93
3217	20170	-1.41	3.55
3218	20170	-1.22	3.14
3219	20170	-1.05	2.71
3220	20170	-0.88	2.29
3221	20170	-0.71	1.87
3234	20168	1.3	-2.11
3235	20168	0.96	-1.84
3236	20168	0.6	-1.65
3237	20168	0.23	-1.47
3238	20168	-0.13	-1.28
3239	20168	-0.49	-1.1
3240	20168	-0.87	-0.87
3241	20168	-1.27	-0.58
3242	20168	-1.66	-0.29
3234	20170	-0.52	1.48
3235	20170	-0.24	1.13
3236	20170	0.04	0.77
3237	20170	0.33	0.42
3238	20170	0.61	0.06
3239	20170	0.9	-0.29
3240	20170	1.13	-0.71
3241	20170	1.32	-1.13
3242	20170	1.48	-1.54
3255	20168	0.23	-1.47
3256	20168	-0.13	-1.28
3257	20168	-0.49	-1.1
3258	20168	-0.87	-0.87
3259	20168	-1.27	-0.58
3260	20168	-1.66	-0.29
3261	20168	-2.06	0.0
3262	20168	-2.45	0.3
3263	20168	-2.81	0.62
3255	20170	0.33	0.42
3256	20170	0.61	0.06
3257	20170	0.9	-0.29
3258	20170	1.13	-0.71
3259	20170	1.32	-1.13
3260	20170	1.48	-1.54
3261	20170	1.6	-1.93
3262	20170	1.73	-2.31
3263	20170	1.85	-2.69
3276	20168	5.69	-8.04
3277	20168	5.46	-7.71
3278	20168	5.23	-7.38
3279	20168	5.0	-7.06
3280	20168	4.77	-6.73
3281	20168	4.53	-6.4
3282	20168	4.3	-6.08
3283	20168	4.07	-5.75
3284	20168	3.84	-5.43
3276	20170	-3.64	8.3
3277	20170	-3.48	7.94
3278	20170	-3.32	7.57
3279	20170	-3.16	7.2
3280	20170	-3.0	6.84
3281	20170	-2.84	6.47
3282	20170	-2.67	6.1
3283	20170	-2.51	5.74
3284	20170	-2.34	5.38
3297	20168	4.3	-6.08
3298	20168	4.07	-5.75
3299	20168	3.84	-5.43
3300	20168	3.61	-5.1
3301	20168	3.38	-4.77
3302	20168	3.15	-4.45
3303	20168	2.92	-4.12
3304	20168	2.69	-3.79
3305	20168	2.42	-3.46
3297	20170	-2.67	6.1
3298	20170	-2.51	5.74
3299	20170	-2.34	5.38
3300	20170	-2.17	5.01
3301	20170	-1.99	4.66
3302	20170	-1.8	4.29
3303	20170	-1.6	3.93
3304	20170	-1.41	3.55
3305	20170	-1.22	3.14
3318	20175	1.61	3.02
3319	20175	1.42	2.67
3320	20175	1.23	2.29
3321	20175	0.99	1.85
3322	20175	0.62	1.37
3323	20175	0.2	0.95
3324	20175	-0.22	0.52
3325	20175	-0.64	0.15
3326	20175	-1.01	-0.18
3339	20175	1.61	3.02
3340	20175	1.42	2.67
3341	20175	1.23	2.29
3342	20175	0.99	1.85
3343	20175	0.62	1.37
3344	20175	0.2	0.95
3345	20175	-0.22	0.52
3346	20175	-0.64	0.15
3347	20175	-1.01	-0.18
3360	20185	-2.46	4.44
3361	20185	-2.3	4.12
3362	20185	-2.14	3.82
3363	20185	-1.97	3.53
3364	20185	-1.81	3.26
3365	20185	-1.66	3.0
3366	20185	-1.52	2.7
3367	20185	-1.37	2.4
3368	20185	-1.22	2.1
3381	20185	-0.12	0.02
3382	20185	0.05	-0.28
3383	20185	0.21	-0.57
3384	20185	0.37	-0.86
3385	20185	0.54	-1.16
3386	20185	0.71	-1.46
3387	20185	0.9	-1.78
3388	20185	1.1	-2.13
3389	20185	1.3	-2.47
3402	20185	-1.52	2.7
3403	20185	-1.37	2.4
3404	20185	-1.22	2.1
3405	20185	-1.07	1.8
3406	20185	-0.91	1.5
3407	20185	-0.75	1.2
3408	20185	-0.59	0.91
3409	20185	-0.43	0.61
3410	20185	-0.28	0.31
3423	20185	-1.07	1.8
3424	20185	-0.91	1.5
3425	20185	-0.75	1.2
3426	20185	-0.59	0.91
3427	20185	-0.43	0.61
3428	20185	-0.28	0.31
3429	20185	-0.12	0.02
3430	20185	0.05	-0.28
3431	20185	0.21	-0.57
3486	20194	-4.23	5.13
3487	20194	-3.98	4.82
3488	20194	-3.72	4.51
3489	20194	-3.47	4.2
3490	20194	-3.21	3.89
3491	20194	-2.96	3.58
3492	20194	-2.68	3.27
3493	20194	-2.4	2.95
3494	20194	-2.13	2.61
3507	20194	-4.23	5.13
3508	20194	-3.98	4.82
3509	20194	-3.72	4.51
3510	20194	-3.47	4.2
3511	20194	-3.21	3.89
3512	20194	-2.96	3.58
3513	20194	-2.68	3.27
3514	20194	-2.4	2.95
3515	20194	-2.13	2.61
3528	20194	-1.06	1.1
3529	20194	-0.84	0.58
3530	20194	-0.61	0.03
3531	20194	-0.38	-0.49
3532	20194	-0.14	-0.98
3533	20194	0.13	-1.45
3534	20194	0.42	-1.76
3535	20194	0.7	-2.04
3536	20194	0.99	-2.32
3549	20194	0.42	-1.76
3550	20194	0.7	-2.04
3551	20194	0.99	-2.32
3552	20194	1.27	-2.6
3553	20194	1.55	-2.88
3554	20194	1.84	-3.16
3555	20194	2.12	-3.44
3556	20194	2.41	-3.73
3557	20194	2.69	-4.01
3570	20194	1.27	-2.6
3571	20194	1.55	-2.88
3572	20194	1.84	-3.16
3573	20194	2.12	-3.44
3574	20194	2.41	-3.73
3575	20194	2.69	-4.01
3576	20194	2.98	-4.29
3577	20194	3.26	-4.57
3578	20194	3.55	-4.85
3591	20194	2.12	-3.44
3592	20194	2.41	-3.73
3593	20194	2.69	-4.01
3594	20194	2.98	-4.29
3595	20194	3.26	-4.57
3596	20194	3.55	-4.85
3597	20194	3.83	-5.13
3598	20194	4.12	-5.41
3599	20194	4.4	-5.69
3696	20204	1.39	-2.03
3697	20204	1.4	-1.71
3698	20204	1.44	-1.35
3699	20204	1.5	-0.99
3700	20204	1.56	-0.63
3701	20204	1.63	-0.29
3702	20204	1.69	0.02
3703	20204	1.7	0.29
3704	20204	1.57	0.51
3717	20207	-9.68	-0.35
3718	20207	-9.28	-0.34
3719	20207	-8.88	-0.32
3720	20207	-8.48	-0.31
3721	20207	-8.09	-0.29
3722	20207	-7.69	-0.28
3723	20207	-7.29	-0.26
3724	20207	-6.89	-0.25
3725	20207	-6.49	-0.24
3717	20210	-2.45	9.78
3718	20210	-2.35	9.39
3719	20210	-2.25	9.0
3720	20210	-2.16	8.61
3721	20210	-2.06	8.22
3722	20210	-1.96	7.84
3723	20210	-1.87	7.45
3724	20210	-1.77	7.06
3725	20210	-1.67	6.67
3738	20207	-6.09	-0.21
3739	20207	-5.69	-0.19
3740	20207	-5.29	-0.15
3741	20207	-4.88	-0.11
3742	20207	-4.48	-0.06
3743	20207	-4.06	-0.02
3744	20207	-3.63	0.02
3745	20207	-3.2	0.06
3746	20207	-2.75	0.07
3738	20210	-1.57	6.28
3739	20210	-1.48	5.9
3740	20210	-1.38	5.51
3741	20210	-1.28	5.12
3742	20210	-1.19	4.73
3743	20210	-1.09	4.34
3744	20210	-0.99	3.96
3745	20210	-0.89	3.57
3746	20210	-0.82	3.21
3759	20207	-6.09	-0.21
3760	20207	-5.69	-0.19
3761	20207	-5.29	-0.15
3762	20207	-4.88	-0.11
3763	20207	-4.48	-0.06
3764	20207	-4.06	-0.02
3765	20207	-3.63	0.02
3766	20207	-3.2	0.06
3767	20207	-2.75	0.07
3759	20210	-1.57	6.28
3760	20210	-1.48	5.9
3761	20210	-1.38	5.51
3762	20210	-1.28	5.12
3763	20210	-1.19	4.73
3764	20210	-1.09	4.34
3765	20210	-0.99	3.96
3766	20210	-0.89	3.57
3767	20210	-0.82	3.21
3780	20207	-7.29	-0.26
3781	20207	-6.89	-0.25
3782	20207	-6.49	-0.24
3783	20207	-6.09	-0.21
3784	20207	-5.69	-0.19
3785	20207	-5.29	-0.15
3786	20207	-4.88	-0.11
3787	20207	-4.48	-0.06
3788	20207	-4.06	-0.02
3780	20210	-1.87	7.45
3781	20210	-1.77	7.06
3782	20210	-1.67	6.67
3783	20210	-1.57	6.28
3784	20210	-1.48	5.9
3785	20210	-1.38	5.51
3786	20210	-1.28	5.12
3787	20210	-1.19	4.73
3788	20210	-1.09	4.34
3801	20207	-3.63	0.02
3802	20207	-3.2	0.06
3803	20207	-2.75	0.07
3804	20207	-2.22	-0.03
3805	20207	-1.7	-0.14
3806	20207	-1.18	-0.1
3807	20207	-0.63	-0.1
3808	20207	-0.11	-0.07
3809	20207	0.36	-0.01
3801	20210	-0.99	3.96
3802	20210	-0.89	3.57
3803	20210	-0.82	3.21
3804	20210	-0.74	2.84
3805	20210	-0.68	2.46
3806	20210	-0.68	2.16
3807	20210	-0.69	1.88
3808	20210	-0.69	1.62
3809	20210	-0.69	1.36
3885	20215	2.49	-0.51
3886	20215	2.09	-0.51
3887	20215	1.66	-0.62
3888	20215	1.24	-0.74
3889	20215	0.81	-0.86
3890	20215	0.38	-0.98
3891	20215	-0.04	-1.1
3892	20215	-0.46	-1.16
3893	20215	-0.86	-1.09
3885	20216	2.42	0.99
3886	20216	2.08	0.96
3887	20216	1.78	0.99
3888	20216	1.47	1.03
3889	20216	1.17	1.06
3890	20216	0.88	1.09
3891	20216	0.58	1.12
3892	20216	0.27	1.08
3893	20216	-0.07	0.93
3885	20217	-1.87	1.68
3886	20217	-1.51	1.37
3887	20217	-1.23	1.12
3888	20217	-0.96	0.87
3889	20217	-0.69	0.63
3890	20217	-0.42	0.39
3891	20217	-0.16	0.14
3892	20217	0.13	-0.11
3893	20217	0.43	-0.38
3906	20215	1.24	-0.74
3907	20215	0.81	-0.86
3908	20215	0.38	-0.98
3909	20215	-0.04	-1.1
3910	20215	-0.46	-1.16
3911	20215	-0.86	-1.09
3912	20215	-1.25	-1.02
3913	20215	-1.65	-0.95
3914	20215	-2.04	-0.88
3906	20216	1.47	1.03
3907	20216	1.17	1.06
3908	20216	0.88	1.09
3909	20216	0.58	1.12
3910	20216	0.27	1.08
3911	20216	-0.07	0.93
3912	20216	-0.41	0.78
3913	20216	-0.75	0.63
3914	20216	-1.1	0.5
3906	20217	-0.96	0.87
3907	20217	-0.69	0.63
3908	20217	-0.42	0.39
3909	20217	-0.16	0.14
3910	20217	0.13	-0.11
3911	20217	0.43	-0.38
3912	20217	0.73	-0.65
3913	20217	1.02	-0.92
3914	20217	1.32	-1.18
3927	20215	7.2	-0.37
3928	20215	6.8	-0.36
3929	20215	6.4	-0.36
3930	20215	6.0	-0.36
3931	20215	5.6	-0.36
3932	20215	5.2	-0.37
3933	20215	4.8	-0.38
3934	20215	4.4	-0.39
3935	20215	3.99	-0.41
3927	20216	7.0	1.96
3928	20216	6.62	1.86
3929	20216	6.23	1.77
3930	20216	5.85	1.68
3931	20216	5.46	1.6
3932	20216	5.08	1.52
3933	20216	4.69	1.44
3934	20216	4.31	1.37
3935	20216	3.94	1.3
3927	20217	-5.44	4.89
3928	20217	-5.15	4.63
3929	20217	-4.85	4.36
3930	20217	-4.55	4.09
3931	20217	-4.25	3.82
3932	20217	-3.96	3.56
3933	20217	-3.66	3.29
3934	20217	-3.36	3.02
3935	20217	-3.06	2.75
3948	20224	-2.8	0.51
3949	20224	-2.48	0.45
3950	20224	-2.21	0.35
3951	20224	-1.94	0.25
3952	20224	-1.68	0.12
3953	20224	-1.42	-0.01
3954	20224	-1.16	-0.13
3955	20224	-0.89	-0.25
3956	20224	-0.63	-0.38
3969	20224	-7.19	1.14
3970	20224	-6.79	1.08
3971	20224	-6.4	1.02
3972	20224	-6.0	0.95
3973	20224	-5.61	0.89
3974	20224	-5.22	0.85
3975	20224	-4.83	0.81
3976	20224	-4.45	0.78
3977	20224	-4.08	0.75
3990	20224	-9.56	1.52
3991	20224	-9.16	1.46
3992	20224	-8.77	1.39
3993	20224	-8.37	1.33
3994	20224	-7.98	1.27
3995	20224	-7.58	1.21
3996	20224	-7.19	1.14
3997	20224	-6.79	1.08
3998	20224	-6.4	1.02
4011	20224	-3.74	0.71
4012	20224	-3.42	0.64
4013	20224	-3.1	0.57
4014	20224	-2.8	0.51
4015	20224	-2.48	0.45
4016	20224	-2.21	0.35
4017	20224	-1.94	0.25
4018	20224	-1.68	0.12
4019	20224	-1.42	-0.01
4032	20224	-2.8	0.51
4033	20224	-2.48	0.45
4034	20224	-2.21	0.35
4035	20224	-1.94	0.25
4036	20224	-1.68	0.12
4037	20224	-1.42	-0.01
4038	20224	-1.16	-0.13
4039	20224	-0.89	-0.25
4040	20224	-0.63	-0.38
4053	20224	-0.37	-0.51
4054	20224	-0.1	-0.63
4055	20224	0.21	-0.75
4056	20224	0.6	-0.86
4057	20224	1.01	-0.96
4058	20224	1.43	-1.06
4059	20224	1.84	-1.11
4060	20224	2.23	-1.14
4061	20224	2.63	-1.16
4074	20224	-8.37	1.33
4075	20224	-7.98	1.27
4076	20224	-7.58	1.21
4077	20224	-7.19	1.14
4078	20224	-6.79	1.08
4079	20224	-6.4	1.02
4080	20224	-6.0	0.95
4081	20224	-5.61	0.89
4082	20224	-5.22	0.85
4095	20224	-7.19	1.14
4096	20224	-6.79	1.08
4097	20224	-6.4	1.02
4098	20224	-6.0	0.95
4099	20224	-5.61	0.89
4100	20224	-5.22	0.85
4101	20224	-4.83	0.81
4102	20224	-4.45	0.78
4103	20224	-4.08	0.75
4179	20235	-0.28	2.86
4180	20235	-0.3	2.57
4181	20235	-0.33	2.28
4182	20235	-0.35	1.99
4183	20235	-0.37	1.7
4184	20235	-0.39	1.41
4185	20235	-0.41	1.12
4186	20235	-0.42	0.83
4187	20235	-0.44	0.54
4242	20246	6.04	-2.63
4243	20246	5.68	-2.47
4244	20246	5.31	-2.31
4245	20246	4.94	-2.15
4246	20246	4.57	-1.99
4247	20246	4.21	-1.83
4248	20246	3.84	-1.67
4249	20246	3.47	-1.51
4250	20246	3.06	-1.36
4263	20246	3.84	-1.67
4264	20246	3.47	-1.51
4265	20246	3.06	-1.36
4266	20246	2.66	-1.22
4267	20246	2.25	-1.07
4268	20246	1.84	-0.92
4269	20246	1.45	-0.83
4270	20246	1.09	-0.83
4271	20246	0.74	-0.83
4284	20246	7.14	-3.1
4285	20246	6.78	-2.94
4286	20246	6.41	-2.78
4287	20246	6.04	-2.63
4288	20246	5.68	-2.47
4289	20246	5.31	-2.31
4290	20246	4.94	-2.15
4291	20246	4.57	-1.99
4292	20246	4.21	-1.83
4305	20246	6.04	-2.63
4306	20246	5.68	-2.47
4307	20246	5.31	-2.31
4308	20246	4.94	-2.15
4309	20246	4.57	-1.99
4310	20246	4.21	-1.83
4311	20246	3.84	-1.67
4312	20246	3.47	-1.51
4313	20246	3.06	-1.36
4326	20253	1.8	-0.27
4327	20253	1.8	-0.5
4328	20253	1.77	-0.73
4329	20253	1.72	-0.95
4330	20253	1.63	-1.15
4331	20253	1.49	-1.34
4332	20253	1.3	-1.54
4333	20253	1.07	-1.78
4334	20253	0.81	-2.07
4326	20254	-0.43	-1.01
4327	20254	-0.37	-1.43
4328	20254	-0.31	-1.85
4329	20254	-0.25	-2.27
4330	20254	-0.18	-2.7
4331	20254	-0.11	-3.12
4332	20254	-0.02	-3.55
4333	20254	0.08	-3.97
4334	20254	0.18	-4.38
4347	20253	1.45	1.84
4348	20253	1.5	1.6
4349	20253	1.55	1.37
4350	20253	1.6	1.14
4351	20253	1.65	0.9
4352	20253	1.69	0.67
4353	20253	1.74	0.43
4354	20253	1.78	0.2
4355	20253	1.8	-0.03
4347	20254	-0.9	2.73
4348	20254	-0.85	2.32
4349	20254	-0.8	1.9
4350	20254	-0.74	1.49
4351	20254	-0.69	1.07
4352	20254	-0.64	0.66
4353	20254	-0.59	0.24
4354	20254	-0.53	-0.18
4355	20254	-0.48	-0.59
4368	20253	2.36	3.93
4369	20253	2.17	3.56
4370	20253	1.97	3.19
4371	20253	1.77	2.82
4372	20253	1.57	2.45
4373	20253	1.37	2.07
4374	20253	1.45	1.84
4375	20253	1.5	1.6
4376	20253	1.55	1.37
4368	20254	-1.13	4.99
4369	20254	-1.08	4.59
4370	20254	-1.04	4.22
4371	20254	-1.01	3.85
4372	20254	-0.98	3.49
4373	20254	-0.94	3.13
4374	20254	-0.9	2.73
4375	20254	-0.85	2.32
4376	20254	-0.8	1.9
4431	20262	8.57	-1.04
4432	20262	8.17	-1.0
4433	20262	7.77	-0.95
4434	20262	7.38	-0.9
4435	20262	6.98	-0.85
4436	20262	6.58	-0.8
4437	20262	6.19	-0.75
4438	20262	5.79	-0.71
4439	20262	5.39	-0.66
4452	20262	9.76	-1.19
4453	20262	9.36	-1.14
4454	20262	8.97	-1.09
4455	20262	8.57	-1.04
4456	20262	8.17	-1.0
4457	20262	7.77	-0.95
4458	20262	7.38	-0.9
4459	20262	6.98	-0.85
4460	20262	6.58	-0.8
4473	20262	7.38	-0.9
4474	20262	6.98	-0.85
4475	20262	6.58	-0.8
4476	20262	6.19	-0.75
4477	20262	5.79	-0.71
4478	20262	5.39	-0.66
4479	20262	4.99	-0.61
4480	20262	4.6	-0.56
4481	20262	4.2	-0.51
4494	20262	2.77	-0.02
4495	20262	2.53	0.18
4496	20262	2.29	0.25
4497	20262	2.05	0.27
4498	20262	1.81	0.28
4499	20262	1.58	0.3
4500	20262	1.34	0.31
4501	20262	1.1	0.33
4502	20262	0.87	0.34
4515	20262	8.57	-1.04
4516	20262	8.17	-1.0
4517	20262	7.77	-0.95
4518	20262	7.38	-0.9
4519	20262	6.98	-0.85
4520	20262	6.58	-0.8
4521	20262	6.19	-0.75
4522	20262	5.79	-0.71
4523	20262	5.39	-0.66
4536	20262	7.38	-0.9
4537	20262	6.98	-0.85
4538	20262	6.58	-0.8
4539	20262	6.19	-0.75
4540	20262	5.79	-0.71
4541	20262	5.39	-0.66
4542	20262	4.99	-0.61
4543	20262	4.6	-0.56
4544	20262	4.2	-0.51
4557	20262	2.05	0.27
4558	20262	1.81	0.28
4559	20262	1.58	0.3
4560	20262	1.34	0.31
4561	20262	1.1	0.33
4562	20262	0.87	0.34
4563	20262	0.63	0.36
4564	20262	0.37	0.36
4565	20262	0.01	0.37
4893	20285	-1.66	-0.49
4894	20285	-1.87	-0.18
4895	20285	-2.08	0.12
4896	20285	-2.2	0.39
4897	20285	-2.26	0.65
4898	20285	-2.33	0.91
4899	20285	-2.41	1.17
4900	20285	-2.48	1.44
4901	20285	-2.55	1.7
4914	20285	-2.2	0.39
4915	20285	-2.26	0.65
4916	20285	-2.33	0.91
4917	20285	-2.41	1.17
4918	20285	-2.48	1.44
4919	20285	-2.55	1.7
4920	20285	-2.58	1.97
4921	20285	-2.56	2.24
4922	20285	-2.54	2.51
4935	20290	-5.09	-5.4
4936	20290	-4.81	-5.12
4937	20290	-4.54	-4.84
4938	20290	-4.27	-4.57
4939	20290	-4.0	-4.29
4940	20290	-3.73	-4.02
4941	20290	-3.46	-3.75
4942	20290	-3.2	-3.47
4943	20290	-2.94	-3.2
4956	20290	-1.88	-2.1
4957	20290	-1.6	-1.83
4958	20290	-1.28	-1.59
4959	20290	-0.94	-1.36
4960	20290	-0.59	-1.15
4961	20290	-0.24	-0.93
4962	20290	0.11	-0.71
4963	20290	0.46	-0.5
4964	20290	0.79	-0.27
4977	20290	-2.67	-2.92
4978	20290	-2.41	-2.65
4979	20290	-2.14	-2.38
4980	20290	-1.88	-2.1
4981	20290	-1.6	-1.83
4982	20290	-1.28	-1.59
4983	20290	-0.94	-1.36
4984	20290	-0.59	-1.15
4985	20290	-0.24	-0.93
5145	20305	2.29	1.46
5146	20305	2.04	1.25
5147	20305	1.82	1.04
5148	20305	1.6	0.83
5149	20305	1.37	0.63
5150	20305	1.15	0.42
5151	20305	0.93	0.22
5152	20305	0.71	0.02
5153	20305	0.49	-0.18
5166	20310	-5.27	-4.98
5167	20310	-4.98	-4.7
5168	20310	-4.69	-4.43
5169	20310	-4.39	-4.16
5170	20310	-4.1	-3.89
5171	20310	-3.79	-3.63
5172	20310	-3.49	-3.38
5173	20310	-3.17	-3.13
5174	20310	-2.85	-2.87
5187	20310	0.0	-1.04
5188	20310	0.4	-0.87
5189	20310	0.8	-0.71
5190	20310	1.2	-0.54
5191	20310	1.6	-0.38
5192	20310	1.98	-0.19
5193	20310	2.22	0.13
5194	20310	2.46	0.45
5195	20310	2.7	0.77
5208	20310	-5.27	-4.98
5209	20310	-4.98	-4.7
5210	20310	-4.69	-4.43
5211	20310	-4.39	-4.16
5212	20310	-4.1	-3.89
5213	20310	-3.79	-3.63
5214	20310	-3.49	-3.38
5215	20310	-3.17	-3.13
5216	20310	-2.85	-2.87
5229	20310	-4.39	-4.16
5230	20310	-4.1	-3.89
5231	20310	-3.79	-3.63
5232	20310	-3.49	-3.38
5233	20310	-3.17	-3.13
5234	20310	-2.85	-2.87
5235	20310	-2.52	-2.59
5236	20310	-2.19	-2.28
5237	20310	-1.76	-1.97
5250	20310	-6.14	-5.8
5251	20310	-5.85	-5.53
5252	20310	-5.56	-5.25
5253	20310	-5.27	-4.98
5254	20310	-4.98	-4.7
5255	20310	-4.69	-4.43
5256	20310	-4.39	-4.16
5257	20310	-4.1	-3.89
5258	20310	-3.79	-3.63
5271	20310	-5.27	-4.98
5272	20310	-4.98	-4.7
5273	20310	-4.69	-4.43
5274	20310	-4.39	-4.16
5275	20310	-4.1	-3.89
5276	20310	-3.79	-3.63
5277	20310	-3.49	-3.38
5278	20310	-3.17	-3.13
5279	20310	-2.85	-2.87
5292	20310	-4.39	-4.16
5293	20310	-4.1	-3.89
5294	20310	-3.79	-3.63
5295	20310	-3.49	-3.38
5296	20310	-3.17	-3.13
5297	20310	-2.85	-2.87
5298	20310	-2.52	-2.59
5299	20310	-2.19	-2.28
5300	20310	-1.76	-1.97
5880	20345	7.67	-5.5
5881	20345	7.35	-5.27
5882	20345	7.02	-5.04
5883	20345	6.7	-4.8
5884	20345	6.37	-4.57
5885	20345	6.05	-4.34
5886	20345	5.72	-4.1
5887	20345	5.4	-3.87
5888	20345	5.07	-3.64
5901	20345	5.72	-4.1
5902	20345	5.4	-3.87
5903	20345	5.07	-3.64
5904	20345	4.75	-3.4
5905	20345	4.43	-3.16
5906	20345	4.12	-2.91
5907	20345	3.82	-2.66
5908	20345	3.49	-2.38
5909	20345	3.15	-2.09
5922	20345	2.82	-1.8
5923	20345	2.52	-1.54
5924	20345	2.23	-1.28
5925	20345	1.91	-1.04
5926	20345	1.6	-0.82
5927	20345	1.31	-0.62
5928	20345	1.02	-0.41
5929	20345	0.73	-0.2
5930	20345	0.44	0.0
5943	20345	1.91	-1.04
5944	20345	1.6	-0.82
5945	20345	1.31	-0.62
5946	20345	1.02	-0.41
5947	20345	0.73	-0.2
5948	20345	0.44	0.0
5949	20345	0.16	0.21
5950	20345	-0.13	0.42
5951	20345	-0.46	0.65
5964	20345	7.67	-5.5
5965	20345	7.35	-5.27
5966	20345	7.02	-5.04
5967	20345	6.7	-4.8
5968	20345	6.37	-4.57
5969	20345	6.05	-4.34
5970	20345	5.72	-4.1
5971	20345	5.4	-3.87
5972	20345	5.07	-3.64
5985	20345	4.75	-3.4
5986	20345	4.43	-3.16
5987	20345	4.12	-2.91
5988	20345	3.82	-2.66
5989	20345	3.49	-2.38
5990	20345	3.15	-2.09
5991	20345	2.82	-1.8
5992	20345	2.52	-1.54
5993	20345	2.23	-1.28
6006	20345	2.82	-1.8
6007	20345	2.52	-1.54
6008	20345	2.23	-1.28
6009	20345	1.91	-1.04
6010	20345	1.6	-0.82
6011	20345	1.31	-0.62
6012	20345	1.02	-0.41
6013	20345	0.73	-0.2
6014	20345	0.44	0.0
6027	20345	4.75	-3.4
6028	20345	4.43	-3.16
6029	20345	4.12	-2.91
6030	20345	3.82	-2.66
6031	20345	3.49	-2.38
6032	20345	3.15	-2.09
6033	20345	2.82	-1.8
6034	20345	2.52	-1.54
6035	20345	2.23	-1.28
6048	20345	2.82	-1.8
6049	20345	2.52	-1.54
6050	20345	2.23	-1.28
6051	20345	1.91	-1.04
6052	20345	1.6	-0.82
6053	20345	1.31	-0.62
6054	20345	1.02	-0.41
6055	20345	0.73	-0.2
6056	20345	0.44	0.0
6069	20345	1.91	-1.04
6070	20345	1.6	-0.82
6071	20345	1.31	-0.62
6072	20345	1.02	-0.41
6073	20345	0.73	-0.2
6074	20345	0.44	0.0
6075	20345	0.16	0.21
6076	20345	-0.13	0.42
6077	20345	-0.46	0.65
6216	20352	1.82	-8.73
6217	20352	1.74	-8.34
6218	20352	1.66	-7.94
6219	20352	1.58	-7.55
6220	20352	1.5	-7.16
6221	20352	1.42	-6.77
6222	20352	1.35	-6.38
6223	20352	1.28	-6.0
6224	20352	1.22	-5.61
6237	20352	0.98	-4.13
6238	20352	0.89	-3.8
6239	20352	0.84	-3.48
6240	20352	0.78	-3.14
6241	20352	0.72	-2.81
6242	20352	0.67	-2.5
6243	20352	0.62	-2.2
6244	20352	0.56	-1.91
6245	20352	0.49	-1.61
6384	20363	-2.67	-3.69
6385	20363	-2.41	-3.36
6386	20363	-2.15	-3.05
6387	20363	-1.88	-2.73
6388	20363	-1.6	-2.41
6389	20363	-1.35	-1.98
6390	20363	-1.09	-1.56
6391	20363	-0.81	-1.09
6392	20363	-0.46	-0.65
6384	20366	-5.07	-0.95
6385	20366	-4.68	-0.83
6386	20366	-4.31	-0.72
6387	20366	-3.94	-0.6
6388	20366	-3.58	-0.49
6389	20366	-3.21	-0.37
6390	20366	-2.85	-0.25
6391	20366	-2.46	-0.18
6392	20366	-1.98	-0.06
6405	20363	-3.44	-4.67
6406	20363	-3.18	-4.34
6407	20363	-2.93	-4.02
6408	20363	-2.67	-3.69
6409	20363	-2.41	-3.36
6410	20363	-2.15	-3.05
6411	20363	-1.88	-2.73
6412	20363	-1.6	-2.41
6413	20363	-1.35	-1.98
6405	20366	-6.23	-1.28
6406	20366	-5.85	-1.17
6407	20366	-5.46	-1.06
6408	20366	-5.07	-0.95
6409	20366	-4.68	-0.83
6410	20366	-4.31	-0.72
6411	20366	-3.94	-0.6
6412	20366	-3.58	-0.49
6413	20366	-3.21	-0.37
6426	20363	-3.44	-4.67
6427	20363	-3.18	-4.34
6428	20363	-2.93	-4.02
6429	20363	-2.67	-3.69
6430	20363	-2.41	-3.36
6431	20363	-2.15	-3.05
6432	20363	-1.88	-2.73
6433	20363	-1.6	-2.41
6434	20363	-1.35	-1.98
6426	20366	-6.23	-1.28
6427	20366	-5.85	-1.17
6428	20366	-5.46	-1.06
6429	20366	-5.07	-0.95
6430	20366	-4.68	-0.83
6431	20366	-4.31	-0.72
6432	20366	-3.94	-0.6
6433	20366	-3.58	-0.49
6434	20366	-3.21	-0.37
6447	20363	-1.88	-2.73
6448	20363	-1.6	-2.41
6449	20363	-1.35	-1.98
6450	20363	-1.09	-1.56
6451	20363	-0.81	-1.09
6452	20363	-0.46	-0.65
6453	20363	-0.09	-0.23
6454	20363	0.32	0.16
6455	20363	0.72	0.55
6447	20366	-3.94	-0.6
6448	20366	-3.58	-0.49
6449	20366	-3.21	-0.37
6450	20366	-2.85	-0.25
6451	20366	-2.46	-0.18
6452	20366	-1.98	-0.06
6453	20366	-1.5	0.08
6454	20366	-1.0	0.24
6455	20366	-0.51	0.4
6468	20363	-1.88	-2.73
6469	20363	-1.6	-2.41
6470	20363	-1.35	-1.98
6471	20363	-1.09	-1.56
6472	20363	-0.81	-1.09
6473	20363	-0.46	-0.65
6474	20363	-0.09	-0.23
6475	20363	0.32	0.16
6476	20363	0.72	0.55
6468	20366	-3.94	-0.6
6469	20366	-3.58	-0.49
6470	20366	-3.21	-0.37
6471	20366	-2.85	-0.25
6472	20366	-2.46	-0.18
6473	20366	-1.98	-0.06
6474	20366	-1.5	0.08
6475	20366	-1.0	0.24
6476	20366	-0.51	0.4
6489	20368	-1.89	5.6
6490	20368	-1.77	5.22
6491	20368	-1.64	4.84
6492	20368	-1.51	4.46
6493	20368	-1.38	4.08
6494	20368	-1.26	3.71
6495	20368	-1.16	3.38
6496	20368	-1.08	3.04
6497	20368	-1.04	2.66
6489	20369	-6.24	-1.59
6490	20369	-5.86	-1.5
6491	20369	-5.48	-1.41
6492	20369	-5.11	-1.32
6493	20369	-4.74	-1.22
6494	20369	-4.39	-1.11
6495	20369	-4.04	-1.03
6496	20369	-3.66	-0.93
6497	20369	-3.27	-0.82
6489	20370	4.86	4.24
6490	20370	4.56	3.97
6491	20370	4.26	3.71
6492	20370	3.96	3.45
6493	20370	3.65	3.19
6494	20370	3.35	2.92
6495	20370	3.05	2.66
6496	20370	2.76	2.41
6497	20370	2.49	2.2
6510	20368	-1.89	5.6
6511	20368	-1.77	5.22
6512	20368	-1.64	4.84
6513	20368	-1.51	4.46
6514	20368	-1.38	4.08
6515	20368	-1.26	3.71
6516	20368	-1.16	3.38
6517	20368	-1.08	3.04
6518	20368	-1.04	2.66
6510	20369	-6.24	-1.59
6511	20369	-5.86	-1.5
6512	20369	-5.48	-1.41
6513	20369	-5.11	-1.32
6514	20369	-4.74	-1.22
6515	20369	-4.39	-1.11
6516	20369	-4.04	-1.03
6517	20369	-3.66	-0.93
6518	20369	-3.27	-0.82
6510	20370	4.86	4.24
6511	20370	4.56	3.97
6512	20370	4.26	3.71
6513	20370	3.96	3.45
6514	20370	3.65	3.19
6515	20370	3.35	2.92
6516	20370	3.05	2.66
6517	20370	2.76	2.41
6518	20370	2.49	2.2
6531	20368	-1.51	4.46
6532	20368	-1.38	4.08
6533	20368	-1.26	3.71
6534	20368	-1.16	3.38
6535	20368	-1.08	3.04
6536	20368	-1.04	2.66
6537	20368	-1.06	2.34
6538	20368	-1.11	2.03
6539	20368	-1.15	1.73
6531	20369	-5.11	-1.32
6532	20369	-4.74	-1.22
6533	20369	-4.39	-1.11
6534	20369	-4.04	-1.03
6535	20369	-3.66	-0.93
6536	20369	-3.27	-0.82
6537	20369	-2.86	-0.73
6538	20369	-2.44	-0.65
6539	20369	-2.02	-0.57
6531	20370	3.96	3.45
6532	20370	3.65	3.19
6533	20370	3.35	2.92
6534	20370	3.05	2.66
6535	20370	2.76	2.41
6536	20370	2.49	2.2
6537	20370	2.23	1.95
6538	20370	1.97	1.72
6539	20370	1.7	1.54
6552	20368	-1.89	5.6
6553	20368	-1.77	5.22
6554	20368	-1.64	4.84
6555	20368	-1.51	4.46
6556	20368	-1.38	4.08
6557	20368	-1.26	3.71
6558	20368	-1.16	3.38
6559	20368	-1.08	3.04
6560	20368	-1.04	2.66
6552	20369	-6.24	-1.59
6553	20369	-5.86	-1.5
6554	20369	-5.48	-1.41
6555	20369	-5.11	-1.32
6556	20369	-4.74	-1.22
6557	20369	-4.39	-1.11
6558	20369	-4.04	-1.03
6559	20369	-3.66	-0.93
6560	20369	-3.27	-0.82
6552	20370	4.86	4.24
6553	20370	4.56	3.97
6554	20370	4.26	3.71
6555	20370	3.96	3.45
6556	20370	3.65	3.19
6557	20370	3.35	2.92
6558	20370	3.05	2.66
6559	20370	2.76	2.41
6560	20370	2.49	2.2
6573	20368	-1.16	3.38
6574	20368	-1.08	3.04
6575	20368	-1.04	2.66
6576	20368	-1.06	2.34
6577	20368	-1.11	2.03
6578	20368	-1.15	1.73
6579	20368	-1.17	1.41
6580	20368	-1.17	1.09
6581	20368	-1.17	0.76
6573	20369	-4.04	-1.03
6574	20369	-3.66	-0.93
6575	20369	-3.27	-0.82
6576	20369	-2.86	-0.73
6577	20369	-2.44	-0.65
6578	20369	-2.02	-0.57
6579	20369	-1.58	-0.5
6580	20369	-1.13	-0.45
6581	20369	-0.68	-0.4
6573	20370	3.05	2.66
6574	20370	2.76	2.41
6575	20370	2.49	2.2
6576	20370	2.23	1.95
6577	20370	1.97	1.72
6578	20370	1.7	1.54
6579	20370	1.39	1.4
6580	20370	1.06	1.27
6581	20370	0.73	1.15
6594	20375	-3.04	-0.64
6595	20375	-2.65	-0.56
6596	20375	-2.26	-0.48
6597	20375	-1.87	-0.39
6598	20375	-1.47	-0.22
6599	20375	-1.18	-0.12
6600	20375	-0.89	-0.02
6601	20375	-0.59	0.09
6602	20375	-0.3	0.19
6615	20375	1.12	0.52
6616	20375	1.52	0.59
6617	20375	1.91	0.66
6618	20375	2.3	0.73
6619	20375	2.7	0.8
6620	20375	3.09	0.87
6621	20375	3.49	0.94
6622	20375	3.88	1.01
6623	20375	4.27	1.08
6636	20375	-6.56	-1.39
6637	20375	-6.17	-1.31
6638	20375	-5.78	-1.22
6639	20375	-5.39	-1.14
6640	20375	-5.0	-1.06
6641	20375	-4.61	-0.97
6642	20375	-4.21	-0.89
6643	20375	-3.82	-0.81
6644	20375	-3.43	-0.73
6657	20375	-5.39	-1.14
6658	20375	-5.0	-1.06
6659	20375	-4.61	-0.97
6660	20375	-4.21	-0.89
6661	20375	-3.82	-0.81
6662	20375	-3.43	-0.73
6663	20375	-3.04	-0.64
6664	20375	-2.65	-0.56
6665	20375	-2.26	-0.48
6846	20388	-4.93	4.05
6847	20388	-4.62	3.8
6848	20388	-4.31	3.55
6849	20388	-4.0	3.29
6850	20388	-3.69	3.04
6851	20388	-3.38	2.78
6852	20388	-3.07	2.53
6853	20388	-2.77	2.27
6854	20388	-2.46	2.02
6867	20388	-1.3	0.98
6868	20388	-0.98	0.73
6869	20388	-0.67	0.47
6870	20388	-0.36	0.22
6871	20388	-0.05	-0.03
6872	20388	0.26	-0.29
6873	20388	0.57	-0.54
6874	20388	0.88	-0.79
6875	20388	1.19	-1.04
6888	20388	-6.78	5.58
6889	20388	-6.47	5.32
6890	20388	-6.16	5.07
6891	20388	-5.85	4.82
6892	20388	-5.55	4.56
6893	20388	-5.24	4.31
6894	20388	-4.93	4.05
6895	20388	-4.62	3.8
6896	20388	-4.31	3.55
6909	20388	-6.78	5.58
6910	20388	-6.47	5.32
6911	20388	-6.16	5.07
6912	20388	-5.85	4.82
6913	20388	-5.55	4.56
6914	20388	-5.24	4.31
6915	20388	-4.93	4.05
6916	20388	-4.62	3.8
6917	20388	-4.31	3.55
6930	20388	-6.78	5.58
6931	20388	-6.47	5.32
6932	20388	-6.16	5.07
6933	20388	-5.85	4.82
6934	20388	-5.55	4.56
6935	20388	-5.24	4.31
6936	20388	-4.93	4.05
6937	20388	-4.62	3.8
6938	20388	-4.31	3.55
6951	20392	-4.11	-4.52
6952	20392	-3.84	-4.22
6953	20392	-3.57	-3.93
6954	20392	-3.3	-3.63
6955	20392	-3.03	-3.34
6956	20392	-2.77	-3.04
6957	20392	-2.5	-2.75
6958	20392	-2.23	-2.45
6959	20392	-1.98	-2.21
6972	20392	-0.84	-1.66
6973	20392	-0.57	-1.6
6974	20392	-0.31	-1.54
6975	20392	-0.05	-1.33
6976	20392	0.2	-1.01
6977	20392	0.44	-0.69
6978	20392	0.69	-0.38
6979	20392	0.94	-0.06
6980	20392	1.18	0.25
6993	20392	-6.53	-7.18
6994	20392	-6.26	-6.89
6995	20392	-5.99	-6.59
6996	20392	-5.73	-6.3
6997	20392	-5.46	-6.0
6998	20392	-5.19	-5.7
6999	20392	-4.92	-5.41
7000	20392	-4.65	-5.11
7001	20392	-4.38	-4.82
7014	20392	-4.11	-4.52
7015	20392	-3.84	-4.22
7016	20392	-3.57	-3.93
7017	20392	-3.3	-3.63
7018	20392	-3.03	-3.34
7019	20392	-2.77	-3.04
7020	20392	-2.5	-2.75
7021	20392	-2.23	-2.45
7022	20392	-1.98	-2.21
7035	20396	-1.79	-5.32
7036	20396	-1.66	-4.95
7037	20396	-1.53	-4.57
7038	20396	-1.41	-4.19
7039	20396	-1.28	-3.81
7040	20396	-1.15	-3.43
7041	20396	-1.02	-3.05
7042	20396	-0.9	-2.67
7043	20396	-0.77	-2.29
7035	20398	4.24	4.59
7036	20398	3.97	4.3
7037	20398	3.7	4.01
7038	20398	3.43	3.71
7039	20398	3.16	3.42
7040	20398	2.88	3.12
7041	20398	2.61	2.83
7042	20398	2.35	2.56
7043	20398	2.09	2.31
7056	20396	-2.17	-6.46
7057	20396	-2.04	-6.08
7058	20396	-1.91	-5.7
7059	20396	-1.79	-5.32
7060	20396	-1.66	-4.95
7061	20396	-1.53	-4.57
7062	20396	-1.41	-4.19
7063	20396	-1.28	-3.81
7064	20396	-1.15	-3.43
7056	20398	5.05	5.47
7057	20398	4.78	5.18
7058	20398	4.51	4.89
7059	20398	4.24	4.59
7060	20398	3.97	4.3
7061	20398	3.7	4.01
7062	20398	3.43	3.71
7063	20398	3.16	3.42
7064	20398	2.88	3.12
7077	20396	-2.17	-6.46
7078	20396	-2.04	-6.08
7079	20396	-1.91	-5.7
7080	20396	-1.79	-5.32
7081	20396	-1.66	-4.95
7082	20396	-1.53	-4.57
7083	20396	-1.41	-4.19
7084	20396	-1.28	-3.81
7085	20396	-1.15	-3.43
7077	20398	5.05	5.47
7078	20398	4.78	5.18
7079	20398	4.51	4.89
7080	20398	4.24	4.59
7081	20398	3.97	4.3
7082	20398	3.7	4.01
7083	20398	3.43	3.71
7084	20398	3.16	3.42
7085	20398	2.88	3.12
7098	20396	-1.41	-4.19
7099	20396	-1.28	-3.81
7100	20396	-1.15	-3.43
7101	20396	-1.02	-3.05
7102	20396	-0.9	-2.67
7103	20396	-0.77	-2.29
7104	20396	-0.52	-1.93
7105	20396	-0.22	-1.63
7106	20396	0.06	-1.41
7098	20398	3.43	3.71
7099	20398	3.16	3.42
7100	20398	2.88	3.12
7101	20398	2.61	2.83
7102	20398	2.35	2.56
7103	20398	2.09	2.31
7104	20398	1.82	2.03
7105	20398	1.52	1.7
7106	20398	1.13	1.27
7119	20396	-2.17	-6.46
7120	20396	-2.04	-6.08
7121	20396	-1.91	-5.7
7122	20396	-1.79	-5.32
7123	20396	-1.66	-4.95
7124	20396	-1.53	-4.57
7125	20396	-1.41	-4.19
7126	20396	-1.28	-3.81
7127	20396	-1.15	-3.43
7119	20398	5.05	5.47
7120	20398	4.78	5.18
7121	20398	4.51	4.89
7122	20398	4.24	4.59
7123	20398	3.97	4.3
7124	20398	3.7	4.01
7125	20398	3.43	3.71
7126	20398	3.16	3.42
7127	20398	2.88	3.12
7140	20396	-1.79	-5.32
7141	20396	-1.66	-4.95
7142	20396	-1.53	-4.57
7143	20396	-1.41	-4.19
7144	20396	-1.28	-3.81
7145	20396	-1.15	-3.43
7146	20396	-1.02	-3.05
7147	20396	-0.9	-2.67
7148	20396	-0.77	-2.29
7140	20398	4.24	4.59
7141	20398	3.97	4.3
7142	20398	3.7	4.01
7143	20398	3.43	3.71
7144	20398	3.16	3.42
7145	20398	2.88	3.12
7146	20398	2.61	2.83
7147	20398	2.35	2.56
7148	20398	2.09	2.31
7224	20406	0.55	-4.5
7225	20406	0.54	-4.08
7226	20406	0.53	-3.66
7227	20406	0.52	-3.23
7228	20406	0.51	-2.81
7229	20406	0.47	-2.36
7230	20406	0.4	-1.87
7231	20406	0.37	-1.32
7232	20406	0.4	-0.78
7245	20406	0.52	-3.23
7246	20406	0.51	-2.81
7247	20406	0.47	-2.36
7248	20406	0.4	-1.87
7249	20406	0.37	-1.32
7250	20406	0.4	-0.78
7251	20406	0.42	-0.24
7252	20406	0.44	0.3
7253	20406	0.47	0.83
7539	20423	-6.42	7.31
7540	20423	-6.16	7.01
7541	20423	-5.89	6.71
7542	20423	-5.63	6.41
7543	20423	-5.36	6.11
7544	20423	-5.1	5.81
7545	20423	-4.84	5.51
7546	20423	-4.57	5.21
7547	20423	-4.31	4.91
7560	20423	-1.02	0.32
7561	20423	-0.81	-0.08
7562	20423	-0.6	-0.49
7563	20423	-0.4	-0.77
7564	20423	-0.19	-1.04
7565	20423	0.02	-1.31
7566	20423	0.29	-1.59
7567	20423	0.58	-1.86
7568	20423	0.87	-2.13
7581	20423	0.29	-1.59
7582	20423	0.58	-1.86
7583	20423	0.87	-2.13
7584	20423	1.16	-2.41
7585	20423	1.46	-2.68
7586	20423	1.75	-2.96
7587	20423	2.04	-3.23
7588	20423	2.33	-3.51
7589	20423	2.62	-3.78
7602	20423	-5.63	6.41
7603	20423	-5.36	6.11
7604	20423	-5.1	5.81
7605	20423	-4.84	5.51
7606	20423	-4.57	5.21
7607	20423	-4.31	4.91
7608	20423	-4.04	4.61
7609	20423	-3.79	4.3
7610	20423	-3.54	3.99
7686	20435	4.18	8.25
7687	20435	4.0	7.89
7688	20435	3.82	7.53
7689	20435	3.64	7.18
7690	20435	3.46	6.82
7691	20435	3.28	6.46
7692	20435	3.1	6.11
7693	20435	2.92	5.75
7694	20435	2.74	5.39
7707	20435	3.64	7.18
7708	20435	3.46	6.82
7709	20435	3.28	6.46
7710	20435	3.1	6.11
7711	20435	2.92	5.75
7712	20435	2.74	5.39
7713	20435	2.56	5.04
7714	20435	2.39	4.68
7715	20435	2.23	4.32
7728	20435	2.56	5.04
7729	20435	2.39	4.68
7730	20435	2.23	4.32
7731	20435	2.08	3.96
7732	20435	1.94	3.61
7733	20435	1.8	3.28
7734	20435	1.65	2.97
7735	20435	1.49	2.66
7736	20435	1.33	2.36
7749	20441	-2.26	1.73
7750	20441	-2.07	1.48
7751	20441	-1.98	1.19
7752	20441	-1.93	0.91
7753	20441	-1.89	0.66
7754	20441	-1.85	0.38
7755	20441	-1.8	0.08
7756	20441	-1.65	-0.27
7757	20441	-1.41	-0.67
7770	20441	-6.98	5.36
7771	20441	-6.66	5.12
7772	20441	-6.34	4.87
7773	20441	-6.03	4.63
7774	20441	-5.71	4.39
7775	20441	-5.39	4.14
7776	20441	-5.08	3.9
7777	20441	-4.76	3.66
7778	20441	-4.44	3.41
7791	20441	-1.93	0.91
7792	20441	-1.89	0.66
7793	20441	-1.85	0.38
7794	20441	-1.8	0.08
7795	20441	-1.65	-0.27
7796	20441	-1.41	-0.67
7797	20441	-1.17	-1.08
7798	20441	-0.92	-1.48
7799	20441	-0.67	-1.88
7812	20441	-6.98	5.36
7813	20441	-6.66	5.12
7814	20441	-6.34	4.87
7815	20441	-6.03	4.63
7816	20441	-5.71	4.39
7817	20441	-5.39	4.14
7818	20441	-5.08	3.9
7819	20441	-4.76	3.66
7820	20441	-4.44	3.41
7833	20441	-5.08	3.9
7834	20441	-4.76	3.66
7835	20441	-4.44	3.41
7836	20441	-4.12	3.17
7837	20441	-3.81	2.93
7838	20441	-3.49	2.68
7839	20441	-3.17	2.44
7840	20441	-2.86	2.19
7841	20441	-2.54	1.95
7854	20442	3.06	2.67
7855	20442	2.8	2.42
7856	20442	2.57	2.18
7857	20442	2.37	1.95
7858	20442	2.26	1.74
7859	20442	2.18	1.54
7860	20442	2.11	1.35
7861	20442	2.03	1.16
7862	20442	1.92	0.97
7854	20447	0.37	3.51
7855	20447	0.3	3.09
7856	20447	0.24	2.68
7857	20447	0.11	2.27
7858	20447	-0.15	1.99
7859	20447	-0.44	1.76
7860	20447	-0.74	1.53
7861	20447	-1.03	1.31
7862	20447	-1.28	0.98
7875	20442	3.88	3.43
7876	20442	3.61	3.17
7877	20442	3.34	2.91
7878	20442	3.06	2.67
7879	20442	2.8	2.42
7880	20442	2.57	2.18
7881	20442	2.37	1.95
7882	20442	2.26	1.74
7883	20442	2.18	1.54
7875	20447	0.6	4.75
7876	20447	0.52	4.35
7877	20447	0.44	3.94
7878	20447	0.37	3.51
7879	20447	0.3	3.09
7880	20447	0.24	2.68
7881	20447	0.11	2.27
7882	20447	-0.15	1.99
7883	20447	-0.44	1.76
7896	20442	3.06	2.67
7897	20442	2.8	2.42
7898	20442	2.57	2.18
7899	20442	2.37	1.95
7900	20442	2.26	1.74
7901	20442	2.18	1.54
7902	20442	2.11	1.35
7903	20442	2.03	1.16
7904	20442	1.92	0.97
7896	20447	0.37	3.51
7897	20447	0.3	3.09
7898	20447	0.24	2.68
7899	20447	0.11	2.27
7900	20447	-0.15	1.99
7901	20447	-0.44	1.76
7902	20447	-0.74	1.53
7903	20447	-1.03	1.31
7904	20447	-1.28	0.98
7917	20442	2.11	1.35
7918	20442	2.03	1.16
7919	20442	1.92	0.97
7920	20442	1.8	0.77
7921	20442	1.67	0.57
7922	20442	1.54	0.38
7923	20442	1.36	0.16
7924	20442	1.05	-0.08
7925	20442	0.73	-0.33
7917	20447	-0.74	1.53
7918	20447	-1.03	1.31
7919	20447	-1.28	0.98
7920	20447	-1.5	0.53
7921	20447	-1.72	0.08
7922	20447	-1.9	-0.37
7923	20447	-1.88	-0.77
7924	20447	-1.85	-1.17
7925	20447	-1.83	-1.57
7938	20448	-9.28	-0.77
7939	20448	-8.88	-0.74
7940	20448	-8.48	-0.71
7941	20448	-8.08	-0.67
7942	20448	-7.68	-0.64
7943	20448	-7.28	-0.61
7944	20448	-6.89	-0.57
7945	20448	-6.49	-0.54
7946	20448	-6.09	-0.51
7938	20452	-7.26	-6.43
7939	20452	-6.96	-6.16
7940	20452	-6.66	-5.9
7941	20452	-6.36	-5.63
7942	20452	-6.06	-5.37
7943	20452	-5.76	-5.1
7944	20452	-5.46	-4.84
7945	20452	-5.16	-4.57
7946	20452	-4.86	-4.31
7959	20448	-6.89	-0.57
7960	20448	-6.49	-0.54
7961	20448	-6.09	-0.51
7962	20448	-5.69	-0.48
7963	20448	-5.29	-0.44
7964	20448	-4.89	-0.39
7965	20448	-4.49	-0.34
7966	20448	-4.08	-0.27
7967	20448	-3.67	-0.23
7959	20452	-5.46	-4.84
7960	20452	-5.16	-4.57
7961	20452	-4.86	-4.31
7962	20452	-4.56	-4.04
7963	20452	-4.26	-3.78
7964	20452	-3.96	-3.53
7965	20452	-3.67	-3.29
7966	20452	-3.38	-3.05
7967	20452	-3.11	-2.83
7980	20448	-6.89	-0.57
7981	20448	-6.49	-0.54
7982	20448	-6.09	-0.51
7983	20448	-5.69	-0.48
7984	20448	-5.29	-0.44
7985	20448	-4.89	-0.39
7986	20448	-4.49	-0.34
7987	20448	-4.08	-0.27
7988	20448	-3.67	-0.23
7980	20452	-5.46	-4.84
7981	20452	-5.16	-4.57
7982	20452	-4.86	-4.31
7983	20452	-4.56	-4.04
7984	20452	-4.26	-3.78
7985	20452	-3.96	-3.53
7986	20452	-3.67	-3.29
7987	20452	-3.38	-3.05
7988	20452	-3.11	-2.83
8001	20448	-0.53	0.85
8002	20448	-0.14	0.95
8003	20448	0.28	1.05
8004	20448	0.71	1.15
8005	20448	1.14	1.24
8006	20448	1.57	1.34
8007	20448	2.0	1.43
8008	20448	2.43	1.49
8009	20448	2.83	1.46
8001	20452	-1.5	-1.57
8002	20452	-1.38	-1.41
8003	20452	-1.26	-1.23
8004	20452	-1.16	-1.01
8005	20452	-1.05	-0.79
8006	20452	-0.93	-0.57
8007	20452	-0.8	-0.35
8008	20452	-0.66	-0.14
8009	20452	-0.52	0.08
8022	20448	-6.89	-0.57
8023	20448	-6.49	-0.54
8024	20448	-6.09	-0.51
8025	20448	-5.69	-0.48
8026	20448	-5.29	-0.44
8027	20448	-4.89	-0.39
8028	20448	-4.49	-0.34
8029	20448	-4.08	-0.27
8030	20448	-3.67	-0.23
8022	20452	-5.46	-4.84
8023	20452	-5.16	-4.57
8024	20452	-4.86	-4.31
8025	20452	-4.56	-4.04
8026	20452	-4.26	-3.78
8027	20452	-3.96	-3.53
8028	20452	-3.67	-3.29
8029	20452	-3.38	-3.05
8030	20452	-3.11	-2.83
8043	20448	-9.28	-0.77
8044	20448	-8.88	-0.74
8045	20448	-8.48	-0.71
8046	20448	-8.08	-0.67
8047	20448	-7.68	-0.64
8048	20448	-7.28	-0.61
8049	20448	-6.89	-0.57
8050	20448	-6.49	-0.54
8051	20448	-6.09	-0.51
8043	20452	-7.26	-6.43
8044	20452	-6.96	-6.16
8045	20452	-6.66	-5.9
8046	20452	-6.36	-5.63
8047	20452	-6.06	-5.37
8048	20452	-5.76	-5.1
8049	20452	-5.46	-4.84
8050	20452	-5.16	-4.57
8051	20452	-4.86	-4.31
8064	20448	-6.89	-0.57
8065	20448	-6.49	-0.54
8066	20448	-6.09	-0.51
8067	20448	-5.69	-0.48
8068	20448	-5.29	-0.44
8069	20448	-4.89	-0.39
8070	20448	-4.49	-0.34
8071	20448	-4.08	-0.27
8072	20448	-3.67	-0.23
8064	20452	-5.46	-4.84
8065	20452	-5.16	-4.57
8066	20452	-4.86	-4.31
8067	20452	-4.56	-4.04
8068	20452	-4.26	-3.78
8069	20452	-3.96	-3.53
8070	20452	-3.67	-3.29
8071	20452	-3.38	-3.05
8072	20452	-3.11	-2.83
8085	20448	-4.49	-0.34
8086	20448	-4.08	-0.27
8087	20448	-3.67	-0.23
8088	20448	-3.25	-0.21
8089	20448	-2.83	-0.19
8090	20448	-2.36	-0.07
8091	20448	-1.89	0.08
8092	20448	-1.39	0.41
8093	20448	-0.91	0.73
8085	20452	-3.67	-3.29
8086	20452	-3.38	-3.05
8087	20452	-3.11	-2.83
8088	20452	-2.85	-2.62
8089	20452	-2.59	-2.42
8090	20452	-2.35	-2.24
8091	20452	-2.11	-2.07
8092	20452	-1.87	-1.89
8093	20452	-1.64	-1.72
8106	20448	-6.89	-0.57
8107	20448	-6.49	-0.54
8108	20448	-6.09	-0.51
8109	20448	-5.69	-0.48
8110	20448	-5.29	-0.44
8111	20448	-4.89	-0.39
8112	20448	-4.49	-0.34
8113	20448	-4.08	-0.27
8114	20448	-3.67	-0.23
8106	20452	-5.46	-4.84
8107	20452	-5.16	-4.57
8108	20452	-4.86	-4.31
8109	20452	-4.56	-4.04
8110	20452	-4.26	-3.78
8111	20452	-3.96	-3.53
8112	20452	-3.67	-3.29
8113	20452	-3.38	-3.05
8114	20452	-3.11	-2.83
8127	20454	7.27	5.3
8128	20454	6.95	5.07
8129	20454	6.63	4.83
8130	20454	6.3	4.6
8131	20454	5.98	4.36
8132	20454	5.66	4.13
8133	20454	5.33	3.89
8134	20454	5.01	3.65
8135	20454	4.69	3.42
8127	20457	8.43	-1.02
8128	20457	8.04	-0.97
8129	20457	7.64	-0.92
8130	20457	7.24	-0.87
8131	20457	6.85	-0.83
8132	20457	6.45	-0.78
8133	20457	6.05	-0.73
8134	20457	5.65	-0.68
8135	20457	5.26	-0.64
8379	20476	-6.46	-3.52
8380	20476	-6.11	-3.33
8381	20476	-5.76	-3.14
8382	20476	-5.41	-2.95
8383	20476	-5.05	-2.75
8384	20476	-4.7	-2.56
8385	20476	-4.35	-2.37
8386	20476	-4.0	-2.18
8387	20476	-3.65	-1.99
8400	20476	-6.46	-3.52
8401	20476	-6.11	-3.33
8402	20476	-5.76	-3.14
8403	20476	-5.41	-2.95
8404	20476	-5.05	-2.75
8405	20476	-4.7	-2.56
8406	20476	-4.35	-2.37
8407	20476	-4.0	-2.18
8408	20476	-3.65	-1.99
8421	20476	-6.46	-3.52
8422	20476	-6.11	-3.33
8423	20476	-5.76	-3.14
8424	20476	-5.41	-2.95
8425	20476	-5.05	-2.75
8426	20476	-4.7	-2.56
8427	20476	-4.35	-2.37
8428	20476	-4.0	-2.18
8429	20476	-3.65	-1.99
8442	20476	-4.35	-2.37
8443	20476	-4.0	-2.18
8444	20476	-3.65	-1.99
8445	20476	-3.31	-1.8
8446	20476	-3.02	-1.64
8447	20476	-2.73	-1.49
8448	20476	-2.44	-1.35
8449	20476	-2.22	-1.17
8450	20476	-2.02	-1.0
8463	20480	9.52	0.88
8464	20480	9.12	0.84
8465	20480	8.72	0.8
8466	20480	8.32	0.77
8467	20480	7.93	0.73
8468	20480	7.53	0.69
8469	20480	7.13	0.66
8470	20480	6.73	0.62
8471	20480	6.33	0.58
8484	20480	8.32	0.77
8485	20480	7.93	0.73
8486	20480	7.53	0.69
8487	20480	7.13	0.66
8488	20480	6.73	0.62
8489	20480	6.33	0.58
8490	20480	5.94	0.55
8491	20480	5.54	0.51
8492	20480	5.14	0.47
8505	20480	8.32	0.77
8506	20480	7.93	0.73
8507	20480	7.53	0.69
8508	20480	7.13	0.66
8509	20480	6.73	0.62
8510	20480	6.33	0.58
8511	20480	5.94	0.55
8512	20480	5.54	0.51
8513	20480	5.14	0.47
8526	20480	4.74	0.44
8527	20480	4.35	0.42
8528	20480	4.0	0.4
8529	20480	3.68	0.33
8530	20480	3.35	0.26
8531	20480	3.04	0.22
8532	20480	2.72	0.18
8533	20480	2.46	0.17
8534	20480	2.23	0.16
8547	20480	3.68	0.33
8548	20480	3.35	0.26
8549	20480	3.04	0.22
8550	20480	2.72	0.18
8551	20480	2.46	0.17
8552	20480	2.23	0.16
8553	20480	1.99	0.15
8554	20480	1.77	0.08
8555	20480	1.54	-0.0
8568	20480	8.32	0.77
8569	20480	7.93	0.73
8570	20480	7.53	0.69
8571	20480	7.13	0.66
8572	20480	6.73	0.62
8573	20480	6.33	0.58
8574	20480	5.94	0.55
8575	20480	5.54	0.51
8576	20480	5.14	0.47
8736	20491	2.13	-3.08
8737	20491	2.02	-2.79
8738	20491	1.92	-2.52
8739	20491	1.8	-2.3
8740	20491	1.67	-2.11
8741	20491	1.54	-1.94
8742	20491	1.41	-1.8
8743	20491	1.28	-1.66
8744	20491	1.15	-1.52
8757	20491	1.01	-1.38
8758	20491	0.88	-1.24
8759	20491	0.75	-1.09
8760	20491	0.62	-0.95
8761	20491	0.49	-0.81
8762	20491	0.35	-0.67
8763	20491	0.2	-0.52
8764	20491	0.09	-0.25
8765	20491	-0.04	0.03
8862	20502	1.11	-3.46
8863	20502	0.94	-3.11
8864	20502	0.76	-2.76
8865	20502	0.58	-2.41
8866	20502	0.38	-2.08
8867	20502	0.16	-1.74
8868	20502	-0.06	-1.4
8869	20502	-0.28	-1.07
8870	20502	-0.5	-0.73
8883	20502	-0.06	-1.4
8884	20502	-0.28	-1.07
8885	20502	-0.5	-0.73
8886	20502	-0.72	-0.4
8887	20502	-0.94	-0.06
8888	20502	-1.17	0.27
8889	20502	-1.39	0.61
8890	20502	-1.61	0.95
8891	20502	-1.81	1.28
8904	20502	3.3	-8.86
8905	20502	3.16	-8.49
8906	20502	3.02	-8.11
8907	20502	2.88	-7.74
8908	20502	2.74	-7.36
8909	20502	2.6	-6.99
8910	20502	2.46	-6.62
8911	20502	2.31	-6.25
8912	20502	2.16	-5.89
8925	20502	0.58	-2.41
8926	20502	0.38	-2.08
8927	20502	0.16	-1.74
8928	20502	-0.06	-1.4
8929	20502	-0.28	-1.07
8930	20502	-0.5	-0.73
8931	20502	-0.72	-0.4
8932	20502	-0.94	-0.06
8933	20502	-1.17	0.27
8946	20503	0.29	9.1
8947	20503	0.27	8.7
8948	20503	0.26	8.3
8949	20503	0.25	7.9
8950	20503	0.24	7.51
8951	20503	0.22	7.11
8952	20503	0.21	6.71
8953	20503	0.2	6.31
8954	20503	0.19	5.91
8946	20506	2.67	-9.19
8947	20506	2.56	-8.8
8948	20506	2.45	-8.42
8949	20506	2.34	-8.03
8950	20506	2.22	-7.65
8951	20506	2.11	-7.27
8952	20506	2.0	-6.88
8953	20506	1.89	-6.5
8954	20506	1.78	-6.11
8967	20503	0.21	6.71
8968	20503	0.2	6.31
8969	20503	0.19	5.91
8970	20503	0.18	5.51
8971	20503	0.18	5.11
8972	20503	0.19	4.71
8973	20503	0.19	4.31
8974	20503	0.18	3.9
8975	20503	0.18	3.49
8967	20506	2.0	-6.88
8968	20506	1.89	-6.5
8969	20506	1.78	-6.11
8970	20506	1.67	-5.73
8971	20506	1.55	-5.35
8972	20506	1.45	-4.96
8973	20506	1.35	-4.57
8974	20506	1.25	-4.17
8975	20506	1.14	-3.77
8988	20503	0.21	6.71
8989	20503	0.2	6.31
8990	20503	0.19	5.91
8991	20503	0.18	5.51
8992	20503	0.18	5.11
8993	20503	0.19	4.71
8994	20503	0.19	4.31
8995	20503	0.18	3.9
8996	20503	0.18	3.49
8988	20506	2.0	-6.88
8989	20506	1.89	-6.5
8990	20506	1.78	-6.11
8991	20506	1.67	-5.73
8992	20506	1.55	-5.35
8993	20506	1.45	-4.96
8994	20506	1.35	-4.57
8995	20506	1.25	-4.17
8996	20506	1.14	-3.77
9009	20503	0.17	3.08
9010	20503	0.16	2.67
9011	20503	0.15	2.26
9012	20503	0.15	1.85
9013	20503	0.01	1.31
9014	20503	-0.16	0.74
9015	20503	-0.26	0.25
9016	20503	-0.32	-0.14
9017	20503	-0.36	-0.52
9009	20506	1.04	-3.36
9010	20506	0.93	-2.96
9011	20506	0.83	-2.56
9012	20506	0.72	-2.15
9013	20506	0.72	-1.79
9014	20506	0.77	-1.39
9015	20506	0.85	-0.98
9016	20506	0.93	-0.58
9017	20506	1.02	-0.18
9534	20532	-1.26	1.55
9535	20532	-1.45	1.46
9536	20532	-1.63	1.37
9537	20532	-1.8	1.26
9538	20532	-1.95	1.14
9539	20532	-2.09	1.01
9540	20532	-2.24	0.88
9541	20532	-2.34	0.73
9542	20532	-2.37	0.53
9534	20535	-0.11	0.84
9535	20535	-0.34	0.71
9536	20535	-0.58	0.59
9537	20535	-0.81	0.45
9538	20535	-1.09	0.25
9539	20535	-1.41	0.02
9540	20535	-1.74	-0.21
9541	20535	-2.07	-0.44
9542	20535	-2.4	-0.67
9639	20541	-5.55	2.65
9640	20541	-5.2	2.46
9641	20541	-4.86	2.27
9642	20541	-4.52	2.07
9643	20541	-4.19	1.87
9644	20541	-3.86	1.68
9645	20541	-3.54	1.49
9646	20541	-3.22	1.32
9647	20541	-2.91	1.15
9639	20544	2.57	-4.8
9640	20544	2.39	-4.45
9641	20544	2.2	-4.1
9642	20544	2.01	-3.75
9643	20544	1.84	-3.39
9644	20544	1.68	-3.02
9645	20544	1.5	-2.65
9646	20544	1.31	-2.29
9647	20544	1.12	-1.93
9660	20541	-6.61	3.19
9661	20541	-6.25	3.01
9662	20541	-5.9	2.83
9663	20541	-5.55	2.65
9664	20541	-5.2	2.46
9665	20541	-4.86	2.27
9666	20541	-4.52	2.07
9667	20541	-4.19	1.87
9668	20541	-3.86	1.68
9660	20544	3.14	-5.86
9661	20544	2.95	-5.51
9662	20544	2.76	-5.16
9663	20544	2.57	-4.8
9664	20544	2.39	-4.45
9665	20544	2.2	-4.1
9666	20544	2.01	-3.75
9667	20544	1.84	-3.39
9668	20544	1.68	-3.02
9681	20541	-4.52	2.07
9682	20541	-4.19	1.87
9683	20541	-3.86	1.68
9684	20541	-3.54	1.49
9685	20541	-3.22	1.32
9686	20541	-2.91	1.15
9687	20541	-2.52	0.98
9688	20541	-2.19	0.74
9689	20541	-1.95	0.56
9681	20544	2.01	-3.75
9682	20544	1.84	-3.39
9683	20544	1.68	-3.02
9684	20544	1.5	-2.65
9685	20544	1.31	-2.29
9686	20544	1.12	-1.93
9687	20544	0.94	-1.57
9688	20544	0.78	-1.27
9689	20544	0.66	-0.96
9702	20541	-5.55	2.65
9703	20541	-5.2	2.46
9704	20541	-4.86	2.27
9705	20541	-4.52	2.07
9706	20541	-4.19	1.87
9707	20541	-3.86	1.68
9708	20541	-3.54	1.49
9709	20541	-3.22	1.32
9710	20541	-2.91	1.15
9702	20544	2.57	-4.8
9703	20544	2.39	-4.45
9704	20544	2.2	-4.1
9705	20544	2.01	-3.75
9706	20544	1.84	-3.39
9707	20544	1.68	-3.02
9708	20544	1.5	-2.65
9709	20544	1.31	-2.29
9710	20544	1.12	-1.93
9723	20541	-1.67	0.34
9724	20541	-1.37	0.08
9725	20541	-1.06	-0.17
9726	20541	-0.79	-0.39
9727	20541	-0.46	-0.64
9728	20541	-0.13	-0.88
9729	20541	0.2	-1.12
9730	20541	0.62	-1.35
9731	20541	1.04	-1.57
9723	20544	0.54	-0.64
9724	20544	0.42	-0.32
9725	20544	0.29	0.01
9726	20544	0.16	0.34
9727	20544	-0.04	0.69
9728	20544	-0.24	1.03
9729	20544	-0.44	1.38
9730	20544	-0.64	1.73
9731	20544	-0.84	2.07
9849	20555	9.2	1.8
9850	20555	8.81	1.72
9851	20555	8.41	1.65
9852	20555	8.02	1.57
9853	20555	7.63	1.49
9854	20555	7.24	1.41
9855	20555	6.84	1.34
9856	20555	6.45	1.26
9857	20555	6.06	1.18
9870	20555	2.05	0.52
9871	20555	1.54	0.51
9872	20555	1.02	0.5
9873	20555	0.53	0.51
9874	20555	0.07	0.51
9875	20555	-0.37	0.49
9876	20555	-0.76	0.39
9877	20555	-1.14	0.29
9878	20555	-1.53	0.19
9891	20562	3.33	4.97
9892	20562	3.12	4.63
9893	20562	2.91	4.31
9894	20562	2.71	3.98
9895	20562	2.51	3.67
9896	20562	2.33	3.38
9897	20562	2.14	3.08
9898	20562	1.96	2.79
9899	20562	1.79	2.53
9912	20562	5.34	7.96
9913	20562	5.11	7.62
9914	20562	4.89	7.29
9915	20562	4.67	6.96
9916	20562	4.45	6.63
9917	20562	4.22	6.3
9918	20562	4.0	5.96
9919	20562	3.78	5.63
9920	20562	3.55	5.3
9933	20562	4.0	5.96
9934	20562	3.78	5.63
9935	20562	3.55	5.3
9936	20562	3.33	4.97
9937	20562	3.12	4.63
9938	20562	2.91	4.31
9939	20562	2.71	3.98
9940	20562	2.51	3.67
9941	20562	2.33	3.38
9954	20562	3.33	4.97
9955	20562	3.12	4.63
9956	20562	2.91	4.31
9957	20562	2.71	3.98
9958	20562	2.51	3.67
9959	20562	2.33	3.38
9960	20562	2.14	3.08
9961	20562	1.96	2.79
9962	20562	1.79	2.53
10311	20579	1.08	4.08
10312	20579	0.95	3.68
10313	20579	0.83	3.27
10314	20579	0.73	2.83
10315	20579	0.62	2.4
10316	20579	0.52	1.96
10317	20579	0.38	1.55
10318	20579	0.16	1.11
10319	20579	-0.04	0.63
10332	20579	0.73	2.83
10333	20579	0.62	2.4
10334	20579	0.52	1.96
10335	20579	0.38	1.55
10336	20579	0.16	1.11
10337	20579	-0.04	0.63
10338	20579	-0.24	0.15
10339	20579	-0.44	-0.34
10340	20579	-0.62	-0.82
10353	20579	1.84	6.42
10354	20579	1.73	6.03
10355	20579	1.61	5.65
10356	20579	1.48	5.26
10357	20579	1.35	4.87
10358	20579	1.22	4.48
10359	20579	1.08	4.08
10360	20579	0.95	3.68
10361	20579	0.83	3.27
10374	20583	-1.54	-3.59
10375	20583	-1.46	-3.23
10376	20583	-1.4	-2.89
10377	20583	-1.34	-2.56
10378	20583	-1.3	-2.24
10379	20583	-1.21	-1.99
10380	20583	-1.14	-1.72
10381	20583	-1.07	-1.44
10382	20583	-1.0	-1.15
10374	20585	1.36	-3.79
10375	20585	1.26	-3.45
10376	20585	1.18	-3.13
10377	20585	1.1	-2.8
10378	20585	1.03	-2.46
10379	20585	1.09	-1.98
10380	20585	1.16	-1.5
10381	20585	1.22	-1.01
10382	20585	1.29	-0.53
10374	20586	2.69	1.28
10375	20586	2.28	1.15
10376	20586	1.86	1.01
10377	20586	1.46	0.89
10378	20586	1.08	0.87
10379	20586	0.66	0.99
10380	20586	0.25	1.07
10381	20586	-0.15	1.13
10382	20586	-0.55	1.19
10374	20587	3.39	-0.28
10375	20587	3.06	-0.19
10376	20587	2.74	-0.08
10377	20587	2.42	0.03
10378	20587	2.1	0.14
10379	20587	1.75	0.27
10380	20587	1.41	0.43
10381	20587	1.07	0.59
10382	20587	0.73	0.76
10395	20583	-1.54	-3.59
10396	20583	-1.46	-3.23
10397	20583	-1.4	-2.89
10398	20583	-1.34	-2.56
10399	20583	-1.3	-2.24
10400	20583	-1.21	-1.99
10401	20583	-1.14	-1.72
10402	20583	-1.07	-1.44
10403	20583	-1.0	-1.15
10395	20585	1.36	-3.79
10396	20585	1.26	-3.45
10397	20585	1.18	-3.13
10398	20585	1.1	-2.8
10399	20585	1.03	-2.46
10400	20585	1.09	-1.98
10401	20585	1.16	-1.5
10402	20585	1.22	-1.01
10403	20585	1.29	-0.53
10395	20586	2.69	1.28
10396	20586	2.28	1.15
10397	20586	1.86	1.01
10398	20586	1.46	0.89
10399	20586	1.08	0.87
10400	20586	0.66	0.99
10401	20586	0.25	1.07
10402	20586	-0.15	1.13
10403	20586	-0.55	1.19
10395	20587	3.39	-0.28
10396	20587	3.06	-0.19
10397	20587	2.74	-0.08
10398	20587	2.42	0.03
10399	20587	2.1	0.14
10400	20587	1.75	0.27
10401	20587	1.41	0.43
10402	20587	1.07	0.59
10403	20587	0.73	0.76
10962	20620	4.92	3.84
10963	20620	4.61	3.6
10964	20620	4.29	3.35
10965	20620	3.97	3.11
10966	20620	3.66	2.86
10967	20620	3.34	2.61
10968	20620	3.05	2.34
10969	20620	2.73	2.05
10970	20620	2.4	1.77
10983	20620	2.11	1.48
10984	20620	2.04	1.25
10985	20620	2.0	1.0
10986	20620	1.96	0.75
10987	20620	1.92	0.51
10988	20620	1.87	0.26
10989	20620	1.71	0.09
10990	20620	1.49	-0.03
10991	20620	1.27	-0.15
11004	20620	5.87	4.58
11005	20620	5.55	4.34
11006	20620	5.24	4.09
11007	20620	4.92	3.84
11008	20620	4.61	3.6
11009	20620	4.29	3.35
11010	20620	3.97	3.11
11011	20620	3.66	2.86
11012	20620	3.34	2.61
11025	20620	5.87	4.58
11026	20620	5.55	4.34
11027	20620	5.24	4.09
11028	20620	4.92	3.84
11029	20620	4.61	3.6
11030	20620	4.29	3.35
11031	20620	3.97	3.11
11032	20620	3.66	2.86
11033	20620	3.34	2.61
11319	20655	-4.37	6.77
11320	20655	-4.16	6.43
11321	20655	-3.94	6.09
11322	20655	-3.72	5.76
11323	20655	-3.51	5.42
11324	20655	-3.29	5.09
11325	20655	-3.06	4.76
11326	20655	-2.83	4.43
11327	20655	-2.59	4.11
11319	20656	-7.22	3.99
11320	20656	-6.87	3.79
11321	20656	-6.52	3.6
11322	20656	-6.17	3.41
11323	20656	-5.82	3.21
11324	20656	-5.47	3.02
11325	20656	-5.13	2.82
11326	20656	-4.8	2.62
11327	20656	-4.47	2.41
11340	20657	8.54	-3.78
11341	20657	8.18	-3.62
11342	20657	7.81	-3.46
11343	20657	7.44	-3.3
11344	20657	7.07	-3.14
11345	20657	6.7	-2.98
11346	20657	6.32	-2.82
11347	20657	5.95	-2.66
11348	20657	5.57	-2.5
11340	20658	2.38	9.43
11341	20658	2.29	9.04
11342	20658	2.19	8.65
11343	20658	2.09	8.27
11344	20658	1.99	7.88
11345	20658	1.89	7.49
11346	20658	1.8	7.1
11347	20658	1.7	6.71
11348	20658	1.6	6.33
11361	20657	6.32	-2.82
11362	20657	5.95	-2.66
11363	20657	5.57	-2.5
11364	20657	5.19	-2.35
11365	20657	4.82	-2.2
11366	20657	4.44	-2.06
11367	20657	4.06	-1.93
11368	20657	3.68	-1.81
11369	20657	3.3	-1.69
11361	20658	1.8	7.1
11362	20658	1.7	6.71
11363	20658	1.6	6.33
11364	20658	1.5	5.94
11365	20658	1.4	5.55
11366	20658	1.31	5.16
11367	20658	1.21	4.77
11368	20658	1.11	4.39
11369	20658	1.01	4.0
11382	20657	6.32	-2.82
11383	20657	5.95	-2.66
11384	20657	5.57	-2.5
11385	20657	5.19	-2.35
11386	20657	4.82	-2.2
11387	20657	4.44	-2.06
11388	20657	4.06	-1.93
11389	20657	3.68	-1.81
11390	20657	3.3	-1.69
11382	20658	1.8	7.1
11383	20658	1.7	6.71
11384	20658	1.6	6.33
11385	20658	1.5	5.94
11386	20658	1.4	5.55
11387	20658	1.31	5.16
11388	20658	1.21	4.77
11389	20658	1.11	4.39
11390	20658	1.01	4.0
11403	20657	6.32	-2.82
11404	20657	5.95	-2.66
11405	20657	5.57	-2.5
11406	20657	5.19	-2.35
11407	20657	4.82	-2.2
11408	20657	4.44	-2.06
11409	20657	4.06	-1.93
11410	20657	3.68	-1.81
11411	20657	3.3	-1.69
11403	20658	1.8	7.1
11404	20658	1.7	6.71
11405	20658	1.6	6.33
11406	20658	1.5	5.94
11407	20658	1.4	5.55
11408	20658	1.31	5.16
11409	20658	1.21	4.77
11410	20658	1.11	4.39
11411	20658	1.01	4.0
11424	20657	7.44	-3.3
11425	20657	7.07	-3.14
11426	20657	6.7	-2.98
11427	20657	6.32	-2.82
11428	20657	5.95	-2.66
11429	20657	5.57	-2.5
11430	20657	5.19	-2.35
11431	20657	4.82	-2.2
11432	20657	4.44	-2.06
11424	20658	2.09	8.27
11425	20658	1.99	7.88
11426	20658	1.89	7.49
11427	20658	1.8	7.1
11428	20658	1.7	6.71
11429	20658	1.6	6.33
11430	20658	1.5	5.94
11431	20658	1.4	5.55
11432	20658	1.31	5.16
11445	20657	6.32	-2.82
11446	20657	5.95	-2.66
11447	20657	5.57	-2.5
11448	20657	5.19	-2.35
11449	20657	4.82	-2.2
11450	20657	4.44	-2.06
11451	20657	4.06	-1.93
11452	20657	3.68	-1.81
11453	20657	3.3	-1.69
11445	20658	1.8	7.1
11446	20658	1.7	6.71
11447	20658	1.6	6.33
11448	20658	1.5	5.94
11449	20658	1.4	5.55
11450	20658	1.31	5.16
11451	20658	1.21	4.77
11452	20658	1.11	4.39
11453	20658	1.01	4.0
11613	20669	-3.21	-6.57
11614	20669	-3.04	-6.21
11615	20669	-2.86	-5.85
11616	20669	-2.69	-5.49
11617	20669	-2.51	-5.13
11618	20669	-2.35	-4.79
11619	20669	-2.18	-4.46
11620	20669	-2.01	-4.13
11621	20669	-1.82	-3.81
11634	20669	-3.21	-6.57
11635	20669	-3.04	-6.21
11636	20669	-2.86	-5.85
11637	20669	-2.69	-5.49
11638	20669	-2.51	-5.13
11639	20669	-2.35	-4.79
11640	20669	-2.18	-4.46
11641	20669	-2.01	-4.13
11642	20669	-1.82	-3.81
11655	20673	2.59	-1.21
11656	20673	2.35	-1.03
11657	20673	2.11	-0.84
11658	20673	1.87	-0.64
11659	20673	1.63	-0.45
11660	20673	1.4	-0.25
11661	20673	1.16	-0.04
11662	20673	0.88	0.17
11663	20673	0.54	0.38
11676	20673	7.51	-4.05
11677	20673	7.16	-3.86
11678	20673	6.81	-3.67
11679	20673	6.45	-3.48
11680	20673	6.1	-3.29
11681	20673	5.75	-3.1
11682	20673	5.4	-2.92
11683	20673	5.05	-2.74
11684	20673	4.71	-2.57
11697	20673	6.45	-3.48
11698	20673	6.1	-3.29
11699	20673	5.75	-3.1
11700	20673	5.4	-2.92
11701	20673	5.05	-2.74
11702	20673	4.71	-2.57
11703	20673	4.38	-2.39
11704	20673	4.06	-2.21
11705	20673	3.74	-2.01
11718	20673	4.38	-2.39
11719	20673	4.06	-2.21
11720	20673	3.74	-2.01
11721	20673	3.43	-1.81
11722	20673	3.12	-1.59
11723	20673	2.84	-1.39
11724	20673	2.59	-1.21
11725	20673	2.35	-1.03
11726	20673	2.11	-0.84
11739	20677	1.14	-2.65
11740	20677	1.15	-2.44
11741	20677	1.16	-2.22
11742	20677	1.18	-2.01
11743	20677	1.2	-1.79
11744	20677	1.18	-1.61
11745	20677	1.15	-1.44
11746	20677	1.12	-1.27
11747	20677	1.09	-1.1
11760	20677	1.18	-2.01
11761	20677	1.2	-1.79
11762	20677	1.18	-1.61
11763	20677	1.15	-1.44
11764	20677	1.12	-1.27
11765	20677	1.09	-1.1
11766	20677	1.06	-0.93
11767	20677	1.03	-0.76
11768	20677	0.99	-0.59
11781	20677	1.18	-2.01
11782	20677	1.2	-1.79
11783	20677	1.18	-1.61
11784	20677	1.15	-1.44
11785	20677	1.12	-1.27
11786	20677	1.09	-1.1
11787	20677	1.06	-0.93
11788	20677	1.03	-0.76
11789	20677	0.99	-0.59
11802	20677	1.37	-3.55
11803	20677	1.23	-3.17
11804	20677	1.14	-2.85
11805	20677	1.14	-2.65
11806	20677	1.15	-2.44
11807	20677	1.16	-2.22
11808	20677	1.18	-2.01
11809	20677	1.2	-1.79
11810	20677	1.18	-1.61
11823	20677	1.14	-2.65
11824	20677	1.15	-2.44
11825	20677	1.16	-2.22
11826	20677	1.18	-2.01
11827	20677	1.2	-1.79
11828	20677	1.18	-1.61
11829	20677	1.15	-1.44
11830	20677	1.12	-1.27
11831	20677	1.09	-1.1
12012	20709	-2.54	1.61
12013	20709	-2.24	1.46
12014	20709	-1.9	1.24
12015	20709	-1.56	0.97
12016	20709	-1.22	0.7
12017	20709	-0.88	0.42
12018	20709	-0.53	0.15
12019	20709	-0.19	-0.12
12020	20709	0.12	-0.39
12033	20709	-2.54	1.61
12034	20709	-2.24	1.46
12035	20709	-1.9	1.24
12036	20709	-1.56	0.97
12037	20709	-1.22	0.7
12038	20709	-0.88	0.42
12039	20709	-0.53	0.15
12040	20709	-0.19	-0.12
12041	20709	0.12	-0.39
12054	20711	-2.07	-7.93
12055	20711	-1.97	-7.54
12056	20711	-1.86	-7.15
12057	20711	-1.76	-6.77
12058	20711	-1.66	-6.38
12059	20711	-1.56	-5.99
12060	20711	-1.46	-5.61
12061	20711	-1.36	-5.22
12062	20711	-1.26	-4.83
12075	20711	-1.16	-4.44
12076	20711	-1.06	-4.06
12077	20711	-0.94	-3.66
12078	20711	-0.83	-3.26
12079	20711	-0.67	-3.0
12080	20711	-0.49	-2.78
12081	20711	-0.31	-2.58
12082	20711	-0.25	-2.4
12083	20711	-0.19	-2.22
12096	20711	-0.83	-3.26
12097	20711	-0.67	-3.0
12098	20711	-0.49	-2.78
12099	20711	-0.31	-2.58
12100	20711	-0.25	-2.4
12101	20711	-0.19	-2.22
12102	20711	-0.1	-2.04
12103	20711	0.01	-1.87
12104	20711	0.12	-1.7
12117	20711	-1.46	-5.61
12118	20711	-1.36	-5.22
12119	20711	-1.26	-4.83
12120	20711	-1.16	-4.44
12121	20711	-1.06	-4.06
12122	20711	-0.94	-3.66
12123	20711	-0.83	-3.26
12124	20711	-0.67	-3.0
12125	20711	-0.49	-2.78
12138	20711	-1.46	-5.61
12139	20711	-1.36	-5.22
12140	20711	-1.26	-4.83
12141	20711	-1.16	-4.44
12142	20711	-1.06	-4.06
12143	20711	-0.94	-3.66
12144	20711	-0.83	-3.26
12145	20711	-0.67	-3.0
12146	20711	-0.49	-2.78
12159	20711	-0.83	-3.26
12160	20711	-0.67	-3.0
12161	20711	-0.49	-2.78
12162	20711	-0.31	-2.58
12163	20711	-0.25	-2.4
12164	20711	-0.19	-2.22
12165	20711	-0.1	-2.04
12166	20711	0.01	-1.87
12167	20711	0.12	-1.7
12180	20719	1.8	-0.49
12181	20719	1.42	-0.66
12182	20719	1.16	-0.91
12183	20719	0.9	-1.18
12184	20719	0.66	-1.44
12185	20719	0.41	-1.69
12186	20719	0.18	-1.95
12187	20719	-0.05	-2.2
12188	20719	-0.29	-2.36
12201	20721	-5.25	-5.41
12202	20721	-4.97	-5.12
12203	20721	-4.69	-4.83
12204	20721	-4.42	-4.55
12205	20721	-4.14	-4.26
12206	20721	-3.86	-3.97
12207	20721	-3.58	-3.69
12208	20721	-3.3	-3.4
12209	20721	-3.02	-3.11
12348	20733	-4.44	8.75
12349	20733	-4.26	8.39
12350	20733	-4.08	8.04
12351	20733	-3.9	7.68
12352	20733	-3.72	7.32
12353	20733	-3.53	6.97
12354	20733	-3.35	6.61
12355	20733	-3.17	6.25
12356	20733	-2.99	5.9
12369	20733	-3.35	6.61
12370	20733	-3.17	6.25
12371	20733	-2.99	5.9
12372	20733	-2.81	5.54
12373	20733	-2.63	5.18
12374	20733	-2.46	4.83
12375	20733	-2.3	4.48
12376	20733	-2.15	4.13
12377	20733	-2.0	3.8
12390	20733	-2.81	5.54
12391	20733	-2.63	5.18
12392	20733	-2.46	4.83
12393	20733	-2.3	4.48
12394	20733	-2.15	4.13
12395	20733	-2.0	3.8
12396	20733	-1.84	3.47
12397	20733	-1.7	3.15
12398	20733	-1.55	2.83
12516	20742	4.57	0.84
12517	20742	4.18	0.82
12518	20742	3.84	0.79
12519	20742	3.52	0.76
12520	20742	3.18	0.72
12521	20742	2.78	0.64
12522	20742	2.38	0.55
12523	20742	1.91	0.42
12524	20742	1.42	0.26
12537	20742	6.93	1.07
12538	20742	6.53	1.02
12539	20742	6.14	0.98
12540	20742	5.74	0.94
12541	20742	5.35	0.9
12542	20742	4.96	0.87
12543	20742	4.57	0.84
12544	20742	4.18	0.82
12545	20742	3.84	0.79
12558	20742	9.3	1.44
12559	20742	8.9	1.38
12560	20742	8.51	1.32
12561	20742	8.11	1.25
12562	20742	7.72	1.19
12563	20742	7.32	1.13
12564	20742	6.93	1.07
12565	20742	6.53	1.02
12566	20742	6.14	0.98
12579	20742	8.11	1.25
12580	20742	7.72	1.19
12581	20742	7.32	1.13
12582	20742	6.93	1.07
12583	20742	6.53	1.02
12584	20742	6.14	0.98
12585	20742	5.74	0.94
12586	20742	5.35	0.9
12587	20742	4.96	0.87
12600	20742	5.74	0.94
12601	20742	5.35	0.9
12602	20742	4.96	0.87
12603	20742	4.57	0.84
12604	20742	4.18	0.82
12605	20742	3.84	0.79
12606	20742	3.52	0.76
12607	20742	3.18	0.72
12608	20742	2.78	0.64
12621	20742	5.74	0.94
12622	20742	5.35	0.9
12623	20742	4.96	0.87
12624	20742	4.57	0.84
12625	20742	4.18	0.82
12626	20742	3.84	0.79
12627	20742	3.52	0.76
12628	20742	3.18	0.72
12629	20742	2.78	0.64
12642	20742	3.52	0.76
12643	20742	3.18	0.72
12644	20742	2.78	0.64
12645	20742	2.38	0.55
12646	20742	1.91	0.42
12647	20742	1.42	0.26
12648	20742	0.92	0.09
12649	20742	0.42	-0.07
12650	20742	-0.08	-0.24
12663	20742	5.74	0.94
12664	20742	5.35	0.9
12665	20742	4.96	0.87
12666	20742	4.57	0.84
12667	20742	4.18	0.82
12668	20742	3.84	0.79
12669	20742	3.52	0.76
12670	20742	3.18	0.72
12671	20742	2.78	0.64
12684	20742	4.57	0.84
12685	20742	4.18	0.82
12686	20742	3.84	0.79
12687	20742	3.52	0.76
12688	20742	3.18	0.72
12689	20742	2.78	0.64
12690	20742	2.38	0.55
12691	20742	1.91	0.42
12692	20742	1.42	0.26
12705	20742	0.92	0.09
12706	20742	0.42	-0.07
12707	20742	-0.08	-0.24
12708	20742	-0.56	-0.42
12709	20742	-0.96	-0.6
12710	20742	-1.37	-0.77
12711	20742	-1.77	-0.82
12712	20742	-2.17	-0.86
12713	20742	-2.57	-0.89
12768	20749	-3.36	0.79
12769	20749	-3.04	0.67
12770	20749	-2.78	0.5
12771	20749	-2.52	0.31
12772	20749	-2.25	0.21
12773	20749	-2.01	0.13
12774	20749	-1.85	0.03
12775	20749	-1.69	-0.08
12776	20749	-1.53	-0.18
12789	20755	-9.88	-0.32
12790	20755	-9.48	-0.31
12791	20755	-9.08	-0.29
12792	20755	-8.68	-0.28
12793	20755	-8.28	-0.27
12794	20755	-7.88	-0.25
12795	20755	-7.48	-0.24
12796	20755	-7.08	-0.23
12797	20755	-6.68	-0.22
12810	20755	-8.68	-0.28
12811	20755	-8.28	-0.27
12812	20755	-7.88	-0.25
12813	20755	-7.48	-0.24
12814	20755	-7.08	-0.23
12815	20755	-6.68	-0.22
12816	20755	-6.28	-0.2
12817	20755	-5.88	-0.19
12818	20755	-5.48	-0.18
12831	20755	-5.08	-0.16
12832	20755	-4.68	-0.15
12833	20755	-4.28	-0.14
12834	20755	-3.88	-0.13
12835	20755	-3.48	-0.11
12836	20755	-3.08	-0.1
12837	20755	-2.68	-0.09
12838	20755	-2.3	-0.02
12839	20755	-2.02	0.11
12852	20755	-8.68	-0.28
12853	20755	-8.28	-0.27
12854	20755	-7.88	-0.25
12855	20755	-7.48	-0.24
12856	20755	-7.08	-0.23
12857	20755	-6.68	-0.22
12858	20755	-6.28	-0.2
12859	20755	-5.88	-0.19
12860	20755	-5.48	-0.18
12873	20755	-6.28	-0.2
12874	20755	-5.88	-0.19
12875	20755	-5.48	-0.18
12876	20755	-5.08	-0.16
12877	20755	-4.68	-0.15
12878	20755	-4.28	-0.14
12879	20755	-3.88	-0.13
12880	20755	-3.48	-0.11
12881	20755	-3.08	-0.1
12894	20755	-5.08	-0.16
12895	20755	-4.68	-0.15
12896	20755	-4.28	-0.14
12897	20755	-3.88	-0.13
12898	20755	-3.48	-0.11
12899	20755	-3.08	-0.1
12900	20755	-2.68	-0.09
12901	20755	-2.3	-0.02
12902	20755	-2.02	0.11
12915	20759	-5.16	-6.71
12916	20759	-4.92	-6.4
12917	20759	-4.67	-6.08
12918	20759	-4.43	-5.76
12919	20759	-4.19	-5.45
12920	20759	-3.94	-5.13
12921	20759	-3.7	-4.81
12922	20759	-3.46	-4.49
12923	20759	-3.21	-4.18
12936	20759	-4.43	-5.76
12937	20759	-4.19	-5.45
12938	20759	-3.94	-5.13
12939	20759	-3.7	-4.81
12940	20759	-3.46	-4.49
12941	20759	-3.21	-4.18
12942	20759	-2.97	-3.86
12943	20759	-2.72	-3.54
12944	20759	-2.49	-3.26
12957	20759	-3.7	-4.81
12958	20759	-3.46	-4.49
12959	20759	-3.21	-4.18
12960	20759	-2.97	-3.86
12961	20759	-2.72	-3.54
12962	20759	-2.49	-3.26
12963	20759	-2.28	-2.99
12964	20759	-2.09	-2.71
12965	20759	-1.9	-2.42
12978	20759	-1.73	-2.19
12979	20759	-1.58	-1.96
12980	20759	-1.44	-1.74
12981	20759	-1.26	-1.56
12982	20759	-1.07	-1.37
12983	20759	-0.87	-1.19
12984	20759	-0.68	-1.01
12985	20759	-0.49	-0.83
12986	20759	-0.31	-0.65
12999	20759	-5.89	-7.67
13000	20759	-5.65	-7.35
13001	20759	-5.41	-7.03
13002	20759	-5.16	-6.71
13003	20759	-4.92	-6.4
13004	20759	-4.67	-6.08
13005	20759	-4.43	-5.76
13006	20759	-4.19	-5.45
13007	20759	-3.94	-5.13
13020	20766	6.22	-5.53
13021	20766	5.92	-5.27
13022	20766	5.62	-5.0
13023	20766	5.32	-4.74
13024	20766	5.02	-4.47
13025	20766	4.72	-4.2
13026	20766	4.42	-3.94
13027	20766	4.12	-3.67
13028	20766	3.83	-3.41
13041	20766	1.74	-1.39
13042	20766	1.53	-1.06
13043	20766	1.38	-0.74
13044	20766	1.23	-0.42
13045	20766	1.09	-0.09
13046	20766	0.94	0.23
13047	20766	0.68	0.59
13048	20766	0.41	0.95
13049	20766	0.14	1.32
13062	20766	6.22	-5.53
13063	20766	5.92	-5.27
13064	20766	5.62	-5.0
13065	20766	5.32	-4.74
13066	20766	5.02	-4.47
13067	20766	4.72	-4.2
13068	20766	4.42	-3.94
13069	20766	4.12	-3.67
13070	20766	3.83	-3.41
13083	20766	5.32	-4.74
13084	20766	5.02	-4.47
13085	20766	4.72	-4.2
13086	20766	4.42	-3.94
13087	20766	4.12	-3.67
13088	20766	3.83	-3.41
13089	20766	3.53	-3.14
13090	20766	3.23	-2.87
13091	20766	2.93	-2.61
13167	20785	-6.12	3.12
13168	20785	-5.76	2.92
13169	20785	-5.41	2.72
13170	20785	-5.05	2.52
13171	20785	-4.69	2.31
13172	20785	-4.35	2.1
13173	20785	-4.01	1.89
13174	20785	-3.68	1.68
13175	20785	-3.41	1.48
13167	20788	-6.16	-3.93
13168	20788	-5.83	-3.72
13169	20788	-5.49	-3.5
13170	20788	-5.15	-3.29
13171	20788	-4.82	-3.07
13172	20788	-4.48	-2.86
13173	20788	-4.14	-2.64
13174	20788	-3.8	-2.43
13175	20788	-3.42	-2.23
13188	20785	-3.15	1.29
13189	20785	-2.89	1.08
13190	20785	-2.64	0.85
13191	20785	-2.48	0.64
13192	20785	-2.31	0.44
13193	20785	-2.15	0.26
13194	20785	-1.99	0.07
13195	20785	-1.84	-0.12
13196	20785	-1.69	-0.31
13188	20788	-3.01	-1.99
13189	20788	-2.59	-1.73
13190	20788	-2.11	-1.49
13191	20788	-1.53	-1.32
13192	20788	-0.95	-1.16
13193	20788	-0.38	-1.0
13194	20788	0.17	-0.84
13195	20788	0.61	-0.66
13196	20788	0.93	-0.41
13209	20785	-6.12	3.12
13210	20785	-5.76	2.92
13211	20785	-5.41	2.72
13212	20785	-5.05	2.52
13213	20785	-4.69	2.31
13214	20785	-4.35	2.1
13215	20785	-4.01	1.89
13216	20785	-3.68	1.68
13217	20785	-3.41	1.48
13209	20788	-6.16	-3.93
13210	20788	-5.83	-3.72
13211	20788	-5.49	-3.5
13212	20788	-5.15	-3.29
13213	20788	-4.82	-3.07
13214	20788	-4.48	-2.86
13215	20788	-4.14	-2.64
13216	20788	-3.8	-2.43
13217	20788	-3.42	-2.23
13230	20785	-2.48	0.64
13231	20785	-2.31	0.44
13232	20785	-2.15	0.26
13233	20785	-1.99	0.07
13234	20785	-1.84	-0.12
13235	20785	-1.69	-0.31
13236	20785	-1.54	-0.5
13237	20785	-1.35	-0.74
13238	20785	-1.14	-0.99
13230	20788	-1.53	-1.32
13231	20788	-0.95	-1.16
13232	20788	-0.38	-1.0
13233	20788	0.17	-0.84
13234	20788	0.61	-0.66
13235	20788	0.93	-0.41
13236	20788	1.25	-0.17
13237	20788	1.56	0.08
13238	20788	1.88	0.32
13251	20785	-1.99	0.07
13252	20785	-1.84	-0.12
13253	20785	-1.69	-0.31
13254	20785	-1.54	-0.5
13255	20785	-1.35	-0.74
13256	20785	-1.14	-0.99
13257	20785	-0.93	-1.24
13258	20785	-0.67	-1.45
13259	20785	-0.41	-1.65
13251	20788	0.17	-0.84
13252	20788	0.61	-0.66
13253	20788	0.93	-0.41
13254	20788	1.25	-0.17
13255	20788	1.56	0.08
13256	20788	1.88	0.32
13257	20788	2.2	0.56
13258	20788	2.51	0.81
13259	20788	2.83	1.05
13272	20785	-1.54	-0.5
13273	20785	-1.35	-0.74
13274	20785	-1.14	-0.99
13275	20785	-0.93	-1.24
13276	20785	-0.67	-1.45
13277	20785	-0.41	-1.65
13278	20785	-0.15	-1.83
13279	20785	0.11	-2.01
13280	20785	0.37	-2.16
13272	20788	1.25	-0.17
13273	20788	1.56	0.08
13274	20788	1.88	0.32
13275	20788	2.2	0.56
13276	20788	2.51	0.81
13277	20788	2.83	1.05
13278	20788	3.15	1.3
13279	20788	3.46	1.54
13280	20788	3.78	1.78
13293	20785	-2.48	0.64
13294	20785	-2.31	0.44
13295	20785	-2.15	0.26
13296	20785	-1.99	0.07
13297	20785	-1.84	-0.12
13298	20785	-1.69	-0.31
13299	20785	-1.54	-0.5
13300	20785	-1.35	-0.74
13301	20785	-1.14	-0.99
13293	20788	-1.53	-1.32
13294	20788	-0.95	-1.16
13295	20788	-0.38	-1.0
13296	20788	0.17	-0.84
13297	20788	0.61	-0.66
13298	20788	0.93	-0.41
13299	20788	1.25	-0.17
13300	20788	1.56	0.08
13301	20788	1.88	0.32
13314	20785	-3.15	1.29
13315	20785	-2.89	1.08
13316	20785	-2.64	0.85
13317	20785	-2.48	0.64
13318	20785	-2.31	0.44
13319	20785	-2.15	0.26
13320	20785	-1.99	0.07
13321	20785	-1.84	-0.12
13322	20785	-1.69	-0.31
13314	20788	-3.01	-1.99
13315	20788	-2.59	-1.73
13316	20788	-2.11	-1.49
13317	20788	-1.53	-1.32
13318	20788	-0.95	-1.16
13319	20788	-0.38	-1.0
13320	20788	0.17	-0.84
13321	20788	0.61	-0.66
13322	20788	0.93	-0.41
13335	20785	-6.12	3.12
13336	20785	-5.76	2.92
13337	20785	-5.41	2.72
13338	20785	-5.05	2.52
13339	20785	-4.69	2.31
13340	20785	-4.35	2.1
13341	20785	-4.01	1.89
13342	20785	-3.68	1.68
13343	20785	-3.41	1.48
13335	20788	-6.16	-3.93
13336	20788	-5.83	-3.72
13337	20788	-5.49	-3.5
13338	20788	-5.15	-3.29
13339	20788	-4.82	-3.07
13340	20788	-4.48	-2.86
13341	20788	-4.14	-2.64
13342	20788	-3.8	-2.43
13343	20788	-3.42	-2.23
13356	20794	-3.1	2.0
13357	20794	-2.77	1.79
13358	20794	-2.44	1.59
13359	20794	-2.21	1.51
13360	20794	-2.01	1.44
13361	20794	-1.86	1.38
13362	20794	-1.75	1.32
13363	20794	-1.64	1.29
13364	20794	-1.54	1.27
13377	20794	-8.14	5.26
13378	20794	-7.81	5.04
13379	20794	-7.47	4.83
13380	20794	-7.13	4.61
13381	20794	-6.8	4.39
13382	20794	-6.46	4.18
13383	20794	-6.13	3.96
13384	20794	-5.79	3.74
13385	20794	-5.45	3.52
13398	20794	-2.21	1.51
13399	20794	-2.01	1.44
13400	20794	-1.86	1.38
13401	20794	-1.75	1.32
13402	20794	-1.64	1.29
13403	20794	-1.54	1.27
13404	20794	-1.45	1.25
13405	20794	-1.36	1.24
13406	20794	-1.27	1.24
13419	20794	-1.75	1.32
13420	20794	-1.64	1.29
13421	20794	-1.54	1.27
13422	20794	-1.45	1.25
13423	20794	-1.36	1.24
13424	20794	-1.27	1.24
13425	20794	-1.18	1.24
13426	20794	-1.09	1.24
13427	20794	-0.87	1.11
13440	20796	-6.31	1.63
13441	20796	-5.92	1.53
13442	20796	-5.53	1.43
13443	20796	-5.15	1.33
13444	20796	-4.76	1.23
13445	20796	-4.37	1.13
13446	20796	-3.98	1.03
13447	20796	-3.6	0.93
13448	20796	-3.21	0.83
13440	20797	-0.11	-5.64
13441	20797	-0.11	-5.24
13442	20797	-0.12	-4.83
13443	20797	-0.13	-4.42
13444	20797	-0.15	-4.0
13445	20797	-0.19	-3.62
13446	20797	-0.28	-3.29
13447	20797	-0.38	-2.98
13448	20797	-0.49	-2.66
13461	20796	-2.82	0.73
13462	20796	-2.38	0.61
13463	20796	-2.06	0.53
13464	20796	-1.88	0.54
13465	20796	-1.7	0.56
13466	20796	-1.52	0.58
13467	20796	-1.34	0.59
13468	20796	-1.16	0.61
13469	20796	-0.98	0.62
13461	20797	-0.58	-2.37
13462	20797	-0.66	-2.12
13463	20797	-0.76	-1.89
13464	20797	-0.86	-1.68
13465	20797	-0.95	-1.46
13466	20797	-1.04	-1.25
13467	20797	-1.13	-1.04
13468	20797	-1.21	-0.83
13469	20797	-1.3	-0.63
13482	20796	-7.47	1.93
13483	20796	-7.08	1.83
13484	20796	-6.7	1.73
13485	20796	-6.31	1.63
13486	20796	-5.92	1.53
13487	20796	-5.53	1.43
13488	20796	-5.15	1.33
13489	20796	-4.76	1.23
13490	20796	-4.37	1.13
13482	20797	-0.14	-6.84
13483	20797	-0.13	-6.44
13484	20797	-0.12	-6.04
13485	20797	-0.11	-5.64
13486	20797	-0.11	-5.24
13487	20797	-0.12	-4.83
13488	20797	-0.13	-4.42
13489	20797	-0.15	-4.0
13490	20797	-0.19	-3.62
13503	20796	-6.31	1.63
13504	20796	-5.92	1.53
13505	20796	-5.53	1.43
13506	20796	-5.15	1.33
13507	20796	-4.76	1.23
13508	20796	-4.37	1.13
13509	20796	-3.98	1.03
13510	20796	-3.6	0.93
13511	20796	-3.21	0.83
13503	20797	-0.11	-5.64
13504	20797	-0.11	-5.24
13505	20797	-0.12	-4.83
13506	20797	-0.13	-4.42
13507	20797	-0.15	-4.0
13508	20797	-0.19	-3.62
13509	20797	-0.28	-3.29
13510	20797	-0.38	-2.98
13511	20797	-0.49	-2.66
13524	20801	-5.26	3.06
13525	20801	-4.91	2.86
13526	20801	-4.56	2.66
13527	20801	-4.22	2.46
13528	20801	-3.87	2.26
13529	20801	-3.53	2.06
13530	20801	-3.18	1.86
13531	20801	-2.84	1.65
13532	20801	-2.49	1.45
13587	20808	-2.31	9.54
13588	20808	-2.21	9.15
13589	20808	-2.12	8.77
13590	20808	-2.03	8.38
13591	20808	-1.93	7.99
13592	20808	-1.84	7.6
13593	20808	-1.74	7.21
13594	20808	-1.65	6.82
13595	20808	-1.56	6.43
13608	20808	-1.46	6.04
13609	20808	-1.37	5.66
13610	20808	-1.27	5.27
13611	20808	-1.18	4.88
13612	20808	-1.09	4.49
13613	20808	-0.99	4.1
13614	20808	-0.9	3.71
13615	20808	-0.8	3.32
13616	20808	-0.71	2.93
13629	20808	-0.35	1.48
13630	20808	-0.24	1.33
13631	20808	-0.14	1.18
13632	20808	-0.04	1.02
13633	20808	0.07	0.87
13634	20808	0.17	0.72
13635	20808	0.27	0.57
13636	20808	0.34	0.21
13637	20808	0.42	-0.18
13713	20816	1.54	-1.29
13714	20816	1.38	-1.01
13715	20816	1.22	-0.74
13716	20816	1.05	-0.46
13717	20816	0.89	-0.19
13718	20816	0.73	0.08
13719	20816	0.56	0.35
13720	20816	0.4	0.62
13721	20816	0.23	0.89
13713	20818	0.64	0.06
13714	20818	0.24	0.28
13715	20818	-0.16	0.49
13716	20818	-0.57	0.71
13717	20818	-0.97	0.92
13718	20818	-1.36	1.1
13719	20818	-1.74	1.25
13720	20818	-2.11	1.4
13721	20818	-2.48	1.54
13713	20819	0.07	-1.57
13714	20819	-0.05	-1.21
13715	20819	-0.18	-0.86
13716	20819	-0.3	-0.5
13717	20819	-0.42	-0.15
13718	20819	-0.53	0.24
13719	20819	-0.63	0.64
13720	20819	-0.73	1.04
13721	20819	-0.83	1.45
13713	20820	-1.94	-0.57
13714	20820	-1.86	-0.55
13715	20820	-1.78	-0.53
13716	20820	-1.7	-0.51
13717	20820	-1.62	-0.49
13718	20820	-1.51	-0.45
13719	20820	-1.32	-0.34
13720	20820	-1.09	-0.19
13721	20820	-0.86	-0.04
13734	20816	1.05	-0.46
13735	20816	0.89	-0.19
13736	20816	0.73	0.08
13737	20816	0.56	0.35
13738	20816	0.4	0.62
13739	20816	0.23	0.89
13740	20816	0.06	1.16
13741	20816	-0.13	1.43
13742	20816	-0.34	1.69
13734	20818	-0.57	0.71
13735	20818	-0.97	0.92
13736	20818	-1.36	1.1
13737	20818	-1.74	1.25
13738	20818	-2.11	1.4
13739	20818	-2.48	1.54
13740	20818	-2.85	1.69
13741	20818	-3.22	1.84
13742	20818	-3.6	1.99
13734	20819	-0.3	-0.5
13735	20819	-0.42	-0.15
13736	20819	-0.53	0.24
13737	20819	-0.63	0.64
13738	20819	-0.73	1.04
13739	20819	-0.83	1.45
13740	20819	-0.92	1.85
13741	20819	-1.0	2.25
13742	20819	-1.08	2.64
13734	20820	-1.7	-0.51
13735	20820	-1.62	-0.49
13736	20820	-1.51	-0.45
13737	20820	-1.32	-0.34
13738	20820	-1.09	-0.19
13739	20820	-0.86	-0.04
13740	20820	-0.62	0.11
13741	20820	-0.36	0.25
13742	20820	-0.08	0.37
13755	20816	3.07	-4.2
13756	20816	2.87	-3.89
13757	20816	2.67	-3.57
13758	20816	2.5	-3.24
13759	20816	2.33	-2.93
13760	20816	2.17	-2.6
13761	20816	2.01	-2.23
13762	20816	1.85	-1.9
13763	20816	1.7	-1.58
13755	20818	4.1	-1.86
13756	20818	3.74	-1.67
13757	20818	3.39	-1.47
13758	20818	3.0	-1.24
13759	20818	2.6	-1.01
13760	20818	2.21	-0.79
13761	20818	1.83	-0.59
13762	20818	1.43	-0.37
13763	20818	1.03	-0.15
13755	20819	1.13	-4.83
13756	20819	1.0	-4.45
13757	20819	0.87	-4.09
13758	20819	0.76	-3.71
13759	20819	0.64	-3.34
13760	20819	0.54	-2.98
13761	20819	0.43	-2.63
13762	20819	0.31	-2.28
13763	20819	0.19	-1.92
13755	20820	-4.43	-1.64
13756	20820	-4.05	-1.48
13757	20820	-3.66	-1.31
13758	20820	-3.28	-1.17
13759	20820	-2.91	-1.03
13760	20820	-2.52	-0.85
13761	20820	-2.15	-0.65
13762	20820	-2.1	-0.62
13763	20820	-2.02	-0.59
13776	20816	1.05	-0.46
13777	20816	0.89	-0.19
13778	20816	0.73	0.08
13779	20816	0.56	0.35
13780	20816	0.4	0.62
13781	20816	0.23	0.89
13782	20816	0.06	1.16
13783	20816	-0.13	1.43
13784	20816	-0.34	1.69
13776	20818	-0.57	0.71
13777	20818	-0.97	0.92
13778	20818	-1.36	1.1
13779	20818	-1.74	1.25
13780	20818	-2.11	1.4
13781	20818	-2.48	1.54
13782	20818	-2.85	1.69
13783	20818	-3.22	1.84
13784	20818	-3.6	1.99
13776	20819	-0.3	-0.5
13777	20819	-0.42	-0.15
13778	20819	-0.53	0.24
13779	20819	-0.63	0.64
13780	20819	-0.73	1.04
13781	20819	-0.83	1.45
13782	20819	-0.92	1.85
13783	20819	-1.0	2.25
13784	20819	-1.08	2.64
13776	20820	-1.7	-0.51
13777	20820	-1.62	-0.49
13778	20820	-1.51	-0.45
13779	20820	-1.32	-0.34
13780	20820	-1.09	-0.19
13781	20820	-0.86	-0.04
13782	20820	-0.62	0.11
13783	20820	-0.36	0.25
13784	20820	-0.08	0.37
13965	20837	-3.71	7.31
13966	20837	-3.53	6.96
13967	20837	-3.35	6.6
13968	20837	-3.17	6.24
13969	20837	-2.99	5.89
13970	20837	-2.8	5.53
13971	20837	-2.62	5.17
13972	20837	-2.44	4.82
13973	20837	-2.27	4.46
13965	20838	-4.68	-6.85
13966	20838	-4.45	-6.52
13967	20838	-4.23	-6.19
13968	20838	-4.0	-5.86
13969	20838	-3.78	-5.53
13970	20838	-3.55	-5.19
13971	20838	-3.33	-4.86
13972	20838	-3.1	-4.53
13973	20838	-2.87	-4.2
14091	20845	0.77	3.69
14092	20845	0.67	3.38
14093	20845	0.58	3.08
14094	20845	0.49	2.78
14095	20845	0.41	2.48
14096	20845	0.32	2.15
14097	20845	0.23	1.82
14098	20845	0.14	1.49
14099	20845	0.04	1.15
14091	20846	-3.16	2.61
14092	20846	-2.92	2.31
14093	20846	-2.7	2.01
14094	20846	-2.48	1.7
14095	20846	-2.26	1.38
14096	20846	-2.08	1.05
14097	20846	-1.9	0.71
14098	20846	-1.73	0.36
14099	20846	-1.56	0.02
14112	20850	1.35	-4.73
14113	20850	1.24	-4.34
14114	20850	1.13	-3.96
14115	20850	1.02	-3.57
14116	20850	0.91	-3.21
14117	20850	0.79	-2.9
14118	20850	0.68	-2.59
14119	20850	0.56	-2.26
14120	20850	0.46	-1.83
14112	20852	-3.99	2.71
14113	20852	-3.66	2.49
14114	20852	-3.33	2.26
14115	20852	-3.01	2.04
14116	20852	-2.74	1.84
14117	20852	-2.47	1.63
14118	20852	-2.2	1.49
14119	20852	-1.94	1.35
14120	20852	-1.76	1.13
14133	20850	2.0	-7.04
14134	20850	1.89	-6.65
14135	20850	1.78	-6.27
14136	20850	1.67	-5.88
14137	20850	1.56	-5.5
14138	20850	1.45	-5.11
14139	20850	1.35	-4.73
14140	20850	1.24	-4.34
14141	20850	1.13	-3.96
14133	20852	-5.97	4.06
14134	20852	-5.64	3.84
14135	20852	-5.31	3.61
14136	20852	-4.98	3.39
14137	20852	-4.65	3.16
14138	20852	-4.32	2.94
14139	20852	-3.99	2.71
14140	20852	-3.66	2.49
14141	20852	-3.33	2.26
14154	20850	1.67	-5.88
14155	20850	1.56	-5.5
14156	20850	1.45	-5.11
14157	20850	1.35	-4.73
14158	20850	1.24	-4.34
14159	20850	1.13	-3.96
14160	20850	1.02	-3.57
14161	20850	0.91	-3.21
14162	20850	0.79	-2.9
14154	20852	-4.98	3.39
14155	20852	-4.65	3.16
14156	20852	-4.32	2.94
14157	20852	-3.99	2.71
14158	20852	-3.66	2.49
14159	20852	-3.33	2.26
14160	20852	-3.01	2.04
14161	20852	-2.74	1.84
14162	20852	-2.47	1.63
14448	20876	0.92	0.97
14449	20876	0.5	1.11
14450	20876	0.07	1.26
14451	20876	-0.35	1.4
14452	20876	-0.76	1.54
14453	20876	-1.18	1.6
14454	20876	-1.54	1.4
14455	20876	-1.88	1.21
14456	20876	-2.23	1.01
14469	20876	-1.54	1.4
14470	20876	-1.88	1.21
14471	20876	-2.23	1.01
14472	20876	-2.58	0.81
14473	20876	-2.93	0.62
14474	20876	-3.28	0.42
14475	20876	-3.62	0.22
14476	20876	-3.97	0.02
14477	20876	-4.32	-0.17
14490	20876	0.92	0.97
14491	20876	0.5	1.11
14492	20876	0.07	1.26
14493	20876	-0.35	1.4
14494	20876	-0.76	1.54
14495	20876	-1.18	1.6
14496	20876	-1.54	1.4
14497	20876	-1.88	1.21
14498	20876	-2.23	1.01
14700	20892	-0.77	-3.1
14701	20892	-0.66	-2.69
14702	20892	-0.61	-2.18
14703	20892	-0.58	-1.66
14704	20892	-0.55	-1.14
14705	20892	-0.56	-0.63
14706	20892	-0.57	-0.13
14707	20892	-0.56	0.37
14708	20892	-0.54	0.86
14721	20892	-1.36	-5.56
14722	20892	-1.27	-5.17
14723	20892	-1.19	-4.76
14724	20892	-1.11	-4.35
14725	20892	-1.01	-3.94
14726	20892	-0.89	-3.52
14727	20892	-0.77	-3.1
14728	20892	-0.66	-2.69
14729	20892	-0.61	-2.18
14847	20901	-7.67	-2.58
14848	20901	-7.29	-2.45
14849	20901	-6.91	-2.33
14850	20901	-6.53	-2.2
14851	20901	-6.15	-2.07
14852	20901	-5.77	-1.94
14853	20901	-5.39	-1.82
14854	20901	-5.01	-1.69
14855	20901	-4.64	-1.56
14868	20901	-6.53	-2.2
14869	20901	-6.15	-2.07
14870	20901	-5.77	-1.94
14871	20901	-5.39	-1.82
14872	20901	-5.01	-1.69
14873	20901	-4.64	-1.56
14874	20901	-4.26	-1.43
14875	20901	-3.88	-1.31
14876	20901	-3.5	-1.18
14889	20901	-5.39	-1.82
14890	20901	-5.01	-1.69
14891	20901	-4.64	-1.56
14892	20901	-4.26	-1.43
14893	20901	-3.88	-1.31
14894	20901	-3.5	-1.18
14895	20901	-3.12	-1.05
14896	20901	-2.74	-0.92
14897	20901	-2.36	-0.8
14910	20901	-1.59	-0.38
14911	20901	-1.61	-0.28
14912	20901	-1.63	-0.17
14913	20901	-1.66	-0.07
14914	20901	-1.68	0.03
14915	20901	-1.7	0.14
14916	20901	-1.73	0.24
14917	20901	-1.75	0.35
14918	20901	-1.75	0.46
14931	20901	-6.53	-2.2
14932	20901	-6.15	-2.07
14933	20901	-5.77	-1.94
14934	20901	-5.39	-1.82
14935	20901	-5.01	-1.69
14936	20901	-4.64	-1.56
14937	20901	-4.26	-1.43
14938	20901	-3.88	-1.31
14939	20901	-3.5	-1.18
14952	20901	-5.39	-1.82
14953	20901	-5.01	-1.69
14954	20901	-4.64	-1.56
14955	20901	-4.26	-1.43
14956	20901	-3.88	-1.31
14957	20901	-3.5	-1.18
14958	20901	-3.12	-1.05
14959	20901	-2.74	-0.92
14960	20901	-2.36	-0.8
14973	20901	-3.12	-1.05
14974	20901	-2.74	-0.92
14975	20901	-2.36	-0.8
14976	20901	-1.98	-0.67
14977	20901	-1.8	-0.58
14978	20901	-1.68	-0.48
14979	20901	-1.59	-0.38
14980	20901	-1.61	-0.28
14981	20901	-1.63	-0.17
14994	20901	-1.59	-0.38
14995	20901	-1.61	-0.28
14996	20901	-1.63	-0.17
14997	20901	-1.66	-0.07
14998	20901	-1.68	0.03
14999	20901	-1.7	0.14
15000	20901	-1.73	0.24
15001	20901	-1.75	0.35
15002	20901	-1.75	0.46
15015	20907	5.86	1.24
15016	20907	5.47	1.18
15017	20907	5.07	1.12
15018	20907	4.67	1.06
15019	20907	4.25	1.0
15020	20907	3.83	0.93
15021	20907	3.42	0.86
15022	20907	3.01	0.81
15023	20907	2.62	0.78
15036	20907	2.21	0.78
15037	20907	1.85	0.84
15038	20907	1.42	0.96
15039	20907	0.96	1.08
15040	20907	0.47	1.2
15041	20907	-0.01	1.32
15042	20907	-0.49	1.42
15043	20907	-0.91	1.31
15044	20907	-1.32	1.19
15057	20907	7.04	1.46
15058	20907	6.65	1.38
15059	20907	6.25	1.31
15060	20907	5.86	1.24
15061	20907	5.47	1.18
15062	20907	5.07	1.12
15063	20907	4.67	1.06
15064	20907	4.25	1.0
15065	20907	3.83	0.93
15078	20907	8.21	1.7
15079	20907	7.82	1.62
15080	20907	7.43	1.54
15081	20907	7.04	1.46
15082	20907	6.65	1.38
15083	20907	6.25	1.31
15084	20907	5.86	1.24
15085	20907	5.47	1.18
15086	20907	5.07	1.12
15540	20928	-4.06	-2.48
15541	20928	-3.72	-2.27
15542	20928	-3.38	-2.07
15543	20928	-3.04	-1.86
15544	20928	-2.69	-1.65
15545	20928	-2.39	-1.44
15546	20928	-2.12	-1.23
15547	20928	-1.87	-1.08
15548	20928	-1.63	-1.03
15540	20929	-1.51	3.87
15541	20929	-1.37	3.47
15542	20929	-1.23	3.07
15543	20929	-1.09	2.68
15544	20929	-0.95	2.28
15545	20929	-0.78	1.88
15546	20929	-0.59	1.4
15547	20929	-0.42	0.92
15548	20929	-0.24	0.43
15540	20930	1.77	4.54
15541	20930	1.63	4.19
15542	20930	1.49	3.84
15543	20930	1.35	3.49
15544	20930	1.21	3.14
15545	20930	1.07	2.79
15546	20930	0.91	2.43
15547	20930	0.71	2.06
15548	20930	0.5	1.79
15561	20931	8.82	0.68
15562	20931	8.42	0.66
15563	20931	8.02	0.63
15564	20931	7.63	0.61
15565	20931	7.24	0.59
15566	20931	6.85	0.57
15567	20931	6.47	0.55
15568	20931	6.08	0.53
15569	20931	5.7	0.52
15561	20932	4.65	7.11
15562	20932	4.43	6.78
15563	20932	4.22	6.44
15564	20932	4.0	6.11
15565	20932	3.78	5.77
15566	20932	3.56	5.44
15567	20932	3.34	5.1
15568	20932	3.12	4.77
15569	20932	2.9	4.43
15561	20933	8.28	-1.23
15562	20933	7.88	-1.18
15563	20933	7.48	-1.13
15564	20933	7.08	-1.08
15565	20933	6.67	-1.03
15566	20933	6.27	-0.98
15567	20933	5.86	-0.94
15568	20933	5.45	-0.89
15569	20933	5.04	-0.84
15582	20931	7.63	0.61
15583	20931	7.24	0.59
15584	20931	6.85	0.57
15585	20931	6.47	0.55
15586	20931	6.08	0.53
15587	20931	5.7	0.52
15588	20931	5.32	0.49
15589	20931	4.94	0.47
15590	20931	4.58	0.44
15582	20932	4.0	6.11
15583	20932	3.78	5.77
15584	20932	3.56	5.44
15585	20932	3.34	5.1
15586	20932	3.12	4.77
15587	20932	2.9	4.43
15588	20932	2.68	4.1
15589	20932	2.46	3.76
15590	20932	2.23	3.43
15582	20933	7.08	-1.08
15583	20933	6.67	-1.03
15584	20933	6.27	-0.98
15585	20933	5.86	-0.94
15586	20933	5.45	-0.89
15587	20933	5.04	-0.84
15588	20933	4.62	-0.79
15589	20933	4.2	-0.74
15590	20933	3.79	-0.69
15603	20931	6.47	0.55
15604	20931	6.08	0.53
15605	20931	5.7	0.52
15606	20931	5.32	0.49
15607	20931	4.94	0.47
15608	20931	4.58	0.44
15609	20931	4.22	0.42
15610	20931	3.88	0.41
15611	20931	3.55	0.4
15603	20932	3.34	5.1
15604	20932	3.12	4.77
15605	20932	2.9	4.43
15606	20932	2.68	4.1
15607	20932	2.46	3.76
15608	20932	2.23	3.43
15609	20932	2.0	3.06
15610	20932	1.79	2.71
15611	20932	1.57	2.37
15603	20933	5.86	-0.94
15604	20933	5.45	-0.89
15605	20933	5.04	-0.84
15606	20933	4.62	-0.79
15607	20933	4.2	-0.74
15608	20933	3.79	-0.69
15609	20933	3.38	-0.63
15610	20933	2.9	-0.64
15611	20933	2.41	-0.63
15624	20931	5.32	0.49
15625	20931	4.94	0.47
15626	20931	4.58	0.44
15627	20931	4.22	0.42
15628	20931	3.88	0.41
15629	20931	3.55	0.4
15630	20931	3.22	0.39
15631	20931	2.89	0.38
15632	20931	2.56	0.39
15624	20932	2.68	4.1
15625	20932	2.46	3.76
15626	20932	2.23	3.43
15627	20932	2.0	3.06
15628	20932	1.79	2.71
15629	20932	1.57	2.37
15630	20932	1.36	2.03
15631	20932	1.15	1.68
15632	20932	0.93	1.34
15624	20933	4.62	-0.79
15625	20933	4.2	-0.74
15626	20933	3.79	-0.69
15627	20933	3.38	-0.63
15628	20933	2.9	-0.64
15629	20933	2.41	-0.63
15630	20933	1.89	-0.58
15631	20933	1.36	-0.53
15632	20933	0.85	-0.5
15645	20931	4.22	0.42
15646	20931	3.88	0.41
15647	20931	3.55	0.4
15648	20931	3.22	0.39
15649	20931	2.89	0.38
15650	20931	2.56	0.39
15651	20931	2.26	0.46
15652	20931	1.97	0.52
15653	20931	1.68	0.57
15645	20932	2.0	3.06
15646	20932	1.79	2.71
15647	20932	1.57	2.37
15648	20932	1.36	2.03
15649	20932	1.15	1.68
15650	20932	0.93	1.34
15651	20932	0.69	1.01
15652	20932	0.45	0.68
15653	20932	0.2	0.34
15645	20933	3.38	-0.63
15646	20933	2.9	-0.64
15647	20933	2.41	-0.63
15648	20933	1.89	-0.58
15649	20933	1.36	-0.53
15650	20933	0.85	-0.5
15651	20933	0.36	-0.51
15652	20933	-0.14	-0.51
15653	20933	-0.64	-0.52
15666	20931	1.4	0.63
15667	20931	1.11	0.69
15668	20931	0.83	0.74
15669	20931	0.54	0.8
15670	20931	0.24	0.83
15671	20931	-0.16	0.78
15672	20931	-0.55	0.71
15673	20931	-0.95	0.65
15674	20931	-1.34	0.59
15666	20932	-0.04	0.01
15667	20932	-0.27	-0.32
15668	20932	-0.49	-0.66
15669	20932	-0.71	-0.99
15670	20932	-0.93	-1.33
15671	20932	-1.14	-1.66
15672	20932	-1.36	-2.0
15673	20932	-1.58	-2.34
15674	20932	-1.79	-2.67
15666	20933	-1.13	-0.5
15667	20933	-1.52	-0.41
15668	20933	-1.91	-0.32
15669	20933	-2.3	-0.23
15670	20933	-2.69	-0.15
15671	20933	-3.08	-0.06
15672	20933	-3.47	0.03
15673	20933	-3.86	0.12
15674	20933	-4.25	0.21
15687	20931	4.22	0.42
15688	20931	3.88	0.41
15689	20931	3.55	0.4
15690	20931	3.22	0.39
15691	20931	2.89	0.38
15692	20931	2.56	0.39
15693	20931	2.26	0.46
15694	20931	1.97	0.52
15695	20931	1.68	0.57
15687	20932	2.0	3.06
15688	20932	1.79	2.71
15689	20932	1.57	2.37
15690	20932	1.36	2.03
15691	20932	1.15	1.68
15692	20932	0.93	1.34
15693	20932	0.69	1.01
15694	20932	0.45	0.68
15695	20932	0.2	0.34
15687	20933	3.38	-0.63
15688	20933	2.9	-0.64
15689	20933	2.41	-0.63
15690	20933	1.89	-0.58
15691	20933	1.36	-0.53
15692	20933	0.85	-0.5
15693	20933	0.36	-0.51
15694	20933	-0.14	-0.51
15695	20933	-0.64	-0.52
15708	20931	8.82	0.68
15709	20931	8.42	0.66
15710	20931	8.02	0.63
15711	20931	7.63	0.61
15712	20931	7.24	0.59
15713	20931	6.85	0.57
15714	20931	6.47	0.55
15715	20931	6.08	0.53
15716	20931	5.7	0.52
15708	20932	4.65	7.11
15709	20932	4.43	6.78
15710	20932	4.22	6.44
15711	20932	4.0	6.11
15712	20932	3.78	5.77
15713	20932	3.56	5.44
15714	20932	3.34	5.1
15715	20932	3.12	4.77
15716	20932	2.9	4.43
15708	20933	8.28	-1.23
15709	20933	7.88	-1.18
15710	20933	7.48	-1.13
15711	20933	7.08	-1.08
15712	20933	6.67	-1.03
15713	20933	6.27	-0.98
15714	20933	5.86	-0.94
15715	20933	5.45	-0.89
15716	20933	5.04	-0.84
15729	20931	6.47	0.55
15730	20931	6.08	0.53
15731	20931	5.7	0.52
15732	20931	5.32	0.49
15733	20931	4.94	0.47
15734	20931	4.58	0.44
15735	20931	4.22	0.42
15736	20931	3.88	0.41
15737	20931	3.55	0.4
15729	20932	3.34	5.1
15730	20932	3.12	4.77
15731	20932	2.9	4.43
15732	20932	2.68	4.1
15733	20932	2.46	3.76
15734	20932	2.23	3.43
15735	20932	2.0	3.06
15736	20932	1.79	2.71
15737	20932	1.57	2.37
15729	20933	5.86	-0.94
15730	20933	5.45	-0.89
15731	20933	5.04	-0.84
15732	20933	4.62	-0.79
15733	20933	4.2	-0.74
15734	20933	3.79	-0.69
15735	20933	3.38	-0.63
15736	20933	2.9	-0.64
15737	20933	2.41	-0.63
15750	20931	4.22	0.42
15751	20931	3.88	0.41
15752	20931	3.55	0.4
15753	20931	3.22	0.39
15754	20931	2.89	0.38
15755	20931	2.56	0.39
15756	20931	2.26	0.46
15757	20931	1.97	0.52
15758	20931	1.68	0.57
15750	20932	2.0	3.06
15751	20932	1.79	2.71
15752	20932	1.57	2.37
15753	20932	1.36	2.03
15754	20932	1.15	1.68
15755	20932	0.93	1.34
15756	20932	0.69	1.01
15757	20932	0.45	0.68
15758	20932	0.2	0.34
15750	20933	3.38	-0.63
15751	20933	2.9	-0.64
15752	20933	2.41	-0.63
15753	20933	1.89	-0.58
15754	20933	1.36	-0.53
15755	20933	0.85	-0.5
15756	20933	0.36	-0.51
15757	20933	-0.14	-0.51
15758	20933	-0.64	-0.52
15939	20944	7.35	0.57
15940	20944	6.95	0.54
15941	20944	6.55	0.5
15942	20944	6.15	0.47
15943	20944	5.75	0.45
15944	20944	5.36	0.43
15945	20944	4.96	0.42
15946	20944	4.56	0.42
15947	20944	4.17	0.43
15939	20945	6.37	-3.67
15940	20945	6.02	-3.47
15941	20945	5.67	-3.27
15942	20945	5.33	-3.07
15943	20945	4.99	-2.88
15944	20945	4.65	-2.69
15945	20945	4.32	-2.51
15946	20945	3.97	-2.35
15947	20945	3.62	-2.19
15960	20944	8.54	0.66
15961	20944	8.15	0.63
15962	20944	7.75	0.6
15963	20944	7.35	0.57
15964	20944	6.95	0.54
15965	20944	6.55	0.5
15966	20944	6.15	0.47
15967	20944	5.75	0.45
15968	20944	5.36	0.43
15960	20945	7.41	-4.27
15961	20945	7.06	-4.07
15962	20945	6.71	-3.87
15963	20945	6.37	-3.67
15964	20945	6.02	-3.47
15965	20945	5.67	-3.27
15966	20945	5.33	-3.07
15967	20945	4.99	-2.88
15968	20945	4.65	-2.69
15981	20944	1.75	0.55
15982	20944	1.43	0.64
15983	20944	1.1	0.73
15984	20944	0.69	0.82
15985	20944	0.29	0.9
15986	20944	-0.09	0.93
15987	20944	-0.49	0.87
15988	20944	-0.88	0.8
15989	20944	-1.28	0.73
15981	20945	1.19	-1.54
15982	20945	0.83	-1.57
15983	20945	0.48	-1.6
15984	20945	0.13	-1.63
15985	20945	-0.32	-1.58
15986	20945	-0.77	-1.52
15987	20945	-1.21	-1.46
15988	20945	-1.67	-1.26
15989	20945	-2.13	-1.02
16002	20944	8.54	0.66
16003	20944	8.15	0.63
16004	20944	7.75	0.6
16005	20944	7.35	0.57
16006	20944	6.95	0.54
16007	20944	6.55	0.5
16008	20944	6.15	0.47
16009	20944	5.75	0.45
16010	20944	5.36	0.43
16002	20945	7.41	-4.27
16003	20945	7.06	-4.07
16004	20945	6.71	-3.87
16005	20945	6.37	-3.67
16006	20945	6.02	-3.47
16007	20945	5.67	-3.27
16008	20945	5.33	-3.07
16009	20945	4.99	-2.88
16010	20945	4.65	-2.69
16086	20955	-6.12	2.96
16087	20955	-5.75	2.8
16088	20955	-5.38	2.64
16089	20955	-5.01	2.48
16090	20955	-4.63	2.32
16091	20955	-4.24	2.15
16092	20955	-3.85	1.96
16093	20955	-3.45	1.75
16094	20955	-3.04	1.56
16086	20956	-6.5	-3.43
16087	20956	-6.15	-3.25
16088	20956	-5.8	-3.06
16089	20956	-5.44	-2.88
16090	20956	-5.09	-2.7
16091	20956	-4.72	-2.54
16092	20956	-4.36	-2.38
16093	20956	-3.98	-2.23
16094	20956	-3.62	-2.1
16107	20955	-3.85	1.96
16108	20955	-3.45	1.75
16109	20955	-3.04	1.56
16110	20955	-2.62	1.37
16111	20955	-2.18	1.21
16112	20955	-1.74	1.03
16113	20955	-1.28	0.81
16114	20955	-0.83	0.61
16115	20955	-0.37	0.44
16107	20956	-4.36	-2.38
16108	20956	-3.98	-2.23
16109	20956	-3.62	-2.1
16110	20956	-3.26	-1.97
16111	20956	-2.97	-1.83
16112	20956	-2.69	-1.7
16113	20956	-2.41	-1.56
16114	20956	-2.13	-1.42
16115	20956	-1.84	-1.33
16128	20955	-2.62	1.37
16129	20955	-2.18	1.21
16130	20955	-1.74	1.03
16131	20955	-1.28	0.81
16132	20955	-0.83	0.61
16133	20955	-0.37	0.44
16134	20955	0.08	0.27
16135	20955	0.53	0.09
16136	20955	0.97	-0.1
16128	20956	-3.26	-1.97
16129	20956	-2.97	-1.83
16130	20956	-2.69	-1.7
16131	20956	-2.41	-1.56
16132	20956	-2.13	-1.42
16133	20956	-1.84	-1.33
16134	20956	-1.54	-1.24
16135	20956	-1.24	-1.15
16136	20956	-0.94	-1.06
16149	20955	-6.12	2.96
16150	20955	-5.75	2.8
16151	20955	-5.38	2.64
16152	20955	-5.01	2.48
16153	20955	-4.63	2.32
16154	20955	-4.24	2.15
16155	20955	-3.85	1.96
16156	20955	-3.45	1.75
16157	20955	-3.04	1.56
16149	20956	-6.5	-3.43
16150	20956	-6.15	-3.25
16151	20956	-5.8	-3.06
16152	20956	-5.44	-2.88
16153	20956	-5.09	-2.7
16154	20956	-4.72	-2.54
16155	20956	-4.36	-2.38
16156	20956	-3.98	-2.23
16157	20956	-3.62	-2.1
16170	20955	-6.12	2.96
16171	20955	-5.75	2.8
16172	20955	-5.38	2.64
16173	20955	-5.01	2.48
16174	20955	-4.63	2.32
16175	20955	-4.24	2.15
16176	20955	-3.85	1.96
16177	20955	-3.45	1.75
16178	20955	-3.04	1.56
16170	20956	-6.5	-3.43
16171	20956	-6.15	-3.25
16172	20956	-5.8	-3.06
16173	20956	-5.44	-2.88
16174	20956	-5.09	-2.7
16175	20956	-4.72	-2.54
16176	20956	-4.36	-2.38
16177	20956	-3.98	-2.23
16178	20956	-3.62	-2.1
16191	20955	-2.62	1.37
16192	20955	-2.18	1.21
16193	20955	-1.74	1.03
16194	20955	-1.28	0.81
16195	20955	-0.83	0.61
16196	20955	-0.37	0.44
16197	20955	0.08	0.27
16198	20955	0.53	0.09
16199	20955	0.97	-0.1
16191	20956	-3.26	-1.97
16192	20956	-2.97	-1.83
16193	20956	-2.69	-1.7
16194	20956	-2.41	-1.56
16195	20956	-2.13	-1.42
16196	20956	-1.84	-1.33
16197	20956	-1.54	-1.24
16198	20956	-1.24	-1.15
16199	20956	-0.94	-1.06
16212	20955	-7.2	3.48
16213	20955	-6.84	3.3
16214	20955	-6.48	3.13
16215	20955	-6.12	2.96
16216	20955	-5.75	2.8
16217	20955	-5.38	2.64
16218	20955	-5.01	2.48
16219	20955	-4.63	2.32
16220	20955	-4.24	2.15
16212	20956	-7.57	-3.99
16213	20956	-7.21	-3.81
16214	20956	-6.86	-3.62
16215	20956	-6.5	-3.43
16216	20956	-6.15	-3.25
16217	20956	-5.8	-3.06
16218	20956	-5.44	-2.88
16219	20956	-5.09	-2.7
16220	20956	-4.72	-2.54
16233	20955	-6.12	2.96
16234	20955	-5.75	2.8
16235	20955	-5.38	2.64
16236	20955	-5.01	2.48
16237	20955	-4.63	2.32
16238	20955	-4.24	2.15
16239	20955	-3.85	1.96
16240	20955	-3.45	1.75
16241	20955	-3.04	1.56
16233	20956	-6.5	-3.43
16234	20956	-6.15	-3.25
16235	20956	-5.8	-3.06
16236	20956	-5.44	-2.88
16237	20956	-5.09	-2.7
16238	20956	-4.72	-2.54
16239	20956	-4.36	-2.38
16240	20956	-3.98	-2.23
16241	20956	-3.62	-2.1
16254	20955	-5.01	2.48
16255	20955	-4.63	2.32
16256	20955	-4.24	2.15
16257	20955	-3.85	1.96
16258	20955	-3.45	1.75
16259	20955	-3.04	1.56
16260	20955	-2.62	1.37
16261	20955	-2.18	1.21
16262	20955	-1.74	1.03
16254	20956	-5.44	-2.88
16255	20956	-5.09	-2.7
16256	20956	-4.72	-2.54
16257	20956	-4.36	-2.38
16258	20956	-3.98	-2.23
16259	20956	-3.62	-2.1
16260	20956	-3.26	-1.97
16261	20956	-2.97	-1.83
16262	20956	-2.69	-1.7
16275	20959	5.67	-1.81
16276	20959	5.28	-1.7
16277	20959	4.89	-1.6
16278	20959	4.49	-1.5
16279	20959	4.08	-1.4
16280	20959	3.67	-1.29
16281	20959	3.26	-1.19
16282	20959	2.91	-1.17
16283	20959	2.57	-1.15
16275	20962	-6.09	-2.21
16276	20962	-5.71	-2.07
16277	20962	-5.34	-1.94
16278	20962	-4.96	-1.8
16279	20962	-4.59	-1.66
16280	20962	-4.21	-1.53
16281	20962	-3.83	-1.39
16282	20962	-3.46	-1.25
16283	20962	-3.08	-1.12
16296	20959	6.81	-2.15
16297	20959	6.43	-2.03
16298	20959	6.04	-1.92
16299	20959	5.67	-1.81
16300	20959	5.28	-1.7
16301	20959	4.89	-1.6
16302	20959	4.49	-1.5
16303	20959	4.08	-1.4
16304	20959	3.67	-1.29
16296	20962	-7.22	-2.62
16297	20962	-6.84	-2.48
16298	20962	-6.47	-2.34
16299	20962	-6.09	-2.21
16300	20962	-5.71	-2.07
16301	20962	-5.34	-1.94
16302	20962	-4.96	-1.8
16303	20962	-4.59	-1.66
16304	20962	-4.21	-1.53
16317	20959	5.67	-1.81
16318	20959	5.28	-1.7
16319	20959	4.89	-1.6
16320	20959	4.49	-1.5
16321	20959	4.08	-1.4
16322	20959	3.67	-1.29
16323	20959	3.26	-1.19
16324	20959	2.91	-1.17
16325	20959	2.57	-1.15
16317	20962	-6.09	-2.21
16318	20962	-5.71	-2.07
16319	20962	-5.34	-1.94
16320	20962	-4.96	-1.8
16321	20962	-4.59	-1.66
16322	20962	-4.21	-1.53
16323	20962	-3.83	-1.39
16324	20962	-3.46	-1.25
16325	20962	-3.08	-1.12
16338	20969	-3.17	8.73
16339	20969	-3.04	8.35
16340	20969	-2.9	7.98
16341	20969	-2.76	7.6
16342	20969	-2.63	7.22
16343	20969	-2.49	6.85
16344	20969	-2.35	6.47
16345	20969	-2.22	6.1
16346	20969	-2.08	5.72
16338	20972	-8.65	5.2
16339	20972	-8.31	5.0
16340	20972	-7.96	4.79
16341	20972	-7.62	4.58
16342	20972	-7.28	4.38
16343	20972	-6.93	4.17
16344	20972	-6.59	3.97
16345	20972	-6.25	3.76
16346	20972	-5.91	3.55
16359	20969	-3.17	8.73
16360	20969	-3.04	8.35
16361	20969	-2.9	7.98
16362	20969	-2.76	7.6
16363	20969	-2.63	7.22
16364	20969	-2.49	6.85
16365	20969	-2.35	6.47
16366	20969	-2.22	6.1
16367	20969	-2.08	5.72
16359	20972	-8.65	5.2
16360	20972	-8.31	5.0
16361	20972	-7.96	4.79
16362	20972	-7.62	4.58
16363	20972	-7.28	4.38
16364	20972	-6.93	4.17
16365	20972	-6.59	3.97
16366	20972	-6.25	3.76
16367	20972	-5.91	3.55
16380	20969	-2.35	6.47
16381	20969	-2.22	6.1
16382	20969	-2.08	5.72
16383	20969	-1.94	5.34
16384	20969	-1.81	4.97
16385	20969	-1.67	4.59
16386	20969	-1.53	4.22
16387	20969	-1.38	3.81
16388	20969	-1.24	3.41
16380	20972	-6.59	3.97
16381	20972	-6.25	3.76
16382	20972	-5.91	3.55
16383	20972	-5.56	3.35
16384	20972	-5.22	3.14
16385	20972	-4.88	2.93
16386	20972	-4.54	2.73
16387	20972	-4.21	2.53
16388	20972	-3.88	2.33
16401	20969	-1.94	5.34
16402	20969	-1.81	4.97
16403	20969	-1.67	4.59
16404	20969	-1.53	4.22
16405	20969	-1.38	3.81
16406	20969	-1.24	3.41
16407	20969	-1.1	3.0
16408	20969	-0.96	2.6
16409	20969	-0.9	2.11
16401	20972	-5.56	3.35
16402	20972	-5.22	3.14
16403	20972	-4.88	2.93
16404	20972	-4.54	2.73
16405	20972	-4.21	2.53
16406	20972	-3.88	2.33
16407	20972	-3.54	2.13
16408	20972	-3.21	1.94
16409	20972	-2.89	1.73
16422	20969	-1.1	3.0
16423	20969	-0.96	2.6
16424	20969	-0.9	2.11
16425	20969	-0.96	1.54
16426	20969	-0.95	1.02
16427	20969	-0.97	0.47
16428	20969	-0.99	-0.09
16429	20969	-0.98	-0.63
16430	20969	-0.81	-1.01
16422	20972	-3.54	2.13
16423	20972	-3.21	1.94
16424	20972	-2.89	1.73
16425	20972	-2.59	1.56
16426	20972	-2.27	1.48
16427	20972	-1.95	1.53
16428	20972	-1.64	1.58
16429	20972	-1.38	1.56
16430	20972	-1.11	1.53
16443	20969	-2.35	6.47
16444	20969	-2.22	6.1
16445	20969	-2.08	5.72
16446	20969	-1.94	5.34
16447	20969	-1.81	4.97
16448	20969	-1.67	4.59
16449	20969	-1.53	4.22
16450	20969	-1.38	3.81
16451	20969	-1.24	3.41
16443	20972	-6.59	3.97
16444	20972	-6.25	3.76
16445	20972	-5.91	3.55
16446	20972	-5.56	3.35
16447	20972	-5.22	3.14
16448	20972	-4.88	2.93
16449	20972	-4.54	2.73
16450	20972	-4.21	2.53
16451	20972	-3.88	2.33
16464	20969	-1.94	5.34
16465	20969	-1.81	4.97
16466	20969	-1.67	4.59
16467	20969	-1.53	4.22
16468	20969	-1.38	3.81
16469	20969	-1.24	3.41
16470	20969	-1.1	3.0
16471	20969	-0.96	2.6
16472	20969	-0.9	2.11
16464	20972	-5.56	3.35
16465	20972	-5.22	3.14
16466	20972	-4.88	2.93
16467	20972	-4.54	2.73
16468	20972	-4.21	2.53
16469	20972	-3.88	2.33
16470	20972	-3.54	2.13
16471	20972	-3.21	1.94
16472	20972	-2.89	1.73
16485	20975	-1.3	-0.28
16486	20975	-1.06	-0.36
16487	20975	-0.83	-0.44
16488	20975	-0.6	-0.52
16489	20975	-0.36	-0.61
16490	20975	-0.13	-0.69
16491	20975	0.11	-0.77
16492	20975	0.44	-0.75
16493	20975	0.83	-0.7
16506	20975	-9.22	-0.5
16507	20975	-8.82	-0.48
16508	20975	-8.42	-0.46
16509	20975	-8.02	-0.43
16510	20975	-7.62	-0.41
16511	20975	-7.22	-0.39
16512	20975	-6.82	-0.37
16513	20975	-6.42	-0.35
16514	20975	-6.02	-0.33
16527	20981	4.75	-3.28
16528	20981	4.44	-3.05
16529	20981	4.14	-2.82
16530	20981	3.85	-2.61
16531	20981	3.56	-2.4
16532	20981	3.27	-2.19
16533	20981	2.99	-1.99
16534	20981	2.71	-1.87
16535	20981	2.42	-1.75
16527	20985	5.07	3.35
16528	20985	4.74	3.15
16529	20985	4.42	2.95
16530	20985	4.11	2.73
16531	20985	3.81	2.5
16532	20985	3.51	2.27
16533	20985	3.23	2.03
16534	20985	3.01	1.84
16535	20985	2.79	1.65
16548	20981	3.85	-2.61
16549	20981	3.56	-2.4
16550	20981	3.27	-2.19
16551	20981	2.99	-1.99
16552	20981	2.71	-1.87
16553	20981	2.42	-1.75
16554	20981	2.14	-1.67
16555	20981	1.85	-1.56
16556	20981	1.55	-1.43
16548	20985	4.11	2.73
16549	20985	3.81	2.5
16550	20985	3.51	2.27
16551	20985	3.23	2.03
16552	20985	3.01	1.84
16553	20985	2.79	1.65
16554	20985	2.58	1.45
16555	20985	2.38	1.24
16556	20985	2.17	1.02
16569	20981	2.99	-1.99
16570	20981	2.71	-1.87
16571	20981	2.42	-1.75
16572	20981	2.14	-1.67
16573	20981	1.85	-1.56
16574	20981	1.55	-1.43
16575	20981	1.23	-1.32
16576	20981	0.89	-1.21
16577	20981	0.56	-1.1
16569	20985	3.23	2.03
16570	20985	3.01	1.84
16571	20985	2.79	1.65
16572	20985	2.58	1.45
16573	20985	2.38	1.24
16574	20985	2.17	1.02
16575	20985	1.93	0.79
16576	20985	1.68	0.57
16577	20985	1.43	0.35
16590	20981	2.14	-1.67
16591	20981	1.85	-1.56
16592	20981	1.55	-1.43
16593	20981	1.23	-1.32
16594	20981	0.89	-1.21
16595	20981	0.56	-1.1
16596	20981	0.23	-0.99
16597	20981	-0.1	-0.88
16598	20981	-0.44	-0.78
16590	20985	2.58	1.45
16591	20985	2.38	1.24
16592	20985	2.17	1.02
16593	20985	1.93	0.79
16594	20985	1.68	0.57
16595	20985	1.43	0.35
16596	20985	1.18	0.13
16597	20985	0.93	-0.09
16598	20985	0.68	-0.31
16611	20981	5.73	-3.97
16612	20981	5.4	-3.75
16613	20981	5.07	-3.52
16614	20981	4.75	-3.28
16615	20981	4.44	-3.05
16616	20981	4.14	-2.82
16617	20981	3.85	-2.61
16618	20981	3.56	-2.4
16619	20981	3.27	-2.19
16611	20985	6.07	3.97
16612	20985	5.74	3.76
16613	20985	5.4	3.55
16614	20985	5.07	3.35
16615	20985	4.74	3.15
16616	20985	4.42	2.95
16617	20985	4.11	2.73
16618	20985	3.81	2.5
16619	20985	3.51	2.27
16632	20981	3.85	-2.61
16633	20981	3.56	-2.4
16634	20981	3.27	-2.19
16635	20981	2.99	-1.99
16636	20981	2.71	-1.87
16637	20981	2.42	-1.75
16638	20981	2.14	-1.67
16639	20981	1.85	-1.56
16640	20981	1.55	-1.43
16632	20985	4.11	2.73
16633	20985	3.81	2.5
16634	20985	3.51	2.27
16635	20985	3.23	2.03
16636	20985	3.01	1.84
16637	20985	2.79	1.65
16638	20985	2.58	1.45
16639	20985	2.38	1.24
16640	20985	2.17	1.02
16653	20981	6.71	-4.66
16654	20981	6.38	-4.43
16655	20981	6.05	-4.2
16656	20981	5.73	-3.97
16657	20981	5.4	-3.75
16658	20981	5.07	-3.52
16659	20981	4.75	-3.28
16660	20981	4.44	-3.05
16661	20981	4.14	-2.82
16653	20985	7.07	4.63
16654	20985	6.74	4.41
16655	20985	6.4	4.19
16656	20985	6.07	3.97
16657	20985	5.74	3.76
16658	20985	5.4	3.55
16659	20985	5.07	3.35
16660	20985	4.74	3.15
16661	20985	4.42	2.95
16758	20992	-4.86	-6.7
16759	20992	-4.62	-6.38
16760	20992	-4.39	-6.05
16761	20992	-4.15	-5.73
16762	20992	-3.92	-5.4
16763	20992	-3.68	-5.08
16764	20992	-3.45	-4.76
16765	20992	-3.21	-4.43
16766	20992	-2.98	-4.11
16758	20993	-7.57	2.42
16759	20993	-7.19	2.3
16760	20993	-6.81	2.17
16761	20993	-6.43	2.05
16762	20993	-6.05	1.93
16763	20993	-5.67	1.81
16764	20993	-5.29	1.69
16765	20993	-4.9	1.57
16766	20993	-4.52	1.44
16779	20992	-5.56	-7.67
16780	20992	-5.32	-7.35
16781	20992	-5.09	-7.02
16782	20992	-4.86	-6.7
16783	20992	-4.62	-6.38
16784	20992	-4.39	-6.05
16785	20992	-4.15	-5.73
16786	20992	-3.92	-5.4
16787	20992	-3.68	-5.08
16779	20993	-8.72	2.78
16780	20993	-8.33	2.66
16781	20993	-7.95	2.54
16782	20993	-7.57	2.42
16783	20993	-7.19	2.3
16784	20993	-6.81	2.17
16785	20993	-6.43	2.05
16786	20993	-6.05	1.93
16787	20993	-5.67	1.81
16800	20996	-6.39	-3.32
16801	20996	-6.06	-3.13
16802	20996	-5.72	-2.94
16803	20996	-5.38	-2.75
16804	20996	-5.05	-2.56
16805	20996	-4.72	-2.38
16806	20996	-4.39	-2.2
16807	20996	-4.06	-2.0
16808	20996	-3.73	-1.79
16821	20996	-5.38	-2.75
16822	20996	-5.05	-2.56
16823	20996	-4.72	-2.38
16824	20996	-4.39	-2.2
16825	20996	-4.06	-2.0
16826	20996	-3.73	-1.79
16827	20996	-3.4	-1.57
16828	20996	-3.07	-1.34
16829	20996	-2.74	-1.11
16842	20999	6.85	-2.86
16843	20999	6.47	-2.71
16844	20999	6.1	-2.57
16845	20999	5.72	-2.44
16846	20999	5.36	-2.31
16847	20999	4.99	-2.19
16848	20999	4.63	-2.07
16849	20999	4.26	-1.95
16850	20999	3.89	-1.83
16863	20999	3.52	-1.72
16864	20999	3.19	-1.62
16865	20999	2.87	-1.52
16866	20999	2.55	-1.44
16867	20999	2.23	-1.33
16868	20999	1.89	-1.22
16869	20999	1.56	-1.11
16870	20999	1.23	-1.0
16871	20999	0.88	-0.86
16884	20999	2.55	-1.44
16885	20999	2.23	-1.33
16886	20999	1.89	-1.22
16887	20999	1.56	-1.11
16888	20999	1.23	-1.0
16889	20999	0.88	-0.86
16890	20999	0.53	-0.7
16891	20999	0.17	-0.55
16892	20999	-0.19	-0.39
16968	21008	-2.93	-6.82
16969	21008	-2.77	-6.45
16970	21008	-2.61	-6.08
16971	21008	-2.45	-5.71
16972	21008	-2.29	-5.35
16973	21008	-2.14	-4.98
16974	21008	-1.99	-4.61
16975	21008	-1.86	-4.25
16976	21008	-1.74	-3.88
16989	21008	-1.62	-3.54
16990	21008	-1.48	-3.23
16991	21008	-1.35	-2.91
16992	21008	-1.26	-2.63
16993	21008	-1.17	-2.34
16994	21008	-1.07	-2.11
16995	21008	-0.96	-1.89
16996	21008	-0.85	-1.67
16997	21008	-0.74	-1.45
17010	21008	-1.99	-4.61
17011	21008	-1.86	-4.25
17012	21008	-1.74	-3.88
17013	21008	-1.62	-3.54
17014	21008	-1.48	-3.23
17015	21008	-1.35	-2.91
17016	21008	-1.26	-2.63
17017	21008	-1.17	-2.34
17018	21008	-1.07	-2.11
17031	21008	-3.4	-7.92
17032	21008	-3.24	-7.55
17033	21008	-3.08	-7.18
17034	21008	-2.93	-6.82
17035	21008	-2.77	-6.45
17036	21008	-2.61	-6.08
17037	21008	-2.45	-5.71
17038	21008	-2.29	-5.35
17039	21008	-2.14	-4.98
17052	21012	-1.92	-5.46
17053	21012	-1.79	-5.09
17054	21012	-1.66	-4.71
17055	21012	-1.52	-4.33
17056	21012	-1.39	-3.95
17057	21012	-1.26	-3.58
17058	21012	-1.12	-3.2
17059	21012	-0.95	-2.81
17060	21012	-0.77	-2.41
17052	21015	-5.76	-0.06
17053	21015	-5.36	-0.06
17054	21015	-4.96	-0.05
17055	21015	-4.56	-0.05
17056	21015	-4.18	-0.05
17057	21015	-3.83	-0.04
17058	21015	-3.48	-0.03
17059	21015	-3.16	-0.05
17060	21015	-2.85	-0.08
17073	21012	-1.52	-4.33
17074	21012	-1.39	-3.95
17075	21012	-1.26	-3.58
17076	21012	-1.12	-3.2
17077	21012	-0.95	-2.81
17078	21012	-0.77	-2.41
17079	21012	-0.51	-2.05
17080	21012	-0.18	-1.73
17081	21012	0.14	-1.46
17073	21015	-4.56	-0.05
17074	21015	-4.18	-0.05
17075	21015	-3.83	-0.04
17076	21015	-3.48	-0.03
17077	21015	-3.16	-0.05
17078	21015	-2.85	-0.08
17079	21015	-2.55	-0.07
17080	21015	-2.28	-0.04
17081	21015	-2.01	0.08
17094	21012	-3.11	-8.86
17095	21012	-2.98	-8.48
17096	21012	-2.85	-8.11
17097	21012	-2.72	-7.73
17098	21012	-2.58	-7.35
17099	21012	-2.45	-6.97
17100	21012	-2.32	-6.6
17101	21012	-2.19	-6.22
17102	21012	-2.05	-5.84
17094	21015	-9.36	-0.1
17095	21015	-8.96	-0.1
17096	21015	-8.56	-0.09
17097	21015	-8.16	-0.09
17098	21015	-7.76	-0.08
17099	21015	-7.36	-0.08
17100	21015	-6.96	-0.07
17101	21015	-6.56	-0.07
17102	21015	-6.16	-0.07
17115	21012	-1.52	-4.33
17116	21012	-1.39	-3.95
17117	21012	-1.26	-3.58
17118	21012	-1.12	-3.2
17119	21012	-0.95	-2.81
17120	21012	-0.77	-2.41
17121	21012	-0.51	-2.05
17122	21012	-0.18	-1.73
17123	21012	0.14	-1.46
17115	21015	-4.56	-0.05
17116	21015	-4.18	-0.05
17117	21015	-3.83	-0.04
17118	21015	-3.48	-0.03
17119	21015	-3.16	-0.05
17120	21015	-2.85	-0.08
17121	21015	-2.55	-0.07
17122	21015	-2.28	-0.04
17123	21015	-2.01	0.08
17367	21031	-1.78	-9.81
17368	21031	-1.7	-9.41
17369	21031	-1.63	-9.02
17370	21031	-1.56	-8.63
17371	21031	-1.49	-8.23
17372	21031	-1.42	-7.84
17373	21031	-1.35	-7.45
17374	21031	-1.28	-7.05
17375	21031	-1.21	-6.66
17388	21031	-0.59	-2.91
17389	21031	-0.61	-2.6
17390	21031	-0.65	-2.28
17391	21031	-0.7	-1.97
17392	21031	-0.75	-1.65
17393	21031	-0.8	-1.33
17394	21031	-0.86	-1.01
17395	21031	-0.9	-0.67
17396	21031	-0.88	-0.24
17409	21032	5.41	-6.35
17410	21032	5.15	-6.04
17411	21032	4.89	-5.74
17412	21032	4.63	-5.43
17413	21032	4.37	-5.13
17414	21032	4.11	-4.82
17415	21032	3.85	-4.52
17416	21032	3.59	-4.22
17417	21032	3.34	-3.91
17430	21032	4.63	-5.43
17431	21032	4.37	-5.13
17432	21032	4.11	-4.82
17433	21032	3.85	-4.52
17434	21032	3.59	-4.22
17435	21032	3.34	-3.91
17436	21032	3.08	-3.61
17437	21032	2.82	-3.3
17438	21032	2.56	-3.0
17451	21032	5.41	-6.35
17452	21032	5.15	-6.04
17453	21032	4.89	-5.74
17454	21032	4.63	-5.43
17455	21032	4.37	-5.13
17456	21032	4.11	-4.82
17457	21032	3.85	-4.52
17458	21032	3.59	-4.22
17459	21032	3.34	-3.91
17472	21032	5.41	-6.35
17473	21032	5.15	-6.04
17474	21032	4.89	-5.74
17475	21032	4.63	-5.43
17476	21032	4.37	-5.13
17477	21032	4.11	-4.82
17478	21032	3.85	-4.52
17479	21032	3.59	-4.22
17480	21032	3.34	-3.91
17493	21032	4.63	-5.43
17494	21032	4.37	-5.13
17495	21032	4.11	-4.82
17496	21032	3.85	-4.52
17497	21032	3.59	-4.22
17498	21032	3.34	-3.91
17499	21032	3.08	-3.61
17500	21032	2.82	-3.3
17501	21032	2.56	-3.0
17514	21032	1.35	-1.61
17515	21032	0.84	-1.29
17516	21032	0.31	-1.02
17517	21032	-0.24	-0.78
17518	21032	-0.73	-0.55
17519	21032	-1.06	-0.39
17520	21032	-1.29	-0.06
17521	21032	-1.51	0.27
17522	21032	-1.74	0.6
17535	21032	5.41	-6.35
17536	21032	5.15	-6.04
17537	21032	4.89	-5.74
17538	21032	4.63	-5.43
17539	21032	4.37	-5.13
17540	21032	4.11	-4.82
17541	21032	3.85	-4.52
17542	21032	3.59	-4.22
17543	21032	3.34	-3.91
17577	21043	-6.95	3.2
17578	21043	-6.59	3.04
17579	21043	-6.23	2.88
17580	21043	-5.87	2.72
17581	21043	-5.51	2.56
17582	21043	-5.16	2.4
17583	21043	-4.81	2.24
17584	21043	-4.47	2.09
17585	21043	-4.15	1.96
17577	21047	0.45	7.14
17578	21047	0.43	6.74
17579	21047	0.42	6.34
17580	21047	0.41	5.95
17581	21047	0.41	5.55
17582	21047	0.41	5.16
17583	21047	0.41	4.78
17584	21047	0.4	4.4
17585	21047	0.41	4.04
17598	21043	-4.81	2.24
17599	21043	-4.47	2.09
17600	21043	-4.15	1.96
17601	21043	-3.84	1.83
17602	21043	-3.54	1.72
17603	21043	-3.26	1.57
17604	21043	-2.97	1.46
17605	21043	-2.66	1.37
17606	21043	-2.35	1.28
17598	21047	0.41	4.78
17599	21047	0.4	4.4
17600	21047	0.41	4.04
17601	21047	0.42	3.68
17602	21047	0.42	3.34
17603	21047	0.42	3.0
17604	21047	0.42	2.65
17605	21047	0.37	2.27
17606	21047	0.32	1.89
17619	21043	-2.97	1.46
17620	21043	-2.66	1.37
17621	21043	-2.35	1.28
17622	21043	-2.02	1.16
17623	21043	-1.68	1.03
17624	21043	-1.35	0.91
17625	21043	-1.01	0.78
17626	21043	-0.68	0.66
17627	21043	-0.32	0.51
17619	21047	0.42	2.65
17620	21047	0.37	2.27
17621	21047	0.32	1.89
17622	21047	0.28	1.47
17623	21047	0.25	1.05
17624	21047	0.22	0.63
17625	21047	0.18	0.21
17626	21047	0.16	-0.2
17627	21047	0.14	-0.61
17640	21043	-4.81	2.24
17641	21043	-4.47	2.09
17642	21043	-4.15	1.96
17643	21043	-3.84	1.83
17644	21043	-3.54	1.72
17645	21043	-3.26	1.57
17646	21043	-2.97	1.46
17647	21043	-2.66	1.37
17648	21043	-2.35	1.28
17640	21047	0.41	4.78
17641	21047	0.4	4.4
17642	21047	0.41	4.04
17643	21047	0.42	3.68
17644	21047	0.42	3.34
17645	21047	0.42	3.0
17646	21047	0.42	2.65
17647	21047	0.37	2.27
17648	21047	0.32	1.89
17661	21048	-6.61	3.05
17662	21048	-6.25	2.88
17663	21048	-5.88	2.71
17664	21048	-5.52	2.55
17665	21048	-5.16	2.38
17666	21048	-4.79	2.21
17667	21048	-4.43	2.04
17668	21048	-4.07	1.88
17669	21048	-3.7	1.71
17682	21048	-5.52	2.55
17683	21048	-5.16	2.38
17684	21048	-4.79	2.21
17685	21048	-4.43	2.04
17686	21048	-4.07	1.88
17687	21048	-3.7	1.71
17688	21048	-3.34	1.54
17689	21048	-2.96	1.34
17690	21048	-2.59	1.14
17703	21048	-7.7	3.55
17704	21048	-7.34	3.39
17705	21048	-6.97	3.22
17706	21048	-6.61	3.05
17707	21048	-6.25	2.88
17708	21048	-5.88	2.71
17709	21048	-5.52	2.55
17710	21048	-5.16	2.38
17711	21048	-4.79	2.21
17724	21048	-5.52	2.55
17725	21048	-5.16	2.38
17726	21048	-4.79	2.21
17727	21048	-4.43	2.04
17728	21048	-4.07	1.88
17729	21048	-3.7	1.71
17730	21048	-3.34	1.54
17731	21048	-2.96	1.34
17732	21048	-2.59	1.14
17745	21054	-1.06	-7.52
17746	21054	-1.01	-7.12
17747	21054	-0.95	-6.72
17748	21054	-0.9	-6.33
17749	21054	-0.84	-5.93
17750	21054	-0.78	-5.54
17751	21054	-0.74	-5.14
17752	21054	-0.71	-4.75
17753	21054	-0.69	-4.35
17766	21054	-0.9	-6.33
17767	21054	-0.84	-5.93
17768	21054	-0.78	-5.54
17769	21054	-0.74	-5.14
17770	21054	-0.71	-4.75
17771	21054	-0.69	-4.35
17772	21054	-0.68	-3.97
17773	21054	-0.68	-3.59
17774	21054	-0.68	-3.23
17787	21054	-1.06	-7.52
17788	21054	-1.01	-7.12
17789	21054	-0.95	-6.72
17790	21054	-0.9	-6.33
17791	21054	-0.84	-5.93
17792	21054	-0.78	-5.54
17793	21054	-0.74	-5.14
17794	21054	-0.71	-4.75
17795	21054	-0.69	-4.35
17808	21054	-0.68	-3.97
17809	21054	-0.68	-3.59
17810	21054	-0.68	-3.23
17811	21054	-0.69	-2.92
17812	21054	-0.73	-2.66
17813	21054	-0.82	-2.4
17814	21054	-0.95	-2.15
17815	21054	-1.07	-1.9
17816	21054	-1.19	-1.65
17829	21059	7.56	2.71
17830	21059	7.18	2.57
17831	21059	6.81	2.44
17832	21059	6.43	2.3
17833	21059	6.05	2.17
17834	21059	5.68	2.03
17835	21059	5.3	1.9
17836	21059	4.92	1.76
17837	21059	4.55	1.63
17850	21059	5.3	1.9
17851	21059	4.92	1.76
17852	21059	4.55	1.63
17853	21059	4.17	1.49
17854	21059	3.8	1.36
17855	21059	3.48	1.23
17856	21059	3.16	1.1
17857	21059	2.84	0.98
17858	21059	2.52	0.85
17871	21059	3.16	1.1
17872	21059	2.84	0.98
17873	21059	2.52	0.85
17874	21059	2.2	0.75
17875	21059	1.95	0.65
17876	21059	1.71	0.55
17877	21059	1.49	0.39
17878	21059	1.27	0.23
17879	21059	1.04	0.07
17892	21064	-3.51	-1.94
17893	21064	-3.28	-1.65
17894	21064	-3.05	-1.37
17895	21064	-2.81	-1.08
17896	21064	-2.58	-0.79
17897	21064	-2.37	-0.5
17898	21064	-2.17	-0.22
17899	21064	-1.96	0.07
17900	21064	-1.75	0.35
17892	21067	1.72	-3.12
17893	21067	1.56	-2.71
17894	21067	1.38	-2.3
17895	21067	1.19	-1.89
17896	21067	1.15	-1.48
17897	21067	1.13	-1.01
17898	21067	1.12	-0.54
17899	21067	1.1	-0.07
17900	21067	1.09	0.41
17913	21064	-2.17	-0.22
17914	21064	-1.96	0.07
17915	21064	-1.75	0.35
17916	21064	-1.51	0.63
17917	21064	-1.15	0.9
17918	21064	-0.79	1.16
17919	21064	-0.41	1.42
17920	21064	-0.03	1.67
17921	21064	0.36	1.89
17913	21067	1.12	-0.54
17914	21067	1.1	-0.07
17915	21067	1.09	0.41
17916	21067	1.05	0.86
17917	21067	0.98	1.31
17918	21067	0.81	1.79
17919	21067	0.64	2.28
17920	21067	0.46	2.76
17921	21067	0.22	3.12
17934	21064	-3.51	-1.94
17935	21064	-3.28	-1.65
17936	21064	-3.05	-1.37
17937	21064	-2.81	-1.08
17938	21064	-2.58	-0.79
17939	21064	-2.37	-0.5
17940	21064	-2.17	-0.22
17941	21064	-1.96	0.07
17942	21064	-1.75	0.35
17934	21067	1.72	-3.12
17935	21067	1.56	-2.71
17936	21067	1.38	-2.3
17937	21067	1.19	-1.89
17938	21067	1.15	-1.48
17939	21067	1.13	-1.01
17940	21067	1.12	-0.54
17941	21067	1.1	-0.07
17942	21067	1.09	0.41
17955	21070	2.99	4.59
17956	21070	2.76	4.27
17957	21070	2.52	3.93
17958	21070	2.26	3.59
17959	21070	1.99	3.23
17960	21070	1.72	2.86
17961	21070	1.45	2.49
17962	21070	1.18	2.13
17963	21070	0.91	1.76
17955	21071	-1.26	-5.99
17956	21071	-1.18	-5.59
17957	21071	-1.09	-5.2
17958	21071	-1.01	-4.81
17959	21071	-0.93	-4.42
17960	21071	-0.85	-4.03
17961	21071	-0.76	-3.64
17962	21071	-0.68	-3.25
17963	21071	-0.6	-2.85
17976	21070	3.65	5.59
17977	21070	3.44	5.26
17978	21070	3.22	4.92
17979	21070	2.99	4.59
17980	21070	2.76	4.27
17981	21070	2.52	3.93
17982	21070	2.26	3.59
17983	21070	1.99	3.23
17984	21070	1.72	2.86
17976	21071	-1.5	-7.16
17977	21071	-1.42	-6.77
17978	21071	-1.34	-6.38
17979	21071	-1.26	-5.99
17980	21071	-1.18	-5.59
17981	21071	-1.09	-5.2
17982	21071	-1.01	-4.81
17983	21071	-0.93	-4.42
17984	21071	-0.85	-4.03
17997	21070	4.97	7.6
17998	21070	4.75	7.27
17999	21070	4.53	6.93
18000	21070	4.31	6.6
18001	21070	4.09	6.26
18002	21070	3.87	5.93
18003	21070	3.65	5.59
18004	21070	3.44	5.26
18005	21070	3.22	4.92
17997	21071	-2.0	-9.51
17998	21071	-1.92	-9.12
17999	21071	-1.83	-8.73
18000	21071	-1.75	-8.33
18001	21071	-1.67	-7.94
18002	21071	-1.59	-7.55
18003	21071	-1.5	-7.16
18004	21071	-1.42	-6.77
18005	21071	-1.34	-6.38
18018	21070	3.65	5.59
18019	21070	3.44	5.26
18020	21070	3.22	4.92
18021	21070	2.99	4.59
18022	21070	2.76	4.27
18023	21070	2.52	3.93
18024	21070	2.26	3.59
18025	21070	1.99	3.23
18026	21070	1.72	2.86
18018	21071	-1.5	-7.16
18019	21071	-1.42	-6.77
18020	21071	-1.34	-6.38
18021	21071	-1.26	-5.99
18022	21071	-1.18	-5.59
18023	21071	-1.09	-5.2
18024	21071	-1.01	-4.81
18025	21071	-0.93	-4.42
18026	21071	-0.85	-4.03
18039	21078	0.24	3.13
18040	21078	0.25	2.84
18041	21078	0.26	2.55
18042	21078	0.27	2.27
18043	21078	0.27	1.98
18044	21078	0.28	1.7
18045	21078	0.28	1.41
18046	21078	0.28	1.13
18047	21078	0.29	0.85
18060	21080	4.3	-4.36
18061	21080	4.02	-4.08
18062	21080	3.73	-3.79
18063	21080	3.45	-3.51
18064	21080	3.17	-3.22
18065	21080	2.89	-2.94
18066	21080	2.63	-2.69
18067	21080	2.37	-2.45
18068	21080	2.12	-2.2
18081	21080	5.98	-6.07
18082	21080	5.7	-5.79
18083	21080	5.42	-5.5
18084	21080	5.14	-5.22
18085	21080	4.86	-4.93
18086	21080	4.58	-4.65
18087	21080	4.3	-4.36
18088	21080	4.02	-4.08
18089	21080	3.73	-3.79
18102	21080	2.63	-2.69
18103	21080	2.37	-2.45
18104	21080	2.12	-2.2
18105	21080	1.94	-1.94
18106	21080	1.79	-1.7
18107	21080	1.66	-1.45
18108	21080	1.52	-1.21
18109	21080	1.39	-0.98
18110	21080	1.23	-0.74
18123	21080	4.3	-4.36
18124	21080	4.02	-4.08
18125	21080	3.73	-3.79
18126	21080	3.45	-3.51
18127	21080	3.17	-3.22
18128	21080	2.89	-2.94
18129	21080	2.63	-2.69
18130	21080	2.37	-2.45
18131	21080	2.12	-2.2
18144	21086	7.91	-4.64
18145	21086	7.56	-4.44
18146	21086	7.22	-4.23
18147	21086	6.87	-4.03
18148	21086	6.53	-3.83
18149	21086	6.18	-3.63
18150	21086	5.84	-3.42
18151	21086	5.49	-3.22
18152	21086	5.15	-3.02
18165	21086	6.87	-4.03
18166	21086	6.53	-3.83
18167	21086	6.18	-3.63
18168	21086	5.84	-3.42
18169	21086	5.49	-3.22
18170	21086	5.15	-3.02
18171	21086	4.8	-2.82
18172	21086	4.45	-2.62
18173	21086	4.1	-2.43
18186	21086	2.59	-1.55
18187	21086	2.21	-1.31
18188	21086	1.83	-1.08
18189	21086	1.46	-0.84
18190	21086	1.08	-0.6
18191	21086	0.71	-0.36
18192	21086	0.34	-0.13
18193	21086	-0.03	0.11
18194	21086	-0.41	0.35
18312	21095	-2.43	3.36
18313	21095	-2.24	3.03
18314	21095	-2.07	2.71
18315	21095	-1.9	2.4
18316	21095	-1.75	2.1
18317	21095	-1.57	1.84
18318	21095	-1.37	1.59
18319	21095	-1.18	1.35
18320	21095	-0.98	1.11
18312	21096	1.3	3.82
18313	21096	1.24	3.46
18314	21096	1.2	3.11
18315	21096	1.17	2.75
18316	21096	1.14	2.39
18317	21096	1.12	2.02
18318	21096	1.1	1.65
18319	21096	1.07	1.28
18320	21096	1.05	0.91
18333	21095	-4.48	6.28
18334	21095	-4.25	5.96
18335	21095	-4.01	5.63
18336	21095	-3.78	5.31
18337	21095	-3.55	4.98
18338	21095	-3.32	4.65
18339	21095	-3.09	4.33
18340	21095	-2.85	4.0
18341	21095	-2.62	3.68
18333	21096	2.38	7.21
18334	21096	2.26	6.83
18335	21096	2.13	6.45
18336	21096	2.01	6.07
18337	21096	1.88	5.69
18338	21096	1.75	5.32
18339	21096	1.63	4.95
18340	21096	1.51	4.58
18341	21096	1.39	4.2
18564	21116	7.93	2.25
18565	21116	7.54	2.14
18566	21116	7.16	2.04
18567	21116	6.77	1.93
18568	21116	6.39	1.82
18569	21116	6.0	1.71
18570	21116	5.62	1.6
18571	21116	5.23	1.49
18572	21116	4.85	1.38
18564	21117	-7.27	-3.95
18565	21117	-6.92	-3.76
18566	21117	-6.57	-3.57
18567	21117	-6.22	-3.38
18568	21117	-5.86	-3.19
18569	21117	-5.51	-3.0
18570	21117	-5.16	-2.81
18571	21117	-4.82	-2.61
18572	21117	-4.47	-2.4
18585	21116	6.77	1.93
18586	21116	6.39	1.82
18587	21116	6.0	1.71
18588	21116	5.62	1.6
18589	21116	5.23	1.49
18590	21116	4.85	1.38
18591	21116	4.46	1.27
18592	21116	4.08	1.16
18593	21116	3.69	1.05
18585	21117	-6.22	-3.38
18586	21117	-5.86	-3.19
18587	21117	-5.51	-3.0
18588	21117	-5.16	-2.81
18589	21117	-4.82	-2.61
18590	21117	-4.47	-2.4
18591	21117	-4.11	-2.18
18592	21117	-3.73	-1.97
18593	21117	-3.35	-1.75
18606	21116	6.77	1.93
18607	21116	6.39	1.82
18608	21116	6.0	1.71
18609	21116	5.62	1.6
18610	21116	5.23	1.49
18611	21116	4.85	1.38
18612	21116	4.46	1.27
18613	21116	4.08	1.16
18614	21116	3.69	1.05
18606	21117	-6.22	-3.38
18607	21117	-5.86	-3.19
18608	21117	-5.51	-3.0
18609	21117	-5.16	-2.81
18610	21117	-4.82	-2.61
18611	21117	-4.47	-2.4
18612	21117	-4.11	-2.18
18613	21117	-3.73	-1.97
18614	21117	-3.35	-1.75
18627	21116	4.46	1.27
18628	21116	4.08	1.16
18629	21116	3.69	1.05
18630	21116	3.31	0.94
18631	21116	2.92	0.83
18632	21116	2.54	0.72
18633	21116	2.15	0.54
18634	21116	1.76	0.32
18635	21116	1.46	0.12
18627	21117	-4.11	-2.18
18628	21117	-3.73	-1.97
18629	21117	-3.35	-1.75
18630	21117	-2.96	-1.54
18631	21117	-2.58	-1.3
18632	21117	-2.23	-1.06
18633	21117	-1.89	-0.81
18634	21117	-1.57	-0.52
18635	21117	-1.25	-0.18
18648	21116	5.62	1.6
18649	21116	5.23	1.49
18650	21116	4.85	1.38
18651	21116	4.46	1.27
18652	21116	4.08	1.16
18653	21116	3.69	1.05
18654	21116	3.31	0.94
18655	21116	2.92	0.83
18656	21116	2.54	0.72
18648	21117	-5.16	-2.81
18649	21117	-4.82	-2.61
18650	21117	-4.47	-2.4
18651	21117	-4.11	-2.18
18652	21117	-3.73	-1.97
18653	21117	-3.35	-1.75
18654	21117	-2.96	-1.54
18655	21117	-2.58	-1.3
18656	21117	-2.23	-1.06
18669	21116	9.08	2.58
18670	21116	8.7	2.47
18671	21116	8.31	2.36
18672	21116	7.93	2.25
18673	21116	7.54	2.14
18674	21116	7.16	2.04
18675	21116	6.77	1.93
18676	21116	6.39	1.82
18677	21116	6.0	1.71
18669	21117	-8.32	-4.53
18670	21117	-7.97	-4.34
18671	21117	-7.62	-4.15
18672	21117	-7.27	-3.95
18673	21117	-6.92	-3.76
18674	21117	-6.57	-3.57
18675	21117	-6.22	-3.38
18676	21117	-5.86	-3.19
18677	21117	-5.51	-3.0
18690	21116	6.77	1.93
18691	21116	6.39	1.82
18692	21116	6.0	1.71
18693	21116	5.62	1.6
18694	21116	5.23	1.49
18695	21116	4.85	1.38
18696	21116	4.46	1.27
18697	21116	4.08	1.16
18698	21116	3.69	1.05
18690	21117	-6.22	-3.38
18691	21117	-5.86	-3.19
18692	21117	-5.51	-3.0
18693	21117	-5.16	-2.81
18694	21117	-4.82	-2.61
18695	21117	-4.47	-2.4
18696	21117	-4.11	-2.18
18697	21117	-3.73	-1.97
18698	21117	-3.35	-1.75
18711	21121	6.84	-2.64
18712	21121	6.48	-2.49
18713	21121	6.12	-2.34
18714	21121	5.76	-2.19
18715	21121	5.41	-2.04
18716	21121	5.05	-1.9
18717	21121	4.7	-1.75
18718	21121	4.35	-1.61
18719	21121	4.0	-1.47
18732	21121	3.65	-1.33
18733	21121	3.3	-1.19
18734	21121	2.95	-1.05
18735	21121	2.56	-0.94
18736	21121	2.11	-0.84
18737	21121	1.7	-0.72
18738	21121	1.29	-0.61
18739	21121	0.89	-0.5
18740	21121	0.48	-0.38
18753	21121	2.56	-0.94
18754	21121	2.11	-0.84
18755	21121	1.7	-0.72
18756	21121	1.29	-0.61
18757	21121	0.89	-0.5
18758	21121	0.48	-0.38
18759	21121	0.08	-0.27
18760	21121	-0.31	-0.16
18761	21121	-0.68	-0.0
18774	21121	6.84	-2.64
18775	21121	6.48	-2.49
18776	21121	6.12	-2.34
18777	21121	5.76	-2.19
18778	21121	5.41	-2.04
18779	21121	5.05	-1.9
18780	21121	4.7	-1.75
18781	21121	4.35	-1.61
18782	21121	4.0	-1.47
18795	21121	5.76	-2.19
18796	21121	5.41	-2.04
18797	21121	5.05	-1.9
18798	21121	4.7	-1.75
18799	21121	4.35	-1.61
18800	21121	4.0	-1.47
18801	21121	3.65	-1.33
18802	21121	3.3	-1.19
18803	21121	2.95	-1.05
18816	21123	5.11	0.72
18817	21123	4.73	0.7
18818	21123	4.35	0.68
18819	21123	3.98	0.66
18820	21123	3.61	0.64
18821	21123	3.23	0.62
18822	21123	2.86	0.59
18823	21123	2.53	0.6
18824	21123	2.19	0.59
18921	21136	-2.8	5.23
18922	21136	-2.61	4.87
18923	21136	-2.42	4.53
18924	21136	-2.22	4.2
18925	21136	-2.03	3.88
18926	21136	-1.86	3.57
18927	21136	-1.69	3.25
18928	21136	-1.53	2.93
18929	21136	-1.37	2.61
19173	21160	0.32	6.12
19174	21160	0.3	5.72
19175	21160	0.28	5.32
19176	21160	0.27	4.92
19177	21160	0.27	4.51
19178	21160	0.27	4.08
19179	21160	0.27	3.66
19180	21160	0.26	3.23
19181	21160	0.26	2.8
19194	21160	0.51	9.71
19195	21160	0.49	9.31
19196	21160	0.47	8.92
19197	21160	0.44	8.52
19198	21160	0.42	8.12
19199	21160	0.4	7.72
19200	21160	0.38	7.32
19201	21160	0.36	6.92
19202	21160	0.34	6.52
19215	21160	0.38	7.32
19216	21160	0.36	6.92
19217	21160	0.34	6.52
19218	21160	0.32	6.12
19219	21160	0.3	5.72
19220	21160	0.28	5.32
19221	21160	0.27	4.92
19222	21160	0.27	4.51
19223	21160	0.27	4.08
19635	21197	2.22	1.66
19636	21197	1.88	1.56
19637	21197	1.54	1.49
19638	21197	1.22	1.44
19639	21197	0.92	1.42
19640	21197	0.62	1.41
19641	21197	0.32	1.4
19642	21197	0.01	1.38
19643	21197	-0.29	1.37
19635	21200	3.09	-0.36
19636	21200	2.75	-0.32
19637	21200	2.42	-0.29
19638	21200	2.12	-0.23
19639	21200	1.83	-0.14
19640	21200	1.55	-0.05
19641	21200	1.26	0.04
19642	21200	0.98	0.12
19643	21200	0.7	0.21
19656	21197	0.32	1.4
19657	21197	0.01	1.38
19658	21197	-0.29	1.37
19659	21197	-0.59	1.36
19660	21197	-0.91	1.3
19661	21197	-1.24	1.12
19662	21197	-1.59	0.88
19663	21197	-1.94	0.64
19664	21197	-2.26	0.39
19656	21200	1.26	0.04
19657	21200	0.98	0.12
19658	21200	0.7	0.21
19659	21200	0.42	0.3
19660	21200	0.13	0.39
19661	21200	-0.15	0.48
19662	21200	-0.44	0.53
19663	21200	-0.74	0.54
19664	21200	-1.07	0.57
19677	21197	4.36	2.5
19678	21197	4.0	2.34
19679	21197	3.64	2.18
19680	21197	3.28	2.02
19681	21197	2.92	1.87
19682	21197	2.57	1.76
19683	21197	2.22	1.66
19684	21197	1.88	1.56
19685	21197	1.54	1.49
19677	21200	5.15	-0.58
19678	21200	4.8	-0.54
19679	21200	4.45	-0.5
19680	21200	4.1	-0.46
19681	21200	3.76	-0.42
19682	21200	3.42	-0.39
19683	21200	3.09	-0.36
19684	21200	2.75	-0.32
19685	21200	2.42	-0.29
19803	21218	5.53	-8.36
19804	21218	5.31	-8.03
19805	21218	5.09	-7.69
19806	21218	4.87	-7.36
19807	21218	4.65	-7.03
19808	21218	4.42	-6.69
19809	21218	4.2	-6.36
19810	21218	3.98	-6.03
19811	21218	3.76	-5.69
19824	21218	4.2	-6.36
19825	21218	3.98	-6.03
19826	21218	3.76	-5.69
19827	21218	3.54	-5.36
19828	21218	3.32	-5.02
19829	21218	3.1	-4.69
19830	21218	2.88	-4.36
19831	21218	2.66	-4.02
19832	21218	2.44	-3.69
20160	21235	6.9	-7.02
20161	21235	6.62	-6.73
20162	21235	6.34	-6.45
20163	21235	6.06	-6.16
20164	21235	5.78	-5.88
20165	21235	5.5	-5.59
20166	21235	5.22	-5.31
20167	21235	4.94	-5.02
20168	21235	4.66	-4.74
20160	21236	-2.63	-9.27
20161	21236	-2.53	-8.89
20162	21236	-2.42	-8.5
20163	21236	-2.31	-8.12
20164	21236	-2.2	-7.73
20165	21236	-2.09	-7.35
20166	21236	-1.98	-6.96
20167	21236	-1.87	-6.58
20168	21236	-1.76	-6.2
20181	21235	6.06	-6.16
20182	21235	5.78	-5.88
20183	21235	5.5	-5.59
20184	21235	5.22	-5.31
20185	21235	4.94	-5.02
20186	21235	4.66	-4.74
20187	21235	4.38	-4.45
20188	21235	4.1	-4.17
20189	21235	3.82	-3.88
20181	21236	-2.31	-8.12
20182	21236	-2.2	-7.73
20183	21236	-2.09	-7.35
20184	21236	-1.98	-6.96
20185	21236	-1.87	-6.58
20186	21236	-1.76	-6.2
20187	21236	-1.65	-5.81
20188	21236	-1.54	-5.43
20189	21236	-1.43	-5.04
20202	21235	6.06	-6.16
20203	21235	5.78	-5.88
20204	21235	5.5	-5.59
20205	21235	5.22	-5.31
20206	21235	4.94	-5.02
20207	21235	4.66	-4.74
20208	21235	4.38	-4.45
20209	21235	4.1	-4.17
20210	21235	3.82	-3.88
20202	21236	-2.31	-8.12
20203	21236	-2.2	-7.73
20204	21236	-2.09	-7.35
20205	21236	-1.98	-6.96
20206	21236	-1.87	-6.58
20207	21236	-1.76	-6.2
20208	21236	-1.65	-5.81
20209	21236	-1.54	-5.43
20210	21236	-1.43	-5.04
20223	21235	5.22	-5.31
20224	21235	4.94	-5.02
20225	21235	4.66	-4.74
20226	21235	4.38	-4.45
20227	21235	4.1	-4.17
20228	21235	3.82	-3.88
20229	21235	3.54	-3.6
20230	21235	3.26	-3.31
20231	21235	2.98	-3.03
20223	21236	-1.98	-6.96
20224	21236	-1.87	-6.58
20225	21236	-1.76	-6.2
20226	21236	-1.65	-5.81
20227	21236	-1.54	-5.43
20228	21236	-1.43	-5.04
20229	21236	-1.32	-4.66
20230	21236	-1.21	-4.27
20231	21236	-1.1	-3.89
20244	21235	4.38	-4.45
20245	21235	4.1	-4.17
20246	21235	3.82	-3.88
20247	21235	3.54	-3.6
20248	21235	3.26	-3.31
20249	21235	2.98	-3.03
20250	21235	2.71	-2.77
20251	21235	2.46	-2.53
20252	21235	2.2	-2.29
20244	21236	-1.65	-5.81
20245	21236	-1.54	-5.43
20246	21236	-1.43	-5.04
20247	21236	-1.32	-4.66
20248	21236	-1.21	-4.27
20249	21236	-1.1	-3.89
20250	21236	-1.01	-3.48
20251	21236	-0.92	-3.05
20252	21236	-0.84	-2.62
20265	21246	3.04	9.32
20266	21246	2.92	8.94
20267	21246	2.79	8.56
20268	21246	2.67	8.19
20269	21246	2.53	7.81
20270	21246	2.4	7.44
20271	21246	2.27	7.08
20272	21246	2.13	6.71
20273	21246	2.0	6.35
20286	21246	0.46	1.33
20287	21246	0.5	0.75
20288	21246	0.55	0.17
20289	21246	0.6	-0.36
20290	21246	0.68	-0.77
20291	21246	0.76	-1.18
20292	21246	0.83	-1.59
20293	21246	0.88	-2.01
20294	21246	0.7	-2.37
20307	21246	2.27	7.08
20308	21246	2.13	6.71
20309	21246	2.0	6.35
20310	21246	1.86	5.98
20311	21246	1.73	5.62
20312	21246	1.6	5.27
20313	21246	1.47	4.91
20314	21246	1.35	4.55
20315	21246	1.22	4.2
20328	21246	1.86	5.98
20329	21246	1.73	5.62
20330	21246	1.6	5.27
20331	21246	1.47	4.91
20332	21246	1.35	4.55
20333	21246	1.22	4.2
20334	21246	1.1	3.85
20335	21246	0.93	3.5
20336	21246	0.74	3.16
20349	21246	1.1	3.85
20350	21246	0.93	3.5
20351	21246	0.74	3.16
20352	21246	0.55	2.83
20353	21246	0.39	2.47
20354	21246	0.42	1.91
20355	21246	0.46	1.33
20356	21246	0.5	0.75
20357	21246	0.55	0.17
20370	21246	3.04	9.32
20371	21246	2.92	8.94
20372	21246	2.79	8.56
20373	21246	2.67	8.19
20374	21246	2.53	7.81
20375	21246	2.4	7.44
20376	21246	2.27	7.08
20377	21246	2.13	6.71
20378	21246	2.0	6.35
20496	21252	4.41	-0.05
20497	21252	3.97	0.02
20498	21252	3.53	0.08
20499	21252	3.09	0.14
20500	21252	2.6	0.16
20501	21252	2.12	0.17
20502	21252	1.55	0.05
20503	21252	0.96	-0.06
20504	21252	0.38	-0.17
20496	21255	3.58	-2.49
20497	21255	3.27	-2.3
20498	21255	2.96	-2.11
20499	21255	2.65	-1.92
20500	21255	2.34	-1.74
20501	21255	2.04	-1.55
20502	21255	1.8	-1.36
20503	21255	1.61	-1.09
20504	21255	1.46	-0.79
20517	21260	0.46	-6.97
20518	21260	0.43	-6.57
20519	21260	0.4	-6.17
20520	21260	0.38	-5.77
20521	21260	0.35	-5.37
20522	21260	0.33	-4.97
20523	21260	0.32	-4.57
20524	21260	0.32	-4.17
20525	21260	0.33	-3.76
20517	21261	-2.73	-7.25
20518	21261	-2.58	-6.88
20519	21261	-2.44	-6.52
20520	21261	-2.28	-6.16
20521	21261	-2.13	-5.8
20522	21261	-1.99	-5.45
20523	21261	-1.84	-5.1
20524	21261	-1.69	-4.75
20525	21261	-1.53	-4.4
20538	21260	0.62	-0.95
20539	21260	0.66	-0.55
20540	21260	0.66	-0.15
20541	21260	0.61	0.26
20542	21260	0.57	0.67
20543	21260	0.52	1.09
20544	21260	0.47	1.5
20545	21260	0.41	1.89
20546	21260	0.36	2.29
20538	21261	-0.48	-1.92
20539	21261	-0.35	-1.55
20540	21261	-0.22	-1.18
20541	21261	-0.08	-0.81
20542	21261	0.05	-0.44
20543	21261	0.18	-0.07
20544	21261	0.32	0.31
20545	21261	0.45	0.68
20546	21261	0.58	1.06
20559	21260	0.61	0.26
20560	21260	0.57	0.67
20561	21260	0.52	1.09
20562	21260	0.47	1.5
20563	21260	0.41	1.89
20564	21260	0.36	2.29
20565	21260	0.31	2.69
20566	21260	0.25	3.08
20567	21260	0.2	3.48
20559	21261	-0.08	-0.81
20560	21261	0.05	-0.44
20561	21261	0.18	-0.07
20562	21261	0.32	0.31
20563	21261	0.45	0.68
20564	21261	0.58	1.06
20565	21261	0.72	1.44
20566	21261	0.85	1.81
20567	21261	0.99	2.19
20643	21269	-8.07	0.15
20644	21269	-7.67	0.14
20645	21269	-7.27	0.13
20646	21269	-6.87	0.12
20647	21269	-6.47	0.12
20648	21269	-6.07	0.11
20649	21269	-5.67	0.1
20650	21269	-5.27	0.1
20651	21269	-4.87	0.09
20664	21269	-5.67	0.1
20665	21269	-5.27	0.1
20666	21269	-4.87	0.09
20667	21269	-4.47	0.08
20668	21269	-4.07	0.07
20669	21269	-3.67	0.07
20670	21269	-3.27	0.06
20671	21269	-2.87	0.05
20672	21269	-2.45	0.02
20790	21278	4.84	4.58
20791	21278	4.55	4.31
20792	21278	4.26	4.03
20793	21278	3.97	3.76
20794	21278	3.68	3.48
20795	21278	3.39	3.21
20796	21278	3.1	2.93
20797	21278	2.8	2.66
20798	21278	2.49	2.38
20790	21281	7.6	0.88
20791	21281	7.2	0.84
20792	21281	6.8	0.79
20793	21281	6.41	0.75
20794	21281	6.01	0.7
20795	21281	5.61	0.65
20796	21281	5.22	0.61
20797	21281	4.83	0.56
20798	21281	4.44	0.52
20811	21278	6.59	6.23
20812	21278	6.3	5.96
20813	21278	6.01	5.68
20814	21278	5.72	5.41
20815	21278	5.42	5.13
20816	21278	5.13	4.86
20817	21278	4.84	4.58
20818	21278	4.55	4.31
20819	21278	4.26	4.03
20811	21281	9.98	1.16
20812	21281	9.58	1.12
20813	21281	9.19	1.07
20814	21281	8.79	1.02
20815	21281	8.39	0.98
20816	21281	7.99	0.93
20817	21281	7.6	0.88
20818	21281	7.2	0.84
20819	21281	6.8	0.79
21000	21297	7.86	-2.82
21001	21297	7.48	-2.69
21002	21297	7.11	-2.55
21003	21297	6.73	-2.42
21004	21297	6.35	-2.28
21005	21297	5.98	-2.15
21006	21297	5.6	-2.01
21007	21297	5.23	-1.87
21008	21297	4.85	-1.72
21021	21297	6.73	-2.42
21022	21297	6.35	-2.28
21023	21297	5.98	-2.15
21024	21297	5.6	-2.01
21025	21297	5.23	-1.87
21026	21297	4.85	-1.72
21027	21297	4.48	-1.56
21028	21297	4.1	-1.39
21029	21297	3.71	-1.23
21042	21297	6.73	-2.42
21043	21297	6.35	-2.28
21044	21297	5.98	-2.15
21045	21297	5.6	-2.01
21046	21297	5.23	-1.87
21047	21297	4.85	-1.72
21048	21297	4.48	-1.56
21049	21297	4.1	-1.39
21050	21297	3.71	-1.23
21063	21297	3.31	-1.07
21064	21297	2.92	-0.9
21065	21297	2.58	-0.7
21066	21297	2.24	-0.52
21067	21297	1.88	-0.23
21068	21297	1.51	0.08
21069	21297	1.14	0.38
21070	21297	0.77	0.69
21071	21297	0.39	1.0
21504	21339	-6.53	-6.74
21505	21339	-6.25	-6.45
21506	21339	-5.97	-6.16
21507	21339	-5.69	-5.88
21508	21339	-5.41	-5.59
21509	21339	-5.13	-5.3
21510	21339	-4.86	-5.01
21511	21339	-4.58	-4.73
21512	21339	-4.3	-4.44
21525	21339	-6.53	-6.74
21526	21339	-6.25	-6.45
21527	21339	-5.97	-6.16
21528	21339	-5.69	-5.88
21529	21339	-5.41	-5.59
21530	21339	-5.13	-5.3
21531	21339	-4.86	-5.01
21532	21339	-4.58	-4.73
21533	21339	-4.3	-4.44
21546	21339	-5.69	-5.88
21547	21339	-5.41	-5.59
21548	21339	-5.13	-5.3
21549	21339	-4.86	-5.01
21550	21339	-4.58	-4.73
21551	21339	-4.3	-4.44
21552	21339	-4.02	-4.15
21553	21339	-3.74	-3.86
21554	21339	-3.47	-3.58
21567	21339	-5.69	-5.88
21568	21339	-5.41	-5.59
21569	21339	-5.13	-5.3
21570	21339	-4.86	-5.01
21571	21339	-4.58	-4.73
21572	21339	-4.3	-4.44
21573	21339	-4.02	-4.15
21574	21339	-3.74	-3.86
21575	21339	-3.47	-3.58
21588	21339	-4.86	-5.01
21589	21339	-4.58	-4.73
21590	21339	-4.3	-4.44
21591	21339	-4.02	-4.15
21592	21339	-3.74	-3.86
21593	21339	-3.47	-3.58
21594	21339	-3.19	-3.29
21595	21339	-2.91	-3.0
21596	21339	-2.63	-2.69
21609	21339	-0.83	0.32
21610	21339	-0.6	0.72
21611	21339	-0.29	0.98
21612	21339	0.01	1.24
21613	21339	0.32	1.5
21614	21339	0.62	1.75
21615	21339	0.93	2.01
21616	21339	1.23	2.27
21617	21339	1.53	2.53
21630	21339	-6.53	-6.74
21631	21339	-6.25	-6.45
21632	21339	-5.97	-6.16
21633	21339	-5.69	-5.88
21634	21339	-5.41	-5.59
21635	21339	-5.13	-5.3
21636	21339	-4.86	-5.01
21637	21339	-4.58	-4.73
21638	21339	-4.3	-4.44
21651	21344	-0.37	-5.61
21652	21344	-0.35	-5.21
21653	21344	-0.32	-4.81
21654	21344	-0.32	-4.41
21655	21344	-0.32	-3.99
21656	21344	-0.31	-3.56
21657	21344	-0.3	-3.13
21658	21344	-0.28	-2.72
21659	21344	-0.29	-2.33
21651	21345	5.46	1.91
21652	21345	5.08	1.78
21653	21345	4.7	1.65
21654	21345	4.32	1.52
21655	21345	3.95	1.38
21656	21345	3.57	1.25
21657	21345	3.19	1.12
21658	21345	2.78	1.0
21659	21345	2.37	0.88
21672	21344	-0.32	-4.41
21673	21344	-0.32	-3.99
21674	21344	-0.31	-3.56
21675	21344	-0.3	-3.13
21676	21344	-0.28	-2.72
21677	21344	-0.29	-2.33
21678	21344	-0.4	-1.9
21679	21344	-0.55	-1.44
21680	21344	-0.71	-1.03
21672	21345	4.32	1.52
21673	21345	3.95	1.38
21674	21345	3.57	1.25
21675	21345	3.19	1.12
21676	21345	2.78	1.0
21677	21345	2.37	0.88
21678	21345	1.94	0.65
21679	21345	1.49	0.37
21680	21345	1.04	0.09
21693	21344	-0.45	-6.81
21694	21344	-0.42	-6.41
21695	21344	-0.4	-6.01
21696	21344	-0.37	-5.61
21697	21344	-0.35	-5.21
21698	21344	-0.32	-4.81
21699	21344	-0.32	-4.41
21700	21344	-0.32	-3.99
21701	21344	-0.31	-3.56
21693	21345	6.59	2.31
21694	21345	6.21	2.18
21695	21345	5.83	2.05
21696	21345	5.46	1.91
21697	21345	5.08	1.78
21698	21345	4.7	1.65
21699	21345	4.32	1.52
21700	21345	3.95	1.38
21701	21345	3.57	1.25
21756	21352	-8.55	0.13
21757	21352	-8.15	0.12
21758	21352	-7.75	0.11
21759	21352	-7.35	0.1
21760	21352	-6.95	0.08
21761	21352	-6.55	0.06
21762	21352	-6.15	0.03
21763	21352	-5.75	-0.0
21764	21352	-5.34	-0.03
21777	21352	-4.93	-0.06
21778	21352	-4.51	-0.09
21779	21352	-4.09	-0.12
21780	21352	-3.69	-0.16
21781	21352	-3.31	-0.23
21782	21352	-2.91	-0.29
21783	21352	-2.56	-0.36
21784	21352	-2.23	-0.42
21785	21352	-1.9	-0.46
21798	21352	-3.69	-0.16
21799	21352	-3.31	-0.23
21800	21352	-2.91	-0.29
21801	21352	-2.56	-0.36
21802	21352	-2.23	-0.42
21803	21352	-1.9	-0.46
21804	21352	-1.57	-0.49
21805	21352	-1.24	-0.53
21806	21352	-0.88	-0.55
21819	21352	-8.55	0.13
21820	21352	-8.15	0.12
21821	21352	-7.75	0.11
21822	21352	-7.35	0.1
21823	21352	-6.95	0.08
21824	21352	-6.55	0.06
21825	21352	-6.15	0.03
21826	21352	-5.75	-0.0
21827	21352	-5.34	-0.03
21840	21352	-7.35	0.1
21841	21352	-6.95	0.08
21842	21352	-6.55	0.06
21843	21352	-6.15	0.03
21844	21352	-5.75	-0.0
21845	21352	-5.34	-0.03
21846	21352	-4.93	-0.06
21847	21352	-4.51	-0.09
21848	21352	-4.09	-0.12
21861	21352	-3.69	-0.16
21862	21352	-3.31	-0.23
21863	21352	-2.91	-0.29
21864	21352	-2.56	-0.36
21865	21352	-2.23	-0.42
21866	21352	-1.9	-0.46
21867	21352	-1.57	-0.49
21868	21352	-1.24	-0.53
21869	21352	-0.88	-0.55
21882	21352	-8.55	0.13
21883	21352	-8.15	0.12
21884	21352	-7.75	0.11
21885	21352	-7.35	0.1
21886	21352	-6.95	0.08
21887	21352	-6.55	0.06
21888	21352	-6.15	0.03
21889	21352	-5.75	-0.0
21890	21352	-5.34	-0.03
21903	21352	-9.75	0.15
21904	21352	-9.35	0.14
21905	21352	-8.95	0.13
21906	21352	-8.55	0.13
21907	21352	-8.15	0.12
21908	21352	-7.75	0.11
21909	21352	-7.35	0.1
21910	21352	-6.95	0.08
21911	21352	-6.55	0.06
21924	21352	-8.55	0.13
21925	21352	-8.15	0.12
21926	21352	-7.75	0.11
21927	21352	-7.35	0.1
21928	21352	-6.95	0.08
21929	21352	-6.55	0.06
21930	21352	-6.15	0.03
21931	21352	-5.75	-0.0
21932	21352	-5.34	-0.03
22365	21381	-6.92	2.26
22366	21381	-6.54	2.13
22367	21381	-6.16	2.01
22368	21381	-5.78	1.88
22369	21381	-5.4	1.76
22370	21381	-5.03	1.62
22371	21381	-4.67	1.48
22372	21381	-4.31	1.34
22373	21381	-3.95	1.18
22386	21381	-2.68	0.62
22387	21381	-2.34	0.56
22388	21381	-2.0	0.5
22389	21381	-1.67	0.44
22390	21381	-1.33	0.38
22391	21381	-1.0	0.29
22392	21381	-0.65	0.17
22393	21381	-0.29	0.05
22394	21381	0.08	-0.07
22407	21381	-9.2	3.0
22408	21381	-8.82	2.88
22409	21381	-8.44	2.75
22410	21381	-8.06	2.63
22411	21381	-7.68	2.5
22412	21381	-7.3	2.38
22413	21381	-6.92	2.26
22414	21381	-6.54	2.13
22415	21381	-6.16	2.01
22428	21387	-5.0	4.34
22429	21387	-4.7	4.08
22430	21387	-4.4	3.81
22431	21387	-4.09	3.55
22432	21387	-3.79	3.29
22433	21387	-3.5	3.04
22434	21387	-3.23	2.79
22435	21387	-2.96	2.54
22436	21387	-2.69	2.31
22428	21388	-5.96	-1.32
22429	21388	-5.58	-1.21
22430	21388	-5.19	-1.1
22431	21388	-4.79	-0.98
22432	21388	-4.4	-0.86
22433	21388	-3.98	-0.75
22434	21388	-3.54	-0.65
22435	21388	-3.1	-0.55
22436	21388	-2.67	-0.44
22428	21389	3.15	-4.94
22429	21389	2.93	-4.6
22430	21389	2.72	-4.26
22431	21389	2.5	-3.92
22432	21389	2.29	-3.59
22433	21389	2.05	-3.25
22434	21389	1.81	-2.9
22435	21389	1.56	-2.55
22436	21389	1.32	-2.2
22449	21387	-4.09	3.55
22450	21387	-3.79	3.29
22451	21387	-3.5	3.04
22452	21387	-3.23	2.79
22453	21387	-2.96	2.54
22454	21387	-2.69	2.31
22455	21387	-2.46	2.09
22456	21387	-2.34	1.92
22457	21387	-2.27	1.73
22449	21388	-4.79	-0.98
22450	21388	-4.4	-0.86
22451	21388	-3.98	-0.75
22452	21388	-3.54	-0.65
22453	21388	-3.1	-0.55
22454	21388	-2.67	-0.44
22455	21388	-2.28	-0.32
22456	21388	-1.93	-0.02
22457	21388	-1.54	0.26
22449	21389	2.5	-3.92
22450	21389	2.29	-3.59
22451	21389	2.05	-3.25
22452	21389	1.81	-2.9
22453	21389	1.56	-2.55
22454	21389	1.32	-2.2
22455	21389	1.15	-1.74
22456	21389	1.16	-1.14
22457	21389	1.21	-0.54
22785	21417	1.28	-1.84
22786	21417	1.09	-1.68
22787	21417	0.9	-1.52
22788	21417	0.71	-1.36
22789	21417	0.52	-1.2
22790	21417	0.34	-1.04
22791	21417	0.15	-0.88
22792	21417	-0.04	-0.69
22793	21417	-0.26	-0.38
22806	21417	5.81	-7.99
22807	21417	5.58	-7.66
22808	21417	5.34	-7.34
22809	21417	5.11	-7.02
22810	21417	4.87	-6.69
22811	21417	4.64	-6.37
22812	21417	4.4	-6.05
22813	21417	4.17	-5.72
22814	21417	3.93	-5.4
22827	21417	2.32	-3.17
22828	21417	2.11	-2.88
22829	21417	1.89	-2.64
22830	21417	1.68	-2.41
22831	21417	1.49	-2.26
22832	21417	1.37	-2.06
22833	21417	1.28	-1.84
22834	21417	1.09	-1.68
22835	21417	0.9	-1.52
22848	21419	2.59	-2.46
22849	21419	2.87	-2.75
22850	21419	3.14	-3.04
22851	21419	3.42	-3.33
22852	21419	3.7	-3.62
22853	21419	3.97	-3.91
22854	21419	4.25	-4.2
22855	21419	4.52	-4.49
22856	21419	4.8	-4.78
22869	21419	3.42	-3.33
22870	21419	3.7	-3.62
22871	21419	3.97	-3.91
22872	21419	4.25	-4.2
22873	21419	4.52	-4.49
22874	21419	4.8	-4.78
22875	21419	5.08	-5.07
22876	21419	5.35	-5.36
22877	21419	5.63	-5.65
23184	21445	1.49	-1.46
23185	21445	1.23	-1.69
23186	21445	1.0	-1.77
23187	21445	0.77	-1.76
23188	21445	0.52	-1.66
23189	21445	0.26	-1.52
23190	21445	-0.0	-1.37
23191	21445	-0.27	-1.23
23192	21445	-0.53	-1.09
23205	21452	-2.88	7.91
23206	21452	-2.74	7.53
23207	21452	-2.61	7.16
23208	21452	-2.47	6.78
23209	21452	-2.33	6.41
23210	21452	-2.2	6.03
23211	21452	-2.06	5.65
23212	21452	-1.92	5.28
23213	21452	-1.79	4.9
23226	21452	-2.06	5.65
23227	21452	-1.92	5.28
23228	21452	-1.79	4.9
23229	21452	-1.65	4.53
23230	21452	-1.51	4.15
23231	21452	-1.37	3.77
23232	21452	-1.24	3.4
23233	21452	-1.14	3.08
23234	21452	-1.07	2.8
23247	21452	-1.65	4.53
23248	21452	-1.51	4.15
23249	21452	-1.37	3.77
23250	21452	-1.24	3.4
23251	21452	-1.14	3.08
23252	21452	-1.07	2.8
23253	21452	-1.01	2.52
23254	21452	-0.98	2.23
23255	21452	-1.01	2.0
23268	21452	-2.06	5.65
23269	21452	-1.92	5.28
23270	21452	-1.79	4.9
23271	21452	-1.65	4.53
23272	21452	-1.51	4.15
23273	21452	-1.37	3.77
23274	21452	-1.24	3.4
23275	21452	-1.14	3.08
23276	21452	-1.07	2.8
23289	21452	-2.88	7.91
23290	21452	-2.74	7.53
23291	21452	-2.61	7.16
23292	21452	-2.47	6.78
23293	21452	-2.33	6.41
23294	21452	-2.2	6.03
23295	21452	-2.06	5.65
23296	21452	-1.92	5.28
23297	21452	-1.79	4.9
23310	21452	-1.01	2.52
23311	21452	-0.98	2.23
23312	21452	-1.01	2.0
23313	21452	-1.03	1.77
23314	21452	-1.05	1.55
23315	21452	-1.06	1.33
23316	21452	-1.07	1.1
23317	21452	-1.07	0.87
23318	21452	-1.06	0.62
23331	21452	-2.88	7.91
23332	21452	-2.74	7.53
23333	21452	-2.61	7.16
23334	21452	-2.47	6.78
23335	21452	-2.33	6.41
23336	21452	-2.2	6.03
23337	21452	-2.06	5.65
23338	21452	-1.92	5.28
23339	21452	-1.79	4.9
23352	21452	-1.65	4.53
23353	21452	-1.51	4.15
23354	21452	-1.37	3.77
23355	21452	-1.24	3.4
23356	21452	-1.14	3.08
23357	21452	-1.07	2.8
23358	21452	-1.01	2.52
23359	21452	-0.98	2.23
23360	21452	-1.01	2.0
23436	21461	2.96	5.81
23437	21461	2.79	5.46
23438	21461	2.61	5.11
23439	21461	2.43	4.77
23440	21461	2.25	4.42
23441	21461	2.08	4.08
23442	21461	1.93	3.73
23443	21461	1.79	3.4
23444	21461	1.63	3.1
23436	21462	-2.46	5.29
23437	21462	-2.32	4.93
23438	21462	-2.18	4.58
23439	21462	-2.04	4.23
23440	21462	-1.9	3.89
23441	21462	-1.76	3.55
23442	21462	-1.66	3.22
23443	21462	-1.56	2.88
23444	21462	-1.49	2.57
23457	21461	4.6	9.02
23458	21461	4.41	8.67
23459	21461	4.23	8.31
23460	21461	4.05	7.95
23461	21461	3.87	7.6
23462	21461	3.69	7.24
23463	21461	3.51	6.88
23464	21461	3.33	6.53
23465	21461	3.14	6.17
23457	21462	-3.91	8.57
23458	21462	-3.75	8.2
23459	21462	-3.58	7.84
23460	21462	-3.41	7.47
23461	21462	-3.25	7.11
23462	21462	-3.08	6.75
23463	21462	-2.92	6.38
23464	21462	-2.76	6.02
23465	21462	-2.61	5.65
23478	21461	4.05	7.95
23479	21461	3.87	7.6
23480	21461	3.69	7.24
23481	21461	3.51	6.88
23482	21461	3.33	6.53
23483	21461	3.14	6.17
23484	21461	2.96	5.81
23485	21461	2.79	5.46
23486	21461	2.61	5.11
23478	21462	-3.41	7.47
23479	21462	-3.25	7.11
23480	21462	-3.08	6.75
23481	21462	-2.92	6.38
23482	21462	-2.76	6.02
23483	21462	-2.61	5.65
23484	21462	-2.46	5.29
23485	21462	-2.32	4.93
23486	21462	-2.18	4.58
23772	21487	-2.7	-2.17
23773	21487	-2.38	-1.89
23774	21487	-2.07	-1.62
23775	21487	-1.81	-1.24
23776	21487	-1.56	-0.84
23777	21487	-1.31	-0.44
23778	21487	-1.06	-0.05
23779	21487	-0.8	0.35
23780	21487	-0.55	0.75
23793	21491	1.33	-1.86
23794	21491	1.25	-1.65
23795	21491	1.17	-1.43
23796	21491	1.11	-1.17
23797	21491	1.05	-0.91
23798	21491	0.99	-0.66
23799	21491	0.93	-0.41
23800	21491	0.85	-0.15
23801	21491	0.64	0.18
23814	21491	5.07	-8.36
23815	21491	4.86	-8.02
23816	21491	4.66	-7.68
23817	21491	4.45	-7.34
23818	21491	4.24	-7.0
23819	21491	4.03	-6.65
23820	21491	3.83	-6.31
23821	21491	3.62	-5.97
23822	21491	3.41	-5.63
23835	21491	3.2	-5.29
23836	21491	3.0	-4.94
23837	21491	2.79	-4.6
23838	21491	2.58	-4.26
23839	21491	2.39	-3.93
23840	21491	2.21	-3.62
23841	21491	2.03	-3.31
23842	21491	1.85	-3.03
23843	21491	1.71	-2.76
23856	21491	1.58	-2.5
23857	21491	1.49	-2.28
23858	21491	1.41	-2.07
23859	21491	1.33	-1.86
23860	21491	1.25	-1.65
23861	21491	1.17	-1.43
23862	21491	1.11	-1.17
23863	21491	1.05	-0.91
23864	21491	0.99	-0.66
23877	21491	4.45	-7.34
23878	21491	4.24	-7.0
23879	21491	4.03	-6.65
23880	21491	3.83	-6.31
23881	21491	3.62	-5.97
23882	21491	3.41	-5.63
23883	21491	3.2	-5.29
23884	21491	3.0	-4.94
23885	21491	2.79	-4.6
23898	21491	4.45	-7.34
23899	21491	4.24	-7.0
23900	21491	4.03	-6.65
23901	21491	3.83	-6.31
23902	21491	3.62	-5.97
23903	21491	3.41	-5.63
23904	21491	3.2	-5.29
23905	21491	3.0	-4.94
23906	21491	2.79	-4.6
23919	21498	6.07	5.4
23920	21498	5.77	5.13
23921	21498	5.47	4.87
23922	21498	5.17	4.6
23923	21498	4.87	4.34
23924	21498	4.57	4.07
23925	21498	4.27	3.8
23926	21498	3.97	3.54
23927	21498	3.68	3.27
23940	21498	6.96	6.2
23941	21498	6.66	5.93
23942	21498	6.36	5.67
23943	21498	6.07	5.4
23944	21498	5.77	5.13
23945	21498	5.47	4.87
23946	21498	5.17	4.6
23947	21498	4.87	4.34
23948	21498	4.57	4.07
23961	21498	4.27	3.8
23962	21498	3.97	3.54
23963	21498	3.68	3.27
23964	21498	3.38	3.01
23965	21498	3.08	2.74
23966	21498	2.78	2.47
23967	21498	2.48	2.21
23968	21498	2.18	1.94
23969	21498	1.83	1.72
23982	21498	6.07	5.4
23983	21498	5.77	5.13
23984	21498	5.47	4.87
23985	21498	5.17	4.6
23986	21498	4.87	4.34
23987	21498	4.57	4.07
23988	21498	4.27	3.8
23989	21498	3.97	3.54
23990	21498	3.68	3.27
24003	21498	4.27	3.8
24004	21498	3.97	3.54
24005	21498	3.68	3.27
24006	21498	3.38	3.01
24007	21498	3.08	2.74
24008	21498	2.78	2.47
24009	21498	2.48	2.21
24010	21498	2.18	1.94
24011	21498	1.83	1.72
24024	21498	5.17	4.6
24025	21498	4.87	4.34
24026	21498	4.57	4.07
24027	21498	4.27	3.8
24028	21498	3.97	3.54
24029	21498	3.68	3.27
24030	21498	3.38	3.01
24031	21498	3.08	2.74
24032	21498	2.78	2.47
24045	21498	4.27	3.8
24046	21498	3.97	3.54
24047	21498	3.68	3.27
24048	21498	3.38	3.01
24049	21498	3.08	2.74
24050	21498	2.78	2.47
24051	21498	2.48	2.21
24052	21498	2.18	1.94
24053	21498	1.83	1.72
24066	21498	3.38	3.01
24067	21498	3.08	2.74
24068	21498	2.78	2.47
24069	21498	2.48	2.21
24070	21498	2.18	1.94
24071	21498	1.83	1.72
24072	21498	1.49	1.58
24073	21498	1.12	1.45
24074	21498	0.73	1.32
24255	21511	7.07	1.76
24256	21511	6.68	1.67
24257	21511	6.3	1.57
24258	21511	5.92	1.46
24259	21511	5.55	1.36
24260	21511	5.19	1.27
24261	21511	4.84	1.19
24262	21511	4.48	1.12
24263	21511	4.13	1.05
24255	21512	7.29	-2.57
24256	21512	6.91	-2.44
24257	21512	6.53	-2.3
24258	21512	6.15	-2.17
24259	21512	5.78	-2.04
24260	21512	5.4	-1.92
24261	21512	5.02	-1.81
24262	21512	4.64	-1.71
24263	21512	4.26	-1.62
24255	21513	-3.79	5.99
24256	21513	-3.58	5.65
24257	21513	-3.36	5.31
24258	21513	-3.15	4.97
24259	21513	-2.93	4.63
24260	21513	-2.72	4.3
24261	21513	-2.51	3.96
24262	21513	-2.29	3.62
24263	21513	-2.08	3.28
24276	21511	5.92	1.46
24277	21511	5.55	1.36
24278	21511	5.19	1.27
24279	21511	4.84	1.19
24280	21511	4.48	1.12
24281	21511	4.13	1.05
24282	21511	3.77	0.99
24283	21511	3.41	0.94
24284	21511	3.03	0.9
24276	21512	6.15	-2.17
24277	21512	5.78	-2.04
24278	21512	5.4	-1.92
24279	21512	5.02	-1.81
24280	21512	4.64	-1.71
24281	21512	4.26	-1.62
24282	21512	3.88	-1.54
24283	21512	3.51	-1.46
24284	21512	3.16	-1.39
24276	21513	-3.15	4.97
24277	21513	-2.93	4.63
24278	21513	-2.72	4.3
24279	21513	-2.51	3.96
24280	21513	-2.29	3.62
24281	21513	-2.08	3.28
24282	21513	-1.86	2.94
24283	21513	-1.65	2.62
24284	21513	-1.45	2.36
24297	21511	3.77	0.99
24298	21511	3.41	0.94
24299	21511	3.03	0.9
24300	21511	2.65	0.86
24301	21511	2.33	0.86
24302	21511	2.01	0.88
24303	21511	1.62	0.85
24304	21511	1.2	0.81
24305	21511	0.79	0.76
24297	21512	3.88	-1.54
24298	21512	3.51	-1.46
24299	21512	3.16	-1.39
24300	21512	2.81	-1.31
24301	21512	2.45	-1.21
24302	21512	2.08	-1.11
24303	21512	1.75	-1.02
24304	21512	1.44	-0.92
24305	21512	1.13	-0.82
24297	21513	-1.86	2.94
24298	21513	-1.65	2.62
24299	21513	-1.45	2.36
24300	21513	-1.24	2.1
24301	21513	-1.14	1.83
24302	21513	-1.05	1.56
24303	21513	-1.16	1.34
24304	21513	-1.31	1.11
24305	21513	-1.47	0.88
24318	21511	2.65	0.86
24319	21511	2.33	0.86
24320	21511	2.01	0.88
24321	21511	1.62	0.85
24322	21511	1.2	0.81
24323	21511	0.79	0.76
24324	21511	0.37	0.71
24325	21511	-0.05	0.67
24326	21511	-0.46	0.62
24318	21512	2.81	-1.31
24319	21512	2.45	-1.21
24320	21512	2.08	-1.11
24321	21512	1.75	-1.02
24322	21512	1.44	-0.92
24323	21512	1.13	-0.82
24324	21512	0.82	-0.72
24325	21512	0.51	-0.62
24326	21512	0.2	-0.51
24318	21513	-1.24	2.1
24319	21513	-1.14	1.83
24320	21513	-1.05	1.56
24321	21513	-1.16	1.34
24322	21513	-1.31	1.11
24323	21513	-1.47	0.88
24324	21513	-1.62	0.65
24325	21513	-1.78	0.42
24326	21513	-1.93	0.19
24696	21540	4.04	-2.64
24697	21540	3.71	-2.38
24698	21540	3.38	-2.12
24699	21540	3.05	-1.86
24700	21540	2.68	-1.6
24701	21540	2.29	-1.34
24702	21540	1.91	-1.1
24703	21540	1.56	-0.89
24704	21540	1.21	-0.67
24696	21542	3.32	-3.9
24697	21542	3.05	-3.64
24698	21542	2.78	-3.37
24699	21542	2.52	-3.1
24700	21542	2.26	-2.84
24701	21542	2.0	-2.57
24702	21542	1.74	-2.32
24703	21542	1.47	-2.1
24704	21542	1.21	-1.88
24717	21540	3.05	-1.86
24718	21540	2.68	-1.6
24719	21540	2.29	-1.34
24720	21540	1.91	-1.1
24721	21540	1.56	-0.89
24722	21540	1.21	-0.67
24723	21540	0.86	-0.46
24724	21540	0.51	-0.24
24725	21540	0.17	-0.02
24717	21542	2.52	-3.1
24718	21542	2.26	-2.84
24719	21542	2.0	-2.57
24720	21542	1.74	-2.32
24721	21542	1.47	-2.1
24722	21542	1.21	-1.88
24723	21542	0.94	-1.66
24724	21542	0.67	-1.43
24725	21542	0.39	-1.2
24738	21540	0.86	-0.46
24739	21540	0.51	-0.24
24740	21540	0.17	-0.02
24741	21540	-0.17	0.2
24742	21540	-0.5	0.43
24743	21540	-0.83	0.66
24744	21540	-1.15	0.89
24745	21540	-1.48	1.12
24746	21540	-1.81	1.35
24738	21542	0.94	-1.66
24739	21542	0.67	-1.43
24740	21542	0.39	-1.2
24741	21542	0.11	-0.96
24742	21542	-0.16	-0.72
24743	21542	-0.44	-0.48
24744	21542	-0.72	-0.23
24745	21542	-0.97	0.03
24746	21542	-1.2	0.31
24759	21540	1.91	-1.1
24760	21540	1.56	-0.89
24761	21540	1.21	-0.67
24762	21540	0.86	-0.46
24763	21540	0.51	-0.24
24764	21540	0.17	-0.02
24765	21540	-0.17	0.2
24766	21540	-0.5	0.43
24767	21540	-0.83	0.66
24759	21542	1.74	-2.32
24760	21542	1.47	-2.1
24761	21542	1.21	-1.88
24762	21542	0.94	-1.66
24763	21542	0.67	-1.43
24764	21542	0.39	-1.2
24765	21542	0.11	-0.96
24766	21542	-0.16	-0.72
24767	21542	-0.44	-0.48
24780	21540	-0.17	0.2
24781	21540	-0.5	0.43
24782	21540	-0.83	0.66
24783	21540	-1.15	0.89
24784	21540	-1.48	1.12
24785	21540	-1.81	1.35
24786	21540	-2.14	1.58
24787	21540	-2.46	1.81
24788	21540	-2.79	2.03
24780	21542	0.11	-0.96
24781	21542	-0.16	-0.72
24782	21542	-0.44	-0.48
24783	21542	-0.72	-0.23
24784	21542	-0.97	0.03
24785	21542	-1.2	0.31
24786	21542	-1.43	0.6
24787	21542	-1.67	0.91
24788	21542	-1.91	1.22
24801	21540	5.0	-3.41
24802	21540	4.68	-3.15
24803	21540	4.36	-2.9
24804	21540	4.04	-2.64
24805	21540	3.71	-2.38
24806	21540	3.38	-2.12
24807	21540	3.05	-1.86
24808	21540	2.68	-1.6
24809	21540	2.29	-1.34
24801	21542	4.14	-4.72
24802	21542	3.86	-4.44
24803	21542	3.59	-4.17
24804	21542	3.32	-3.9
24805	21542	3.05	-3.64
24806	21542	2.78	-3.37
24807	21542	2.52	-3.1
24808	21542	2.26	-2.84
24809	21542	2.0	-2.57
24822	21540	3.05	-1.86
24823	21540	2.68	-1.6
24824	21540	2.29	-1.34
24825	21540	1.91	-1.1
24826	21540	1.56	-0.89
24827	21540	1.21	-0.67
24828	21540	0.86	-0.46
24829	21540	0.51	-0.24
24830	21540	0.17	-0.02
24822	21542	2.52	-3.1
24823	21542	2.26	-2.84
24824	21542	2.0	-2.57
24825	21542	1.74	-2.32
24826	21542	1.47	-2.1
24827	21542	1.21	-1.88
24828	21542	0.94	-1.66
24829	21542	0.67	-1.43
24830	21542	0.39	-1.2
25116	21557	-8.48	-4.84
25117	21557	-8.13	-4.64
25118	21557	-7.78	-4.44
25119	21557	-7.43	-4.24
25120	21557	-7.09	-4.05
25121	21557	-6.74	-3.85
25122	21557	-6.39	-3.65
25123	21557	-6.04	-3.45
25124	21557	-5.7	-3.26
25116	21562	-9.12	-1.51
25117	21562	-8.73	-1.45
25118	21562	-8.33	-1.38
25119	21562	-7.94	-1.32
25120	21562	-7.54	-1.25
25121	21562	-7.15	-1.18
25122	21562	-6.75	-1.12
25123	21562	-6.36	-1.05
25124	21562	-5.96	-0.98
25137	21557	-7.43	-4.24
25138	21557	-7.09	-4.05
25139	21557	-6.74	-3.85
25140	21557	-6.39	-3.65
25141	21557	-6.04	-3.45
25142	21557	-5.7	-3.26
25143	21557	-5.35	-3.08
25144	21557	-5.01	-2.9
25145	21557	-4.68	-2.72
25137	21562	-7.94	-1.32
25138	21562	-7.54	-1.25
25139	21562	-7.15	-1.18
25140	21562	-6.75	-1.12
25141	21562	-6.36	-1.05
25142	21562	-5.96	-0.98
25143	21562	-5.56	-0.9
25144	21562	-5.16	-0.82
25145	21562	-4.76	-0.73
25158	21557	-7.43	-4.24
25159	21557	-7.09	-4.05
25160	21557	-6.74	-3.85
25161	21557	-6.39	-3.65
25162	21557	-6.04	-3.45
25163	21557	-5.7	-3.26
25164	21557	-5.35	-3.08
25165	21557	-5.01	-2.9
25166	21557	-4.68	-2.72
25158	21562	-7.94	-1.32
25159	21562	-7.54	-1.25
25160	21562	-7.15	-1.18
25161	21562	-6.75	-1.12
25162	21562	-6.36	-1.05
25163	21562	-5.96	-0.98
25164	21562	-5.56	-0.9
25165	21562	-5.16	-0.82
25166	21562	-4.76	-0.73
25179	21557	-2.36	-1.43
25180	21557	-1.93	-1.22
25181	21557	-1.55	-1.01
25182	21557	-1.2	-0.79
25183	21557	-0.85	-0.58
25184	21557	-0.49	-0.37
25185	21557	-0.14	-0.16
25186	21557	0.22	0.05
25187	21557	0.56	0.25
25179	21562	-1.69	-0.27
25180	21562	-1.18	-0.13
25181	21562	-0.69	0.0
25182	21562	-0.27	0.07
25183	21562	0.14	0.14
25184	21562	0.56	0.21
25185	21562	0.98	0.28
25186	21562	1.38	0.35
25187	21562	1.77	0.41
25200	21557	-8.48	-4.84
25201	21557	-8.13	-4.64
25202	21557	-7.78	-4.44
25203	21557	-7.43	-4.24
25204	21557	-7.09	-4.05
25205	21557	-6.74	-3.85
25206	21557	-6.39	-3.65
25207	21557	-6.04	-3.45
25208	21557	-5.7	-3.26
25200	21562	-9.12	-1.51
25201	21562	-8.73	-1.45
25202	21562	-8.33	-1.38
25203	21562	-7.94	-1.32
25204	21562	-7.54	-1.25
25205	21562	-7.15	-1.18
25206	21562	-6.75	-1.12
25207	21562	-6.36	-1.05
25208	21562	-5.96	-0.98
25221	21557	2.98	1.65
25222	21557	3.33	1.86
25223	21557	3.68	2.06
25224	21557	4.02	2.26
25225	21557	4.37	2.46
25226	21557	4.72	2.66
25227	21557	5.06	2.86
25228	21557	5.41	3.06
25229	21557	5.75	3.26
25221	21562	4.54	0.83
25222	21562	4.94	0.88
25223	21562	5.33	0.94
25224	21562	5.73	1.0
25225	21562	6.12	1.06
25226	21562	6.52	1.12
25227	21562	6.92	1.18
25228	21562	7.31	1.24
25229	21562	7.71	1.3
25242	21557	-8.48	-4.84
25243	21557	-8.13	-4.64
25244	21557	-7.78	-4.44
25245	21557	-7.43	-4.24
25246	21557	-7.09	-4.05
25247	21557	-6.74	-3.85
25248	21557	-6.39	-3.65
25249	21557	-6.04	-3.45
25250	21557	-5.7	-3.26
25242	21562	-9.12	-1.51
25243	21562	-8.73	-1.45
25244	21562	-8.33	-1.38
25245	21562	-7.94	-1.32
25246	21562	-7.54	-1.25
25247	21562	-7.15	-1.18
25248	21562	-6.75	-1.12
25249	21562	-6.36	-1.05
25250	21562	-5.96	-0.98
25263	21566	-1.54	-0.3
25264	21566	-1.89	-0.5
25265	21566	-2.24	-0.69
25266	21566	-2.59	-0.88
25267	21566	-2.94	-1.07
25268	21566	-3.29	-1.26
25269	21566	-3.64	-1.46
25270	21566	-3.99	-1.65
25271	21566	-4.34	-1.84
25284	21569	-2.07	3.53
25285	21569	-1.88	3.2
25286	21569	-1.71	2.89
25287	21569	-1.57	2.62
25288	21569	-1.42	2.35
25289	21569	-1.23	2.14
25290	21569	-1.01	1.95
25291	21569	-0.77	1.8
25292	21569	-0.52	1.65
25305	21569	-3.86	6.57
25306	21569	-3.66	6.23
25307	21569	-3.45	5.88
25308	21569	-3.25	5.54
25309	21569	-3.05	5.19
25310	21569	-2.85	4.85
25311	21569	-2.64	4.5
25312	21569	-2.44	4.17
25313	21569	-2.25	3.85
25326	21569	-1.01	1.95
25327	21569	-0.77	1.8
25328	21569	-0.52	1.65
25329	21569	-0.27	1.5
25330	21569	-0.02	1.35
25331	21569	0.24	1.16
25332	21569	0.52	0.95
25333	21569	0.81	0.72
25334	21569	1.02	0.38
25347	21569	-1.57	2.62
25348	21569	-1.42	2.35
25349	21569	-1.23	2.14
25350	21569	-1.01	1.95
25351	21569	-0.77	1.8
25352	21569	-0.52	1.65
25353	21569	-0.27	1.5
25354	21569	-0.02	1.35
25355	21569	0.24	1.16
25368	21569	-1.01	1.95
25369	21569	-0.77	1.8
25370	21569	-0.52	1.65
25371	21569	-0.27	1.5
25372	21569	-0.02	1.35
25373	21569	0.24	1.16
25374	21569	0.52	0.95
25375	21569	0.81	0.72
25376	21569	1.02	0.38
25389	21569	-0.27	1.5
25390	21569	-0.02	1.35
25391	21569	0.24	1.16
25392	21569	0.52	0.95
25393	21569	0.81	0.72
25394	21569	1.02	0.38
25395	21569	1.18	0.02
25396	21569	1.35	-0.35
25397	21569	1.51	-0.71
25410	21578	-5.47	6.28
25411	21578	-5.2	5.97
25412	21578	-4.94	5.67
25413	21578	-4.68	5.37
25414	21578	-4.42	5.07
25415	21578	-4.15	4.77
25416	21578	-3.89	4.47
25417	21578	-3.62	4.17
25418	21578	-3.35	3.87
25431	21578	1.71	-0.1
25432	21578	1.98	-0.44
25433	21578	2.26	-0.79
25434	21578	2.49	-1.13
25435	21578	2.71	-1.46
25436	21578	2.92	-1.8
25437	21578	3.13	-2.14
25438	21578	3.35	-2.48
25439	21578	3.56	-2.82
25578	21585	-9.17	-0.3
25579	21585	-8.77	-0.28
25580	21585	-8.37	-0.27
25581	21585	-7.97	-0.26
25582	21585	-7.57	-0.25
25583	21585	-7.17	-0.23
25584	21585	-6.77	-0.22
25585	21585	-6.37	-0.21
25586	21585	-5.97	-0.19
25599	21585	-3.15	0.06
25600	21585	-2.72	0.1
25601	21585	-2.28	0.11
25602	21585	-1.77	0.17
25603	21585	-1.18	0.31
25604	21585	-0.6	0.45
25605	21585	-0.14	0.6
25606	21585	0.32	0.75
25607	21585	0.75	0.9
25704	21596	-3.91	-1.54
25705	21596	-3.52	-1.4
25706	21596	-3.14	-1.25
25707	21596	-2.76	-1.1
25708	21596	-2.37	-0.96
25709	21596	-1.97	-0.82
25710	21596	-1.56	-0.69
25711	21596	-1.14	-0.47
25712	21596	-0.72	-0.25
25725	21596	-3.91	-1.54
25726	21596	-3.52	-1.4
25727	21596	-3.14	-1.25
25728	21596	-2.76	-1.1
25729	21596	-2.37	-0.96
25730	21596	-1.97	-0.82
25731	21596	-1.56	-0.69
25732	21596	-1.14	-0.47
25733	21596	-0.72	-0.25
25746	21599	3.04	-4.02
25747	21599	2.8	-3.7
25748	21599	2.55	-3.38
25749	21599	2.31	-3.06
25750	21599	2.07	-2.74
25751	21599	1.8	-2.46
25752	21599	1.5	-2.22
25753	21599	1.19	-1.97
25754	21599	0.93	-1.8
25767	21599	5.21	-6.89
25768	21599	4.97	-6.57
25769	21599	4.72	-6.26
25770	21599	4.48	-5.94
25771	21599	4.24	-5.62
25772	21599	4.0	-5.3
25773	21599	3.76	-4.98
25774	21599	3.52	-4.66
25775	21599	3.28	-4.34
25788	21599	3.76	-4.98
25789	21599	3.52	-4.66
25790	21599	3.28	-4.34
25791	21599	3.04	-4.02
25792	21599	2.8	-3.7
25793	21599	2.55	-3.38
25794	21599	2.31	-3.06
25795	21599	2.07	-2.74
25796	21599	1.8	-2.46
25809	21599	3.04	-4.02
25810	21599	2.8	-3.7
25811	21599	2.55	-3.38
25812	21599	2.31	-3.06
25813	21599	2.07	-2.74
25814	21599	1.8	-2.46
25815	21599	1.5	-2.22
25816	21599	1.19	-1.97
25817	21599	0.93	-1.8
25830	21599	0.66	-1.65
25831	21599	0.39	-1.5
25832	21599	0.12	-1.35
25833	21599	-0.15	-1.2
25834	21599	-0.42	-1.03
25835	21599	-0.65	-0.7
25836	21599	-0.87	-0.36
25837	21599	-1.08	-0.02
25838	21599	-1.29	0.32
25851	21606	-9.79	2.08
25852	21606	-9.4	2.0
25853	21606	-9.0	1.91
25854	21606	-8.61	1.83
25855	21606	-8.22	1.75
25856	21606	-7.83	1.67
25857	21606	-7.44	1.58
25858	21606	-7.05	1.5
25859	21606	-6.66	1.42
25851	21607	-1.58	-9.3
25852	21607	-1.52	-8.91
25853	21607	-1.45	-8.52
25854	21607	-1.38	-8.12
25855	21607	-1.3	-7.72
25856	21607	-1.22	-7.32
25857	21607	-1.15	-6.92
25858	21607	-1.07	-6.52
25859	21607	-0.99	-6.12
25872	21606	-7.44	1.58
25873	21606	-7.05	1.5
25874	21606	-6.66	1.42
25875	21606	-6.27	1.33
25876	21606	-5.87	1.25
25877	21606	-5.48	1.17
25878	21606	-5.09	1.08
25879	21606	-4.7	1.0
25880	21606	-4.31	0.92
25872	21607	-1.15	-6.92
25873	21607	-1.07	-6.52
25874	21607	-0.99	-6.12
25875	21607	-0.91	-5.71
25876	21607	-0.83	-5.31
25877	21607	-0.75	-4.9
25878	21607	-0.71	-4.46
25879	21607	-0.68	-4.01
25880	21607	-0.64	-3.56
25893	21606	-5.09	1.08
25894	21606	-4.7	1.0
25895	21606	-4.31	0.92
25896	21606	-3.92	0.84
25897	21606	-3.56	0.77
25898	21606	-3.19	0.7
25899	21606	-2.88	0.6
25900	21606	-2.63	0.49
25901	21606	-2.38	0.37
25893	21607	-0.71	-4.46
25894	21607	-0.68	-4.01
25895	21607	-0.64	-3.56
25896	21607	-0.61	-3.11
25897	21607	-0.58	-2.66
25898	21607	-0.54	-2.21
25899	21607	-0.5	-1.72
25900	21607	-0.49	-1.23
25901	21607	-0.48	-0.73
25914	21606	-6.27	1.33
25915	21606	-5.87	1.25
25916	21606	-5.48	1.17
25917	21606	-5.09	1.08
25918	21606	-4.7	1.0
25919	21606	-4.31	0.92
25920	21606	-3.92	0.84
25921	21606	-3.56	0.77
25922	21606	-3.19	0.7
25914	21607	-0.91	-5.71
25915	21607	-0.83	-5.31
25916	21607	-0.75	-4.9
25917	21607	-0.71	-4.46
25918	21607	-0.68	-4.01
25919	21607	-0.64	-3.56
25920	21607	-0.61	-3.11
25921	21607	-0.58	-2.66
25922	21607	-0.54	-2.21
25935	21606	-2.88	0.6
25936	21606	-2.63	0.49
25937	21606	-2.38	0.37
25938	21606	-2.12	0.18
25939	21606	-1.86	-0.01
25940	21606	-1.6	-0.2
25941	21606	-1.34	-0.37
25942	21606	-1.09	-0.51
25943	21606	-0.84	-0.59
25935	21607	-0.5	-1.72
25936	21607	-0.49	-1.23
25937	21607	-0.48	-0.73
25938	21607	-0.47	-0.22
25939	21607	-0.46	0.29
25940	21607	-0.45	0.81
25941	21607	-0.39	1.27
25942	21607	-0.3	1.66
25943	21607	-0.2	2.05
25956	21606	-8.61	1.83
25957	21606	-8.22	1.75
25958	21606	-7.83	1.67
25959	21606	-7.44	1.58
25960	21606	-7.05	1.5
25961	21606	-6.66	1.42
25962	21606	-6.27	1.33
25963	21606	-5.87	1.25
25964	21606	-5.48	1.17
25956	21607	-1.38	-8.12
25957	21607	-1.3	-7.72
25958	21607	-1.22	-7.32
25959	21607	-1.15	-6.92
25960	21607	-1.07	-6.52
25961	21607	-0.99	-6.12
25962	21607	-0.91	-5.71
25963	21607	-0.83	-5.31
25964	21607	-0.75	-4.9
25977	21606	-5.09	1.08
25978	21606	-4.7	1.0
25979	21606	-4.31	0.92
25980	21606	-3.92	0.84
25981	21606	-3.56	0.77
25982	21606	-3.19	0.7
25983	21606	-2.88	0.6
25984	21606	-2.63	0.49
25985	21606	-2.38	0.37
25977	21607	-0.71	-4.46
25978	21607	-0.68	-4.01
25979	21607	-0.64	-3.56
25980	21607	-0.61	-3.11
25981	21607	-0.58	-2.66
25982	21607	-0.54	-2.21
25983	21607	-0.5	-1.72
25984	21607	-0.49	-1.23
25985	21607	-0.48	-0.73
25998	21610	-2.0	-3.31
25999	21610	-1.76	-3.03
26000	21610	-1.52	-2.76
26001	21610	-1.28	-2.51
26002	21610	-1.04	-2.26
26003	21610	-0.81	-2.02
26004	21610	-0.6	-1.77
26005	21610	-0.42	-1.53
26006	21610	-0.23	-1.28
25998	21612	0.96	-3.31
25999	21612	1.02	-2.97
26000	21612	1.09	-2.64
26001	21612	1.16	-2.31
26002	21612	1.23	-1.99
26003	21612	1.29	-1.74
26004	21612	1.4	-1.57
26005	21612	1.49	-1.41
26006	21612	1.59	-1.24
26019	21610	-0.6	-1.77
26020	21610	-0.42	-1.53
26021	21610	-0.23	-1.28
26022	21610	-0.05	-1.04
26023	21610	0.13	-0.79
26024	21610	0.32	-0.54
26025	21610	0.5	-0.3
26026	21610	0.68	-0.05
26027	21610	0.86	0.19
26019	21612	1.4	-1.57
26020	21612	1.49	-1.41
26021	21612	1.59	-1.24
26022	21612	1.68	-1.08
26023	21612	1.76	-0.93
26024	21612	1.83	-0.79
26025	21612	1.89	-0.65
26026	21612	1.96	-0.51
26027	21612	2.02	-0.38
26040	21610	-2.0	-3.31
26041	21610	-1.76	-3.03
26042	21610	-1.52	-2.76
26043	21610	-1.28	-2.51
26044	21610	-1.04	-2.26
26045	21610	-0.81	-2.02
26046	21610	-0.6	-1.77
26047	21610	-0.42	-1.53
26048	21610	-0.23	-1.28
26040	21612	0.96	-3.31
26041	21612	1.02	-2.97
26042	21612	1.09	-2.64
26043	21612	1.16	-2.31
26044	21612	1.23	-1.99
26045	21612	1.29	-1.74
26046	21612	1.4	-1.57
26047	21612	1.49	-1.41
26048	21612	1.59	-1.24
26061	21610	-2.0	-3.31
26062	21610	-1.76	-3.03
26063	21610	-1.52	-2.76
26064	21610	-1.28	-2.51
26065	21610	-1.04	-2.26
26066	21610	-0.81	-2.02
26067	21610	-0.6	-1.77
26068	21610	-0.42	-1.53
26069	21610	-0.23	-1.28
26061	21612	0.96	-3.31
26062	21612	1.02	-2.97
26063	21612	1.09	-2.64
26064	21612	1.16	-2.31
26065	21612	1.23	-1.99
26066	21612	1.29	-1.74
26067	21612	1.4	-1.57
26068	21612	1.49	-1.41
26069	21612	1.59	-1.24
26586	21651	4.17	1.79
26587	21651	3.74	1.6
26588	21651	3.32	1.4
26589	21651	2.89	1.21
26590	21651	2.46	1.03
26591	21651	2.04	0.88
26592	21651	1.62	0.73
26593	21651	1.18	0.39
26594	21651	0.73	0.05
26586	21654	-4.56	2.08
26587	21654	-4.2	1.92
26588	21654	-3.83	1.75
26589	21654	-3.47	1.58
26590	21654	-3.1	1.39
26591	21654	-2.72	1.19
26592	21654	-2.34	0.99
26593	21654	-1.94	0.86
26594	21654	-1.51	0.74
26607	21651	2.89	1.21
26608	21651	2.46	1.03
26609	21651	2.04	0.88
26610	21651	1.62	0.73
26611	21651	1.18	0.39
26612	21651	0.73	0.05
26613	21651	0.3	-0.27
26614	21651	-0.13	-0.59
26615	21651	-0.54	-0.8
26607	21654	-3.47	1.58
26608	21654	-3.1	1.39
26609	21654	-2.72	1.19
26610	21654	-2.34	0.99
26611	21654	-1.94	0.86
26612	21654	-1.51	0.74
26613	21654	-1.06	0.63
26614	21654	-0.61	0.52
26615	21654	-0.16	0.41
26628	21651	5.4	2.33
26629	21651	5.02	2.18
26630	21651	4.6	1.98
26631	21651	4.17	1.79
26632	21651	3.74	1.6
26633	21651	3.32	1.4
26634	21651	2.89	1.21
26635	21651	2.46	1.03
26636	21651	2.04	0.88
26628	21654	-5.65	2.58
26629	21654	-5.29	2.41
26630	21654	-4.92	2.25
26631	21654	-4.56	2.08
26632	21654	-4.2	1.92
26633	21654	-3.83	1.75
26634	21654	-3.47	1.58
26635	21654	-3.1	1.39
26636	21654	-2.72	1.19
26649	21651	4.17	1.79
26650	21651	3.74	1.6
26651	21651	3.32	1.4
26652	21651	2.89	1.21
26653	21651	2.46	1.03
26654	21651	2.04	0.88
26655	21651	1.62	0.73
26656	21651	1.18	0.39
26657	21651	0.73	0.05
26649	21654	-4.56	2.08
26650	21654	-4.2	1.92
26651	21654	-3.83	1.75
26652	21654	-3.47	1.58
26653	21654	-3.1	1.39
26654	21654	-2.72	1.19
26655	21654	-2.34	0.99
26656	21654	-1.94	0.86
26657	21654	-1.51	0.74
26733	21659	7.95	1.86
26734	21659	7.57	1.77
26735	21659	7.18	1.68
26736	21659	6.79	1.59
26737	21659	6.4	1.5
26738	21659	6.01	1.41
26739	21659	5.63	1.31
26740	21659	5.25	1.2
26741	21659	4.88	1.09
26754	21659	5.63	1.31
26755	21659	5.25	1.2
26756	21659	4.88	1.09
26757	21659	4.52	0.98
26758	21659	4.16	0.87
26759	21659	3.81	0.78
26760	21659	3.47	0.69
26761	21659	3.12	0.61
26762	21659	2.77	0.52
26775	21659	4.52	0.98
26776	21659	4.16	0.87
26777	21659	3.81	0.78
26778	21659	3.47	0.69
26779	21659	3.12	0.61
26780	21659	2.77	0.52
26781	21659	2.42	0.49
26782	21659	2.04	0.57
26783	21659	1.66	0.67
26796	21659	7.95	1.86
26797	21659	7.57	1.77
26798	21659	7.18	1.68
26799	21659	6.79	1.59
26800	21659	6.4	1.5
26801	21659	6.01	1.41
26802	21659	5.63	1.31
26803	21659	5.25	1.2
26804	21659	4.88	1.09
26817	21663	4.52	-1.38
26818	21663	4.12	-1.22
26819	21663	3.73	-1.06
26820	21663	3.38	-0.87
26821	21663	2.98	-0.71
26822	21663	2.56	-0.54
26823	21663	2.18	-0.38
26824	21663	1.75	-0.1
26825	21663	1.32	0.21
26817	21664	2.83	-3.8
26818	21664	2.64	-3.52
26819	21664	2.44	-3.24
26820	21664	2.24	-2.96
26821	21664	2.03	-2.68
26822	21664	1.83	-2.38
26823	21664	1.65	-2.12
26824	21664	1.47	-1.92
26825	21664	1.29	-1.76
26817	21666	-4.0	-2.55
26818	21666	-3.66	-2.34
26819	21666	-3.32	-2.12
26820	21666	-2.99	-1.9
26821	21666	-2.64	-1.64
26822	21666	-2.3	-1.39
26823	21666	-1.96	-1.14
26824	21666	-1.58	-0.91
26825	21666	-1.23	-0.69
26817	21668	0.88	4.68
26818	21668	0.78	4.27
26819	21668	0.68	3.86
26820	21668	0.59	3.45
26821	21668	0.5	3.04
26822	21668	0.39	2.64
26823	21668	0.18	2.21
26824	21668	-0.07	1.9
26825	21668	-0.36	1.59
26838	21663	2.18	-0.38
26839	21663	1.75	-0.1
26840	21663	1.32	0.21
26841	21663	0.9	0.5
26842	21663	0.49	0.79
26843	21663	0.13	1.07
26844	21663	-0.25	1.32
26845	21663	-0.65	1.4
26846	21663	-1.04	1.47
26838	21664	1.65	-2.12
26839	21664	1.47	-1.92
26840	21664	1.29	-1.76
26841	21664	1.12	-1.58
26842	21664	0.94	-1.4
26843	21664	0.77	-1.22
26844	21664	0.6	-1.04
26845	21664	0.43	-0.86
26846	21664	0.26	-0.67
26838	21666	-1.96	-1.14
26839	21666	-1.58	-0.91
26840	21666	-1.23	-0.69
26841	21666	-0.94	-0.49
26842	21666	-0.65	-0.28
26843	21666	-0.36	-0.08
26844	21666	-0.06	0.14
26845	21666	0.24	0.37
26846	21666	0.56	0.59
26838	21668	0.18	2.21
26839	21668	-0.07	1.9
26840	21668	-0.36	1.59
26841	21668	-0.65	1.32
26842	21668	-0.94	1.04
26843	21668	-1.23	0.76
26844	21668	-1.52	0.43
26845	21668	-1.8	0.11
26846	21668	-2.01	-0.25
26859	21663	9.08	-2.93
26860	21663	8.7	-2.81
26861	21663	8.32	-2.69
26862	21663	7.94	-2.56
26863	21663	7.55	-2.44
26864	21663	7.17	-2.32
26865	21663	6.79	-2.2
26866	21663	6.41	-2.07
26867	21663	6.03	-1.95
26859	21664	5.48	-7.62
26860	21664	5.25	-7.3
26861	21664	5.01	-6.97
26862	21664	4.78	-6.65
26863	21664	4.55	-6.32
26864	21664	4.31	-6.0
26865	21664	4.08	-5.67
26866	21664	3.86	-5.34
26867	21664	3.64	-5.01
26859	21666	-8.04	-5.14
26860	21666	-7.7	-4.92
26861	21666	-7.37	-4.71
26862	21666	-7.03	-4.49
26863	21666	-6.69	-4.28
26864	21666	-6.36	-4.06
26865	21666	-6.02	-3.85
26866	21666	-5.68	-3.63
26867	21666	-5.34	-3.42
26859	21668	1.87	9.4
26860	21668	1.79	9.01
26861	21668	1.71	8.62
26862	21668	1.63	8.23
26863	21668	1.55	7.83
26864	21668	1.48	7.44
26865	21668	1.4	7.05
26866	21668	1.32	6.66
26867	21668	1.24	6.26
26880	21663	2.18	-0.38
26881	21663	1.75	-0.1
26882	21663	1.32	0.21
26883	21663	0.9	0.5
26884	21663	0.49	0.79
26885	21663	0.13	1.07
26886	21663	-0.25	1.32
26887	21663	-0.65	1.4
26888	21663	-1.04	1.47
26880	21664	1.65	-2.12
26881	21664	1.47	-1.92
26882	21664	1.29	-1.76
26883	21664	1.12	-1.58
26884	21664	0.94	-1.4
26885	21664	0.77	-1.22
26886	21664	0.6	-1.04
26887	21664	0.43	-0.86
26888	21664	0.26	-0.67
26880	21666	-1.96	-1.14
26881	21666	-1.58	-0.91
26882	21666	-1.23	-0.69
26883	21666	-0.94	-0.49
26884	21666	-0.65	-0.28
26885	21666	-0.36	-0.08
26886	21666	-0.06	0.14
26887	21666	0.24	0.37
26888	21666	0.56	0.59
26880	21668	0.18	2.21
26881	21668	-0.07	1.9
26882	21668	-0.36	1.59
26883	21668	-0.65	1.32
26884	21668	-0.94	1.04
26885	21668	-1.23	0.76
26886	21668	-1.52	0.43
26887	21668	-1.8	0.11
26888	21668	-2.01	-0.25
26901	21663	4.52	-1.38
26902	21663	4.12	-1.22
26903	21663	3.73	-1.06
26904	21663	3.38	-0.87
26905	21663	2.98	-0.71
26906	21663	2.56	-0.54
26907	21663	2.18	-0.38
26908	21663	1.75	-0.1
26909	21663	1.32	0.21
26901	21664	2.83	-3.8
26902	21664	2.64	-3.52
26903	21664	2.44	-3.24
26904	21664	2.24	-2.96
26905	21664	2.03	-2.68
26906	21664	1.83	-2.38
26907	21664	1.65	-2.12
26908	21664	1.47	-1.92
26909	21664	1.29	-1.76
26901	21666	-4.0	-2.55
26902	21666	-3.66	-2.34
26903	21666	-3.32	-2.12
26904	21666	-2.99	-1.9
26905	21666	-2.64	-1.64
26906	21666	-2.3	-1.39
26907	21666	-1.96	-1.14
26908	21666	-1.58	-0.91
26909	21666	-1.23	-0.69
26901	21668	0.88	4.68
26902	21668	0.78	4.27
26903	21668	0.68	3.86
26904	21668	0.59	3.45
26905	21668	0.5	3.04
26906	21668	0.39	2.64
26907	21668	0.18	2.21
26908	21668	-0.07	1.9
26909	21668	-0.36	1.59
26922	21663	0.9	0.5
26923	21663	0.49	0.79
26924	21663	0.13	1.07
26925	21663	-0.25	1.32
26926	21663	-0.65	1.4
26927	21663	-1.04	1.47
26928	21663	-1.43	1.55
26929	21663	-1.83	1.62
26930	21663	-2.22	1.7
26922	21664	1.12	-1.58
26923	21664	0.94	-1.4
26924	21664	0.77	-1.22
26925	21664	0.6	-1.04
26926	21664	0.43	-0.86
26927	21664	0.26	-0.67
26928	21664	0.09	-0.43
26929	21664	-0.08	-0.15
26930	21664	-0.26	0.14
26922	21666	-0.94	-0.49
26923	21666	-0.65	-0.28
26924	21666	-0.36	-0.08
26925	21666	-0.06	0.14
26926	21666	0.24	0.37
26927	21666	0.56	0.59
26928	21666	0.9	0.8
26929	21666	1.25	1.01
26930	21666	1.59	1.21
26922	21668	-0.65	1.32
26923	21668	-0.94	1.04
26924	21668	-1.23	0.76
26925	21668	-1.52	0.43
26926	21668	-1.8	0.11
26927	21668	-2.01	-0.25
26928	21668	-2.0	-0.65
26929	21668	-2.0	-1.05
26930	21668	-2.0	-1.45
26943	21669	7.0	-4.85
26944	21669	6.67	-4.62
26945	21669	6.34	-4.4
26946	21669	6.02	-4.17
26947	21669	5.69	-3.94
26948	21669	5.36	-3.71
26949	21669	5.03	-3.48
26950	21669	4.7	-3.26
26951	21669	4.38	-3.03
26943	21672	-4.86	-6.9
26944	21672	-4.63	-6.58
26945	21672	-4.39	-6.27
26946	21672	-4.15	-5.95
26947	21672	-3.92	-5.64
26948	21672	-3.68	-5.33
26949	21672	-3.44	-5.03
26950	21672	-3.2	-4.72
26951	21672	-2.97	-4.42
26964	21669	6.02	-4.17
26965	21669	5.69	-3.94
26966	21669	5.36	-3.71
26967	21669	5.03	-3.48
26968	21669	4.7	-3.26
26969	21669	4.38	-3.03
26970	21669	4.07	-2.8
26971	21669	3.76	-2.59
26972	21669	3.44	-2.38
26964	21672	-4.15	-5.95
26965	21672	-3.92	-5.64
26966	21672	-3.68	-5.33
26967	21672	-3.44	-5.03
26968	21672	-3.2	-4.72
26969	21672	-2.97	-4.42
26970	21672	-2.75	-4.13
26971	21672	-2.54	-3.83
26972	21672	-2.32	-3.53
26985	21669	5.03	-3.48
26986	21669	4.7	-3.26
26987	21669	4.38	-3.03
26988	21669	4.07	-2.8
26989	21669	3.76	-2.59
26990	21669	3.44	-2.38
26991	21669	3.13	-2.17
26992	21669	2.82	-1.95
26993	21669	2.51	-1.74
26985	21672	-3.44	-5.03
26986	21672	-3.2	-4.72
26987	21672	-2.97	-4.42
26988	21672	-2.75	-4.13
26989	21672	-2.54	-3.83
26990	21672	-2.32	-3.53
26991	21672	-2.1	-3.2
26992	21672	-1.87	-2.87
26993	21672	-1.64	-2.54
27006	21669	4.07	-2.8
27007	21669	3.76	-2.59
27008	21669	3.44	-2.38
27009	21669	3.13	-2.17
27010	21669	2.82	-1.95
27011	21669	2.51	-1.74
27012	21669	2.22	-1.58
27013	21669	1.96	-1.47
27014	21669	1.69	-1.35
27006	21672	-2.75	-4.13
27007	21672	-2.54	-3.83
27008	21672	-2.32	-3.53
27009	21672	-2.1	-3.2
27010	21672	-1.87	-2.87
27011	21672	-1.64	-2.54
27012	21672	-1.41	-2.19
27013	21672	-1.19	-1.8
27014	21672	-0.96	-1.42
27027	21669	2.22	-1.58
27028	21669	1.96	-1.47
27029	21669	1.69	-1.35
27030	21669	1.43	-1.24
27031	21669	1.17	-1.12
27032	21669	0.91	-1.0
27033	21669	0.65	-0.88
27034	21669	0.37	-0.73
27035	21669	0.05	-0.49
27027	21672	-1.41	-2.19
27028	21672	-1.19	-1.8
27029	21672	-0.96	-1.42
27030	21672	-0.74	-1.04
27031	21672	-0.51	-0.66
27032	21672	-0.29	-0.28
27033	21672	-0.06	0.1
27034	21672	0.16	0.45
27035	21672	0.4	0.78
27048	21669	6.02	-4.17
27049	21669	5.69	-3.94
27050	21669	5.36	-3.71
27051	21669	5.03	-3.48
27052	21669	4.7	-3.26
27053	21669	4.38	-3.03
27054	21669	4.07	-2.8
27055	21669	3.76	-2.59
27056	21669	3.44	-2.38
27048	21672	-4.15	-5.95
27049	21672	-3.92	-5.64
27050	21672	-3.68	-5.33
27051	21672	-3.44	-5.03
27052	21672	-3.2	-4.72
27053	21672	-2.97	-4.42
27054	21672	-2.75	-4.13
27055	21672	-2.54	-3.83
27056	21672	-2.32	-3.53
27069	21669	5.03	-3.48
27070	21669	4.7	-3.26
27071	21669	4.38	-3.03
27072	21669	4.07	-2.8
27073	21669	3.76	-2.59
27074	21669	3.44	-2.38
27075	21669	3.13	-2.17
27076	21669	2.82	-1.95
27077	21669	2.51	-1.74
27069	21672	-3.44	-5.03
27070	21672	-3.2	-4.72
27071	21672	-2.97	-4.42
27072	21672	-2.75	-4.13
27073	21672	-2.54	-3.83
27074	21672	-2.32	-3.53
27075	21672	-2.1	-3.2
27076	21672	-1.87	-2.87
27077	21672	-1.64	-2.54
27090	21676	9.89	-2.27
27091	21676	9.5	-2.18
27092	21676	9.11	-2.09
27093	21676	8.72	-2.0
27094	21676	8.33	-1.91
27095	21676	7.94	-1.82
27096	21676	7.55	-1.73
27097	21676	7.16	-1.64
27098	21676	6.77	-1.55
27090	21677	-0.42	9.45
27091	21677	-0.4	9.05
27092	21677	-0.38	8.65
27093	21677	-0.37	8.25
27094	21677	-0.35	7.85
27095	21677	-0.33	7.45
27096	21677	-0.31	7.05
27097	21677	-0.3	6.65
27098	21677	-0.28	6.25
27111	21676	7.55	-1.73
27112	21676	7.16	-1.64
27113	21676	6.77	-1.55
27114	21676	6.38	-1.46
27115	21676	5.99	-1.37
27116	21676	5.61	-1.26
27117	21676	5.23	-1.16
27118	21676	4.86	-1.05
27119	21676	4.5	-0.93
27111	21677	-0.31	7.05
27112	21677	-0.3	6.65
27113	21677	-0.28	6.25
27114	21677	-0.26	5.85
27115	21677	-0.24	5.46
27116	21677	-0.22	5.06
27117	21677	-0.21	4.66
27118	21677	-0.19	4.26
27119	21677	-0.17	3.86
27132	21676	6.38	-1.46
27133	21676	5.99	-1.37
27134	21676	5.61	-1.26
27135	21676	5.23	-1.16
27136	21676	4.86	-1.05
27137	21676	4.5	-0.93
27138	21676	4.12	-0.81
27139	21676	3.75	-0.68
27140	21676	3.37	-0.54
27132	21677	-0.26	5.85
27133	21677	-0.24	5.46
27134	21677	-0.22	5.06
27135	21677	-0.21	4.66
27136	21677	-0.19	4.26
27137	21677	-0.17	3.86
27138	21677	-0.14	3.5
27139	21677	-0.11	3.16
27140	21677	-0.08	2.82
27153	21676	6.38	-1.46
27154	21676	5.99	-1.37
27155	21676	5.61	-1.26
27156	21676	5.23	-1.16
27157	21676	4.86	-1.05
27158	21676	4.5	-0.93
27159	21676	4.12	-0.81
27160	21676	3.75	-0.68
27161	21676	3.37	-0.54
27153	21677	-0.26	5.85
27154	21677	-0.24	5.46
27155	21677	-0.22	5.06
27156	21677	-0.21	4.66
27157	21677	-0.19	4.26
27158	21677	-0.17	3.86
27159	21677	-0.14	3.5
27160	21677	-0.11	3.16
27161	21677	-0.08	2.82
27174	21676	9.89	-2.27
27175	21676	9.5	-2.18
27176	21676	9.11	-2.09
27177	21676	8.72	-2.0
27178	21676	8.33	-1.91
27179	21676	7.94	-1.82
27180	21676	7.55	-1.73
27181	21676	7.16	-1.64
27182	21676	6.77	-1.55
27174	21677	-0.42	9.45
27175	21677	-0.4	9.05
27176	21677	-0.38	8.65
27177	21677	-0.37	8.25
27178	21677	-0.35	7.85
27179	21677	-0.33	7.45
27180	21677	-0.31	7.05
27181	21677	-0.3	6.65
27182	21677	-0.28	6.25
27195	21676	6.38	-1.46
27196	21676	5.99	-1.37
27197	21676	5.61	-1.26
27198	21676	5.23	-1.16
27199	21676	4.86	-1.05
27200	21676	4.5	-0.93
27201	21676	4.12	-0.81
27202	21676	3.75	-0.68
27203	21676	3.37	-0.54
27195	21677	-0.26	5.85
27196	21677	-0.24	5.46
27197	21677	-0.22	5.06
27198	21677	-0.21	4.66
27199	21677	-0.19	4.26
27200	21677	-0.17	3.86
27201	21677	-0.14	3.5
27202	21677	-0.11	3.16
27203	21677	-0.08	2.82
27216	21676	6.38	-1.46
27217	21676	5.99	-1.37
27218	21676	5.61	-1.26
27219	21676	5.23	-1.16
27220	21676	4.86	-1.05
27221	21676	4.5	-0.93
27222	21676	4.12	-0.81
27223	21676	3.75	-0.68
27224	21676	3.37	-0.54
27216	21677	-0.26	5.85
27217	21677	-0.24	5.46
27218	21677	-0.22	5.06
27219	21677	-0.21	4.66
27220	21677	-0.19	4.26
27221	21677	-0.17	3.86
27222	21677	-0.14	3.5
27223	21677	-0.11	3.16
27224	21677	-0.08	2.82
27237	21676	5.23	-1.16
27238	21676	4.86	-1.05
27239	21676	4.5	-0.93
27240	21676	4.12	-0.81
27241	21676	3.75	-0.68
27242	21676	3.37	-0.54
27243	21676	3.0	-0.41
27244	21676	2.69	-0.26
27245	21676	2.4	-0.12
27237	21677	-0.21	4.66
27238	21677	-0.19	4.26
27239	21677	-0.17	3.86
27240	21677	-0.14	3.5
27241	21677	-0.11	3.16
27242	21677	-0.08	2.82
27243	21677	-0.04	2.48
27244	21677	0.03	2.04
27245	21677	0.07	1.59
27258	21679	-3.54	6.04
27259	21679	-3.33	5.7
27260	21679	-3.13	5.35
27261	21679	-2.93	5.01
27262	21679	-2.71	4.67
27263	21679	-2.49	4.34
27264	21679	-2.27	4.01
27265	21679	-2.03	3.68
27266	21679	-1.79	3.34
27279	21679	-1.57	2.98
27280	21679	-1.36	2.63
27281	21679	-1.13	2.28
27282	21679	-0.79	1.94
27283	21679	-0.45	1.59
27284	21679	-0.1	1.25
27285	21679	0.24	0.9
27286	21679	0.58	0.55
27287	21679	0.93	0.19
27300	21679	-0.79	1.94
27301	21679	-0.45	1.59
27302	21679	-0.1	1.25
27303	21679	0.24	0.9
27304	21679	0.58	0.55
27305	21679	0.93	0.19
27306	21679	1.2	-0.17
27307	21679	1.36	-0.54
27308	21679	1.53	-0.9
27321	21679	-4.14	7.08
27322	21679	-3.94	6.73
27323	21679	-3.74	6.39
27324	21679	-3.54	6.04
27325	21679	-3.33	5.7
27326	21679	-3.13	5.35
27327	21679	-2.93	5.01
27328	21679	-2.71	4.67
27329	21679	-2.49	4.34
27342	21683	-3.06	-2.2
27343	21683	-2.76	-1.96
27344	21683	-2.48	-1.72
27345	21683	-2.27	-1.48
27346	21683	-2.1	-1.25
27347	21683	-2.07	-0.99
27348	21683	-2.04	-0.73
27349	21683	-2.01	-0.47
27350	21683	-1.94	-0.16
27342	21685	-1.75	2.76
27343	21685	-1.54	2.39
27344	21685	-1.33	2.02
27345	21685	-1.12	1.58
27346	21685	-0.93	1.18
27347	21685	-0.75	0.72
27348	21685	-0.58	0.26
27349	21685	-0.39	-0.17
27350	21685	-0.19	-0.52
27363	21683	-2.04	-0.73
27364	21683	-2.01	-0.47
27365	21683	-1.94	-0.16
27366	21683	-1.85	0.15
27367	21683	-1.76	0.46
27368	21683	-1.58	0.79
27369	21683	-1.4	1.12
27370	21683	-1.21	1.46
27371	21683	-0.91	1.73
27363	21685	-0.58	0.26
27364	21685	-0.39	-0.17
27365	21685	-0.19	-0.52
27366	21685	0.03	-0.85
27367	21685	0.25	-1.19
27368	21685	0.47	-1.52
27369	21685	0.69	-1.86
27370	21685	0.9	-2.19
27371	21685	1.12	-2.53
27384	21683	-6.69	-5.1
27385	21683	-6.37	-4.86
27386	21683	-6.05	-4.62
27387	21683	-5.73	-4.37
27388	21683	-5.42	-4.13
27389	21683	-5.11	-3.88
27390	21683	-4.8	-3.64
27391	21683	-4.51	-3.39
27392	21683	-4.21	-3.14
27384	21685	-4.15	7.04
27385	21685	-3.95	6.7
27386	21685	-3.75	6.35
27387	21685	-3.54	6.01
27388	21685	-3.34	5.66
27389	21685	-3.14	5.31
27390	21685	-2.95	4.95
27391	21685	-2.75	4.59
27392	21685	-2.56	4.23
27405	21683	-7.64	-5.83
27406	21683	-7.32	-5.59
27407	21683	-7.01	-5.34
27408	21683	-6.69	-5.1
27409	21683	-6.37	-4.86
27410	21683	-6.05	-4.62
27411	21683	-5.73	-4.37
27412	21683	-5.42	-4.13
27413	21683	-5.11	-3.88
27405	21685	-4.76	8.08
27406	21685	-4.56	7.73
27407	21685	-4.36	7.39
27408	21685	-4.15	7.04
27409	21685	-3.95	6.7
27410	21685	-3.75	6.35
27411	21685	-3.54	6.01
27412	21685	-3.34	5.66
27413	21685	-3.14	5.31
27426	21683	-3.06	-2.2
27427	21683	-2.76	-1.96
27428	21683	-2.48	-1.72
27429	21683	-2.27	-1.48
27430	21683	-2.1	-1.25
27431	21683	-2.07	-0.99
27432	21683	-2.04	-0.73
27433	21683	-2.01	-0.47
27434	21683	-1.94	-0.16
27426	21685	-1.75	2.76
27427	21685	-1.54	2.39
27428	21685	-1.33	2.02
27429	21685	-1.12	1.58
27430	21685	-0.93	1.18
27431	21685	-0.75	0.72
27432	21685	-0.58	0.26
27433	21685	-0.39	-0.17
27434	21685	-0.19	-0.52
27447	21683	-7.64	-5.83
27448	21683	-7.32	-5.59
27449	21683	-7.01	-5.34
27450	21683	-6.69	-5.1
27451	21683	-6.37	-4.86
27452	21683	-6.05	-4.62
27453	21683	-5.73	-4.37
27454	21683	-5.42	-4.13
27455	21683	-5.11	-3.88
27447	21685	-4.76	8.08
27448	21685	-4.56	7.73
27449	21685	-4.36	7.39
27450	21685	-4.15	7.04
27451	21685	-3.95	6.7
27452	21685	-3.75	6.35
27453	21685	-3.54	6.01
27454	21685	-3.34	5.66
27455	21685	-3.14	5.31
27468	21683	-5.73	-4.37
27469	21683	-5.42	-4.13
27470	21683	-5.11	-3.88
27471	21683	-4.8	-3.64
27472	21683	-4.51	-3.39
27473	21683	-4.21	-3.14
27474	21683	-3.92	-2.9
27475	21683	-3.64	-2.66
27476	21683	-3.35	-2.44
27468	21685	-3.54	6.01
27469	21685	-3.34	5.66
27470	21685	-3.14	5.31
27471	21685	-2.95	4.95
27472	21685	-2.75	4.59
27473	21685	-2.56	4.23
27474	21685	-2.36	3.86
27475	21685	-2.16	3.49
27476	21685	-1.95	3.12
27489	21683	-6.69	-5.1
27490	21683	-6.37	-4.86
27491	21683	-6.05	-4.62
27492	21683	-5.73	-4.37
27493	21683	-5.42	-4.13
27494	21683	-5.11	-3.88
27495	21683	-4.8	-3.64
27496	21683	-4.51	-3.39
27497	21683	-4.21	-3.14
27489	21685	-4.15	7.04
27490	21685	-3.95	6.7
27491	21685	-3.75	6.35
27492	21685	-3.54	6.01
27493	21685	-3.34	5.66
27494	21685	-3.14	5.31
27495	21685	-2.95	4.95
27496	21685	-2.75	4.59
27497	21685	-2.56	4.23
27510	21683	-5.73	-4.37
27511	21683	-5.42	-4.13
27512	21683	-5.11	-3.88
27513	21683	-4.8	-3.64
27514	21683	-4.51	-3.39
27515	21683	-4.21	-3.14
27516	21683	-3.92	-2.9
27517	21683	-3.64	-2.66
27518	21683	-3.35	-2.44
27510	21685	-3.54	6.01
27511	21685	-3.34	5.66
27512	21685	-3.14	5.31
27513	21685	-2.95	4.95
27514	21685	-2.75	4.59
27515	21685	-2.56	4.23
27516	21685	-2.36	3.86
27517	21685	-2.16	3.49
27518	21685	-1.95	3.12
27657	21704	1.19	-1.85
27658	21704	1.19	-1.69
27659	21704	1.18	-1.52
27660	21704	1.17	-1.35
27661	21704	1.17	-1.18
27662	21704	1.16	-1.01
27663	21704	1.15	-0.82
27664	21704	1.06	-0.57
27665	21704	0.81	-0.35
27657	21708	1.87	-0.68
27658	21708	1.71	-0.51
27659	21708	1.54	-0.33
27660	21708	1.38	-0.16
27661	21708	1.22	0.02
27662	21708	1.06	0.18
27663	21708	0.88	0.35
27664	21708	0.57	0.52
27665	21708	0.2	0.69
27657	21709	-0.99	-0.88
27658	21709	-1.19	-0.66
27659	21709	-1.4	-0.44
27660	21709	-1.59	-0.22
27661	21709	-1.55	0.16
27662	21709	-1.46	0.56
27663	21709	-1.34	0.94
27664	21709	-1.22	1.32
27665	21709	-1.11	1.7
27783	21720	7.5	-0.61
27784	21720	7.1	-0.58
27785	21720	6.71	-0.54
27786	21720	6.31	-0.51
27787	21720	5.91	-0.48
27788	21720	5.52	-0.45
27789	21720	5.13	-0.42
27790	21720	4.73	-0.39
27791	21720	4.34	-0.35
27783	21721	1.62	-6.76
27784	21721	1.53	-6.37
27785	21721	1.43	-5.98
27786	21721	1.34	-5.59
27787	21721	1.24	-5.21
27788	21721	1.14	-4.84
27789	21721	1.05	-4.47
27790	21721	0.96	-4.12
27791	21721	0.88	-3.76
27783	21722	-7.09	2.8
27784	21722	-6.72	2.66
27785	21722	-6.35	2.51
27786	21722	-5.98	2.36
27787	21722	-5.6	2.21
27788	21722	-5.23	2.07
27789	21722	-4.86	1.92
27790	21722	-4.49	1.77
27791	21722	-4.12	1.63
27804	21720	6.31	-0.51
27805	21720	5.91	-0.48
27806	21720	5.52	-0.45
27807	21720	5.13	-0.42
27808	21720	4.73	-0.39
27809	21720	4.34	-0.35
27810	21720	3.94	-0.32
27811	21720	3.55	-0.29
27812	21720	3.2	-0.29
27804	21721	1.34	-5.59
27805	21721	1.24	-5.21
27806	21721	1.14	-4.84
27807	21721	1.05	-4.47
27808	21721	0.96	-4.12
27809	21721	0.88	-3.76
27810	21721	0.8	-3.4
27811	21721	0.7	-3.04
27812	21721	0.54	-2.71
27804	21722	-5.98	2.36
27805	21722	-5.6	2.21
27806	21722	-5.23	2.07
27807	21722	-4.86	1.92
27808	21722	-4.49	1.77
27809	21722	-4.12	1.63
27810	21722	-3.74	1.48
27811	21722	-3.37	1.33
27812	21722	-3.0	1.19
27825	21720	9.9	-0.8
27826	21720	9.5	-0.77
27827	21720	9.1	-0.74
27828	21720	8.7	-0.71
27829	21720	8.3	-0.67
27830	21720	7.9	-0.64
27831	21720	7.5	-0.61
27832	21720	7.1	-0.58
27833	21720	6.71	-0.54
27825	21721	2.18	-9.09
27826	21721	2.09	-8.7
27827	21721	1.99	-8.31
27828	21721	1.9	-7.92
27829	21721	1.81	-7.54
27830	21721	1.71	-7.15
27831	21721	1.62	-6.76
27832	21721	1.53	-6.37
27833	21721	1.43	-5.98
27825	21722	-9.32	3.68
27826	21722	-8.95	3.54
27827	21722	-8.58	3.39
27828	21722	-8.21	3.24
27829	21722	-7.84	3.1
27830	21722	-7.46	2.95
27831	21722	-7.09	2.8
27832	21722	-6.72	2.66
27833	21722	-6.35	2.51
27846	21720	7.5	-0.61
27847	21720	7.1	-0.58
27848	21720	6.71	-0.54
27849	21720	6.31	-0.51
27850	21720	5.91	-0.48
27851	21720	5.52	-0.45
27852	21720	5.13	-0.42
27853	21720	4.73	-0.39
27854	21720	4.34	-0.35
27846	21721	1.62	-6.76
27847	21721	1.53	-6.37
27848	21721	1.43	-5.98
27849	21721	1.34	-5.59
27850	21721	1.24	-5.21
27851	21721	1.14	-4.84
27852	21721	1.05	-4.47
27853	21721	0.96	-4.12
27854	21721	0.88	-3.76
27846	21722	-7.09	2.8
27847	21722	-6.72	2.66
27848	21722	-6.35	2.51
27849	21722	-5.98	2.36
27850	21722	-5.6	2.21
27851	21722	-5.23	2.07
27852	21722	-4.86	1.92
27853	21722	-4.49	1.77
27854	21722	-4.12	1.63
28056	21747	5.0	4.82
28057	21747	4.71	4.55
28058	21747	4.41	4.28
28059	21747	4.1	4.01
28060	21747	3.8	3.73
28061	21747	3.49	3.45
28062	21747	3.18	3.17
28063	21747	2.87	2.89
28064	21747	2.56	2.6
28056	21750	5.15	-5.55
28057	21750	4.88	-5.26
28058	21750	4.6	-4.97
28059	21750	4.33	-4.67
28060	21750	4.06	-4.38
28061	21750	3.79	-4.09
28062	21750	3.52	-3.79
28063	21750	3.22	-3.51
28064	21750	2.91	-3.21
28077	21747	2.25	2.32
28078	21747	1.94	2.04
28079	21747	1.64	1.75
28080	21747	1.32	1.47
28081	21747	0.97	1.25
28082	21747	0.6	1.09
28083	21747	0.23	0.91
28084	21747	-0.13	0.73
28085	21747	-0.49	0.56
28077	21750	2.6	-2.91
28078	21750	2.29	-2.62
28079	21750	1.97	-2.39
28080	21750	1.68	-2.32
28081	21750	1.37	-2.26
28082	21750	1.09	-2.21
28083	21750	0.81	-2.18
28084	21750	0.54	-2.14
28085	21750	0.27	-2.11
28098	21747	-0.85	0.38
28099	21747	-1.2	0.21
28100	21747	-1.54	0.0
28101	21747	-1.84	-0.3
28102	21747	-2.14	-0.61
28103	21747	-2.43	-0.92
28104	21747	-2.72	-1.23
28105	21747	-2.96	-1.55
28106	21747	-3.21	-1.86
28098	21750	-0.0	-2.07
28099	21750	-0.27	-2.03
28100	21750	-0.53	-1.97
28101	21750	-0.79	-1.83
28102	21750	-1.03	-1.63
28103	21750	-1.28	-1.42
28104	21750	-1.52	-1.21
28105	21750	-1.74	-0.96
28106	21750	-1.93	-0.64
28161	21759	-5.99	-1.51
28162	21759	-5.6	-1.42
28163	21759	-5.21	-1.32
28164	21759	-4.83	-1.22
28165	21759	-4.44	-1.12
28166	21759	-4.05	-1.02
28167	21759	-3.66	-0.93
28168	21759	-3.28	-0.83
28169	21759	-2.89	-0.73
28182	21759	-4.83	-1.22
28183	21759	-4.44	-1.12
28184	21759	-4.05	-1.02
28185	21759	-3.66	-0.93
28186	21759	-3.28	-0.83
28187	21759	-2.89	-0.73
28188	21759	-2.54	-0.68
28189	21759	-2.27	-0.65
28190	21759	-2.01	-0.68
28203	21759	-9.48	-2.4
28204	21759	-9.09	-2.3
28205	21759	-8.71	-2.2
28206	21759	-8.32	-2.1
28207	21759	-7.93	-2.01
28208	21759	-7.54	-1.91
28209	21759	-7.15	-1.81
28210	21759	-6.77	-1.71
28211	21759	-6.38	-1.61
28224	21759	-7.15	-1.81
28225	21759	-6.77	-1.71
28226	21759	-6.38	-1.61
28227	21759	-5.99	-1.51
28228	21759	-5.6	-1.42
28229	21759	-5.21	-1.32
28230	21759	-4.83	-1.22
28231	21759	-4.44	-1.12
28232	21759	-4.05	-1.02
28245	21759	-8.32	-2.1
28246	21759	-7.93	-2.01
28247	21759	-7.54	-1.91
28248	21759	-7.15	-1.81
28249	21759	-6.77	-1.71
28250	21759	-6.38	-1.61
28251	21759	-5.99	-1.51
28252	21759	-5.6	-1.42
28253	21759	-5.21	-1.32
28266	21759	-8.32	-2.1
28267	21759	-7.93	-2.01
28268	21759	-7.54	-1.91
28269	21759	-7.15	-1.81
28270	21759	-6.77	-1.71
28271	21759	-6.38	-1.61
28272	21759	-5.99	-1.51
28273	21759	-5.6	-1.42
28274	21759	-5.21	-1.32
28329	21773	9.48	-2.87
28330	21773	9.1	-2.75
28331	21773	8.72	-2.64
28332	21773	8.33	-2.52
28333	21773	7.95	-2.4
28334	21773	7.57	-2.29
28335	21773	7.19	-2.17
28336	21773	6.8	-2.06
28337	21773	6.42	-1.94
28329	21774	7.15	-6.3
28330	21774	6.85	-6.03
28331	21774	6.55	-5.77
28332	21774	6.25	-5.51
28333	21774	5.95	-5.24
28334	21774	5.65	-4.98
28335	21774	5.35	-4.71
28336	21774	5.05	-4.45
28337	21774	4.75	-4.18
28329	21776	-5.93	-7.6
28330	21776	-5.69	-7.28
28331	21776	-5.44	-6.97
28332	21776	-5.19	-6.65
28333	21776	-4.95	-6.33
28334	21776	-4.7	-6.02
28335	21776	-4.45	-5.7
28336	21776	-4.21	-5.39
28337	21776	-3.96	-5.07
28350	21773	8.33	-2.52
28351	21773	7.95	-2.4
28352	21773	7.57	-2.29
28353	21773	7.19	-2.17
28354	21773	6.8	-2.06
28355	21773	6.42	-1.94
28356	21773	6.04	-1.82
28357	21773	5.67	-1.7
28358	21773	5.31	-1.57
28350	21774	6.25	-5.51
28351	21774	5.95	-5.24
28352	21774	5.65	-4.98
28353	21774	5.35	-4.71
28354	21774	5.05	-4.45
28355	21774	4.75	-4.18
28356	21774	4.44	-3.92
28357	21774	4.13	-3.67
28358	21774	3.81	-3.41
28350	21776	-5.19	-6.65
28351	21776	-4.95	-6.33
28352	21776	-4.7	-6.02
28353	21776	-4.45	-5.7
28354	21776	-4.21	-5.39
28355	21776	-3.96	-5.07
28356	21776	-3.72	-4.76
28357	21776	-3.47	-4.44
28358	21776	-3.22	-4.13
28371	21773	6.04	-1.82
28372	21773	5.67	-1.7
28373	21773	5.31	-1.57
28374	21773	4.95	-1.45
28375	21773	4.59	-1.33
28376	21773	4.24	-1.21
28377	21773	3.89	-1.1
28378	21773	3.53	-0.99
28379	21773	3.18	-0.88
28371	21774	4.44	-3.92
28372	21774	4.13	-3.67
28373	21774	3.81	-3.41
28374	21774	3.49	-3.16
28375	21774	3.16	-2.9
28376	21774	2.83	-2.63
28377	21774	2.5	-2.36
28378	21774	2.17	-2.09
28379	21774	1.85	-1.77
28371	21776	-3.72	-4.76
28372	21776	-3.47	-4.44
28373	21776	-3.22	-4.13
28374	21776	-2.98	-3.81
28375	21776	-2.73	-3.5
28376	21776	-2.48	-3.18
28377	21776	-2.24	-2.87
28378	21776	-1.99	-2.55
28379	21776	-1.76	-2.28
28392	21773	7.19	-2.17
28393	21773	6.8	-2.06
28394	21773	6.42	-1.94
28395	21773	6.04	-1.82
28396	21773	5.67	-1.7
28397	21773	5.31	-1.57
28398	21773	4.95	-1.45
28399	21773	4.59	-1.33
28400	21773	4.24	-1.21
28392	21774	5.35	-4.71
28393	21774	5.05	-4.45
28394	21774	4.75	-4.18
28395	21774	4.44	-3.92
28396	21774	4.13	-3.67
28397	21774	3.81	-3.41
28398	21774	3.49	-3.16
28399	21774	3.16	-2.9
28400	21774	2.83	-2.63
28392	21776	-4.45	-5.7
28393	21776	-4.21	-5.39
28394	21776	-3.96	-5.07
28395	21776	-3.72	-4.76
28396	21776	-3.47	-4.44
28397	21776	-3.22	-4.13
28398	21776	-2.98	-3.81
28399	21776	-2.73	-3.5
28400	21776	-2.48	-3.18
28413	21773	6.04	-1.82
28414	21773	5.67	-1.7
28415	21773	5.31	-1.57
28416	21773	4.95	-1.45
28417	21773	4.59	-1.33
28418	21773	4.24	-1.21
28419	21773	3.89	-1.1
28420	21773	3.53	-0.99
28421	21773	3.18	-0.88
28413	21774	4.44	-3.92
28414	21774	4.13	-3.67
28415	21774	3.81	-3.41
28416	21774	3.49	-3.16
28417	21774	3.16	-2.9
28418	21774	2.83	-2.63
28419	21774	2.5	-2.36
28420	21774	2.17	-2.09
28421	21774	1.85	-1.77
28413	21776	-3.72	-4.76
28414	21776	-3.47	-4.44
28415	21776	-3.22	-4.13
28416	21776	-2.98	-3.81
28417	21776	-2.73	-3.5
28418	21776	-2.48	-3.18
28419	21776	-2.24	-2.87
28420	21776	-1.99	-2.55
28421	21776	-1.76	-2.28
28455	21794	-0.41	0.44
28456	21794	-0.5	0.08
28457	21794	-0.6	-0.29
28458	21794	-0.67	-0.68
28459	21794	-0.74	-1.07
28460	21794	-0.81	-1.47
28461	21794	-0.89	-1.86
28462	21794	-0.96	-2.25
28463	21794	-1.03	-2.65
28476	21794	1.32	5.51
28477	21794	1.23	5.12
28478	21794	1.14	4.73
28479	21794	1.04	4.34
28480	21794	0.95	3.95
28481	21794	0.86	3.56
28482	21794	0.76	3.17
28483	21794	0.63	2.76
28484	21794	0.47	2.33
28497	21794	1.32	5.51
28498	21794	1.23	5.12
28499	21794	1.14	4.73
28500	21794	1.04	4.34
28501	21794	0.95	3.95
28502	21794	0.86	3.56
28503	21794	0.76	3.17
28504	21794	0.63	2.76
28505	21794	0.47	2.33
28518	21794	1.6	6.67
28519	21794	1.51	6.28
28520	21794	1.42	5.89
28521	21794	1.32	5.51
28522	21794	1.23	5.12
28523	21794	1.14	4.73
28524	21794	1.04	4.34
28525	21794	0.95	3.95
28526	21794	0.86	3.56
28539	21794	0.76	3.17
28540	21794	0.63	2.76
28541	21794	0.47	2.33
28542	21794	0.27	1.84
28543	21794	-0.03	1.32
28544	21794	-0.32	0.81
28545	21794	-0.41	0.44
28546	21794	-0.5	0.08
28547	21794	-0.6	-0.29
28560	21794	1.6	6.67
28561	21794	1.51	6.28
28562	21794	1.42	5.89
28563	21794	1.32	5.51
28564	21794	1.23	5.12
28565	21794	1.14	4.73
28566	21794	1.04	4.34
28567	21794	0.95	3.95
28568	21794	0.86	3.56
28581	21796	-4.03	2.26
28582	21796	-3.73	2.04
28583	21796	-3.47	1.8
28584	21796	-3.21	1.57
28585	21796	-2.95	1.33
28586	21796	-2.69	1.1
28587	21796	-2.46	0.88
28588	21796	-2.25	0.65
28589	21796	-2.04	0.44
28581	21798	-0.47	4.31
28582	21798	-0.43	3.86
28583	21798	-0.37	3.4
28584	21798	-0.32	2.94
28585	21798	-0.26	2.48
28586	21798	-0.22	2.02
28587	21798	-0.23	1.54
28588	21798	-0.25	1.06
28589	21798	-0.27	0.59
28602	21796	-2.46	0.88
28603	21796	-2.25	0.65
28604	21796	-2.04	0.44
28605	21796	-1.83	0.22
28606	21796	-1.63	0.0
28607	21796	-1.43	-0.21
28608	21796	-1.23	-0.43
28609	21796	-1.03	-0.64
28610	21796	-0.83	-0.84
28602	21798	-0.23	1.54
28603	21798	-0.25	1.06
28604	21798	-0.27	0.59
28605	21798	-0.29	0.13
28606	21798	-0.31	-0.34
28607	21798	-0.34	-0.8
28608	21798	-0.36	-1.26
28609	21798	-0.39	-1.7
28610	21798	-0.43	-2.15
28623	21796	-2.46	0.88
28624	21796	-2.25	0.65
28625	21796	-2.04	0.44
28626	21796	-1.83	0.22
28627	21796	-1.63	0.0
28628	21796	-1.43	-0.21
28629	21796	-1.23	-0.43
28630	21796	-1.03	-0.64
28631	21796	-0.83	-0.84
28623	21798	-0.23	1.54
28624	21798	-0.25	1.06
28625	21798	-0.27	0.59
28626	21798	-0.29	0.13
28627	21798	-0.31	-0.34
28628	21798	-0.34	-0.8
28629	21798	-0.36	-1.26
28630	21798	-0.39	-1.7
28631	21798	-0.43	-2.15
28644	21801	9.73	1.69
28645	21801	9.33	1.62
28646	21801	8.94	1.55
28647	21801	8.55	1.48
28648	21801	8.15	1.42
28649	21801	7.76	1.35
28650	21801	7.36	1.28
28651	21801	6.97	1.21
28652	21801	6.58	1.14
28665	21801	3.8	0.78
28666	21801	3.38	0.73
28667	21801	2.96	0.67
28668	21801	2.51	0.68
28669	21801	2.09	0.76
28670	21801	1.62	0.82
28671	21801	1.19	0.92
28672	21801	0.78	1.05
28673	21801	0.37	1.18
28686	21801	9.73	1.69
28687	21801	9.33	1.62
28688	21801	8.94	1.55
28689	21801	8.55	1.48
28690	21801	8.15	1.42
28691	21801	7.76	1.35
28692	21801	7.36	1.28
28693	21801	6.97	1.21
28694	21801	6.58	1.14
28707	21801	2.51	0.68
28708	21801	2.09	0.76
28709	21801	1.62	0.82
28710	21801	1.19	0.92
28711	21801	0.78	1.05
28712	21801	0.37	1.18
28713	21801	-0.04	1.31
28714	21801	-0.45	1.44
28715	21801	-0.86	1.58
28854	21813	-0.64	4.57
28855	21813	-0.61	4.16
28856	21813	-0.57	3.74
28857	21813	-0.53	3.32
28858	21813	-0.48	2.9
28859	21813	-0.44	2.48
28860	21813	-0.45	2.06
28861	21813	-0.59	1.61
28862	21813	-0.74	1.18
28980	21825	1.51	-9.28
28981	21825	1.44	-8.89
28982	21825	1.38	-8.49
28983	21825	1.31	-8.1
28984	21825	1.25	-7.7
28985	21825	1.18	-7.31
28986	21825	1.12	-6.91
28987	21825	1.06	-6.52
28988	21825	0.99	-6.12
28980	21830	1.7	9.48
28981	21830	1.63	9.08
28982	21830	1.56	8.69
28983	21830	1.49	8.3
28984	21830	1.42	7.9
28985	21830	1.35	7.51
28986	21830	1.28	7.12
28987	21830	1.21	6.72
28988	21830	1.14	6.33
29001	21825	1.31	-8.1
29002	21825	1.25	-7.7
29003	21825	1.18	-7.31
29004	21825	1.12	-6.91
29005	21825	1.06	-6.52
29006	21825	0.99	-6.12
29007	21825	0.93	-5.73
29008	21825	0.85	-5.33
29009	21825	0.77	-4.93
29001	21830	1.49	8.3
29002	21830	1.42	7.9
29003	21830	1.35	7.51
29004	21830	1.28	7.12
29005	21830	1.21	6.72
29006	21830	1.14	6.33
29007	21830	1.07	5.94
29008	21830	1.0	5.54
29009	21830	0.93	5.15
29022	21825	0.43	-3.27
29023	21825	0.35	-2.82
29024	21825	0.26	-2.4
29025	21825	0.18	-2.01
29026	21825	0.02	-1.61
29027	21825	-0.21	-1.17
29028	21825	-0.42	-0.7
29029	21825	-0.62	-0.23
29030	21825	-0.78	0.24
29022	21830	0.64	3.57
29023	21830	0.57	3.18
29024	21830	0.53	2.77
29025	21830	0.54	2.33
29026	21830	0.55	1.81
29027	21830	0.6	1.37
29028	21830	0.66	0.93
29029	21830	0.71	0.5
29030	21830	0.76	0.06
29043	21825	1.12	-6.91
29044	21825	1.06	-6.52
29045	21825	0.99	-6.12
29046	21825	0.93	-5.73
29047	21825	0.85	-5.33
29048	21825	0.77	-4.93
29049	21825	0.69	-4.52
29050	21825	0.61	-4.11
29051	21825	0.53	-3.69
29043	21830	1.28	7.12
29044	21830	1.21	6.72
29045	21830	1.14	6.33
29046	21830	1.07	5.94
29047	21830	1.0	5.54
29048	21830	0.93	5.15
29049	21830	0.86	4.75
29050	21830	0.78	4.36
29051	21830	0.71	3.97
29064	21836	-5.57	-4.81
29065	21836	-5.27	-4.55
29066	21836	-4.97	-4.29
29067	21836	-4.66	-4.03
29068	21836	-4.36	-3.77
29069	21836	-4.06	-3.5
29070	21836	-3.76	-3.24
29071	21836	-3.45	-2.98
29072	21836	-3.15	-2.72
29085	21836	-7.39	-6.38
29086	21836	-7.09	-6.12
29087	21836	-6.78	-5.86
29088	21836	-6.48	-5.6
29089	21836	-6.18	-5.33
29090	21836	-5.88	-5.07
29091	21836	-5.57	-4.81
29092	21836	-5.27	-4.55
29093	21836	-4.97	-4.29
29106	21836	-6.48	-5.6
29107	21836	-6.18	-5.33
29108	21836	-5.88	-5.07
29109	21836	-5.57	-4.81
29110	21836	-5.27	-4.55
29111	21836	-4.97	-4.29
29112	21836	-4.66	-4.03
29113	21836	-4.36	-3.77
29114	21836	-4.06	-3.5
29127	21839	2.39	-3.93
29128	21839	2.18	-3.59
29129	21839	1.98	-3.25
29130	21839	1.77	-2.91
29131	21839	1.56	-2.56
29132	21839	1.36	-2.21
29133	21839	1.22	-1.78
29134	21839	1.07	-1.36
29135	21839	0.98	-0.96
29148	21839	3.64	-5.98
29149	21839	3.43	-5.64
29150	21839	3.22	-5.3
29151	21839	3.02	-4.96
29152	21839	2.81	-4.61
29153	21839	2.6	-4.27
29154	21839	2.39	-3.93
29155	21839	2.18	-3.59
29156	21839	1.98	-3.25
29169	21839	2.39	-3.93
29170	21839	2.18	-3.59
29171	21839	1.98	-3.25
29172	21839	1.77	-2.91
29173	21839	1.56	-2.56
29174	21839	1.36	-2.21
29175	21839	1.22	-1.78
29176	21839	1.07	-1.36
29177	21839	0.98	-0.96
29190	21839	0.94	-0.56
29191	21839	0.89	-0.16
29192	21839	0.84	0.23
29193	21839	0.79	0.62
29194	21839	0.75	1.01
29195	21839	0.59	1.37
29196	21839	0.34	1.68
29197	21839	0.09	1.99
29198	21839	-0.17	2.3
29211	21842	2.32	-5.09
29212	21842	2.15	-4.73
29213	21842	1.97	-4.37
29214	21842	1.78	-4.01
29215	21842	1.59	-3.64
29216	21842	1.42	-3.23
29217	21842	1.27	-2.8
29218	21842	1.12	-2.39
29219	21842	0.99	-2.02
29232	21842	1.27	-2.8
29233	21842	1.12	-2.39
29234	21842	0.99	-2.02
29235	21842	0.85	-1.65
29236	21842	0.7	-1.31
29237	21842	0.51	-1.0
29238	21842	0.29	-0.74
29239	21842	0.07	-0.48
29240	21842	-0.12	-0.16
29253	21842	2.81	-6.19
29254	21842	2.65	-5.82
29255	21842	2.48	-5.46
29256	21842	2.32	-5.09
29257	21842	2.15	-4.73
29258	21842	1.97	-4.37
29259	21842	1.78	-4.01
29260	21842	1.59	-3.64
29261	21842	1.42	-3.23
29274	21842	2.32	-5.09
29275	21842	2.15	-4.73
29276	21842	1.97	-4.37
29277	21842	1.78	-4.01
29278	21842	1.59	-3.64
29279	21842	1.42	-3.23
29280	21842	1.27	-2.8
29281	21842	1.12	-2.39
29282	21842	0.99	-2.02
29295	21842	1.78	-4.01
29296	21842	1.59	-3.64
29297	21842	1.42	-3.23
29298	21842	1.27	-2.8
29299	21842	1.12	-2.39
29300	21842	0.99	-2.02
29301	21842	0.85	-1.65
29302	21842	0.7	-1.31
29303	21842	0.51	-1.0
29316	21842	3.81	-8.37
29317	21842	3.64	-8.01
29318	21842	3.48	-7.64
29319	21842	3.31	-7.28
29320	21842	3.14	-6.91
29321	21842	2.98	-6.55
29322	21842	2.81	-6.19
29323	21842	2.65	-5.82
29324	21842	2.48	-5.46
29337	21842	3.31	-7.28
29338	21842	3.14	-6.91
29339	21842	2.98	-6.55
29340	21842	2.81	-6.19
29341	21842	2.65	-5.82
29342	21842	2.48	-5.46
29343	21842	2.32	-5.09
29344	21842	2.15	-4.73
29345	21842	1.97	-4.37
29358	21842	2.81	-6.19
29359	21842	2.65	-5.82
29360	21842	2.48	-5.46
29361	21842	2.32	-5.09
29362	21842	2.15	-4.73
29363	21842	1.97	-4.37
29364	21842	1.78	-4.01
29365	21842	1.59	-3.64
29366	21842	1.42	-3.23
29379	21849	0.74	5.96
29380	21849	0.72	5.57
29381	21849	0.7	5.19
29382	21849	0.68	4.81
29383	21849	0.66	4.44
29384	21849	0.63	4.07
29385	21849	0.6	3.7
29386	21849	0.57	3.33
29387	21849	0.55	2.97
29400	21849	0.74	5.96
29401	21849	0.72	5.57
29402	21849	0.7	5.19
29403	21849	0.68	4.81
29404	21849	0.66	4.44
29405	21849	0.63	4.07
29406	21849	0.6	3.7
29407	21849	0.57	3.33
29408	21849	0.55	2.97
29421	21849	1.05	9.51
29422	21849	1.01	9.11
29423	21849	0.97	8.71
29424	21849	0.92	8.32
29425	21849	0.88	7.92
29426	21849	0.85	7.52
29427	21849	0.82	7.13
29428	21849	0.79	6.74
29429	21849	0.76	6.35
29442	21849	0.82	7.13
29443	21849	0.79	6.74
29444	21849	0.76	6.35
29445	21849	0.74	5.96
29446	21849	0.72	5.57
29447	21849	0.7	5.19
29448	21849	0.68	4.81
29449	21849	0.66	4.44
29450	21849	0.63	4.07
29463	21849	0.74	5.96
29464	21849	0.72	5.57
29465	21849	0.7	5.19
29466	21849	0.68	4.81
29467	21849	0.66	4.44
29468	21849	0.63	4.07
29469	21849	0.6	3.7
29470	21849	0.57	3.33
29471	21849	0.55	2.97
29484	21849	1.02	1.81
29485	21849	1.21	1.49
29486	21849	1.4	1.17
29487	21849	1.59	0.85
29488	21849	1.78	0.47
29489	21849	1.97	0.08
29490	21849	2.15	-0.3
29491	21849	2.19	-0.69
29492	21849	2.1	-1.04
29505	21849	0.82	7.13
29506	21849	0.79	6.74
29507	21849	0.76	6.35
29508	21849	0.74	5.96
29509	21849	0.72	5.57
29510	21849	0.7	5.19
29511	21849	0.68	4.81
29512	21849	0.66	4.44
29513	21849	0.63	4.07
29526	21849	0.82	7.13
29527	21849	0.79	6.74
29528	21849	0.76	6.35
29529	21849	0.74	5.96
29530	21849	0.72	5.57
29531	21849	0.7	5.19
29532	21849	0.68	4.81
29533	21849	0.66	4.44
29534	21849	0.63	4.07
29547	21849	0.6	3.7
29548	21849	0.57	3.33
29549	21849	0.55	2.97
29550	21849	0.59	2.66
29551	21849	0.68	2.41
29552	21849	0.83	2.13
29553	21849	1.02	1.81
29554	21849	1.21	1.49
29555	21849	1.4	1.17
29568	21859	0.46	-8.71
29569	21859	0.44	-8.31
29570	21859	0.41	-7.91
29571	21859	0.39	-7.51
29572	21859	0.37	-7.11
29573	21859	0.34	-6.72
29574	21859	0.31	-6.33
29575	21859	0.28	-5.94
29576	21859	0.25	-5.56
29568	21860	-5.47	6.69
29569	21860	-5.22	6.38
29570	21860	-4.96	6.07
29571	21860	-4.71	5.76
29572	21860	-4.46	5.45
29573	21860	-4.2	5.14
29574	21860	-3.95	4.83
29575	21860	-3.7	4.52
29576	21860	-3.44	4.21
29589	21859	0.39	-7.51
29590	21859	0.37	-7.11
29591	21859	0.34	-6.72
29592	21859	0.31	-6.33
29593	21859	0.28	-5.94
29594	21859	0.25	-5.56
29595	21859	0.22	-5.18
29596	21859	0.19	-4.81
29597	21859	0.16	-4.43
29589	21860	-4.71	5.76
29590	21860	-4.46	5.45
29591	21860	-4.2	5.14
29592	21860	-3.95	4.83
29593	21860	-3.7	4.52
29594	21860	-3.44	4.21
29595	21860	-3.19	3.9
29596	21860	-2.94	3.6
29597	21860	-2.68	3.29
29673	21866	5.6	5.81
29674	21866	5.32	5.53
29675	21866	5.05	5.24
29676	21866	4.77	4.95
29677	21866	4.5	4.65
29678	21866	4.22	4.35
29679	21866	3.93	4.03
29680	21866	3.63	3.71
29681	21866	3.33	3.39
29694	21866	4.77	4.95
29695	21866	4.5	4.65
29696	21866	4.22	4.35
29697	21866	3.93	4.03
29698	21866	3.63	3.71
29699	21866	3.33	3.39
29700	21866	3.03	3.06
29701	21866	2.73	2.74
29702	21866	2.46	2.42
29715	21866	5.6	5.81
29716	21866	5.32	5.53
29717	21866	5.05	5.24
29718	21866	4.77	4.95
29719	21866	4.5	4.65
29720	21866	4.22	4.35
29721	21866	3.93	4.03
29722	21866	3.63	3.71
29723	21866	3.33	3.39
29736	21866	1.23	1.12
29737	21866	0.77	0.79
29738	21866	0.3	0.41
29739	21866	-0.16	0.03
29740	21866	-0.6	-0.33
29741	21866	-0.99	-0.69
29742	21866	-1.3	-1.07
29743	21866	-1.61	-1.43
29744	21866	-1.91	-1.77
29757	21866	3.03	3.06
29758	21866	2.73	2.74
29759	21866	2.46	2.42
29760	21866	2.18	2.09
29761	21866	1.89	1.76
29762	21866	1.56	1.44
29763	21866	1.23	1.12
29764	21866	0.77	0.79
29765	21866	0.3	0.41
29778	21866	1.23	1.12
29779	21866	0.77	0.79
29780	21866	0.3	0.41
29781	21866	-0.16	0.03
29782	21866	-0.6	-0.33
29783	21866	-0.99	-0.69
29784	21866	-1.3	-1.07
29785	21866	-1.61	-1.43
29786	21866	-1.91	-1.77
29799	21866	4.77	4.95
29800	21866	4.5	4.65
29801	21866	4.22	4.35
29802	21866	3.93	4.03
29803	21866	3.63	3.71
29804	21866	3.33	3.39
29805	21866	3.03	3.06
29806	21866	2.73	2.74
29807	21866	2.46	2.42
29820	21866	1.23	1.12
29821	21866	0.77	0.79
29822	21866	0.3	0.41
29823	21866	-0.16	0.03
29824	21866	-0.6	-0.33
29825	21866	-0.99	-0.69
29826	21866	-1.3	-1.07
29827	21866	-1.61	-1.43
29828	21866	-1.91	-1.77
29841	21875	6.42	-3.33
29842	21875	6.06	-3.14
29843	21875	5.71	-2.96
29844	21875	5.36	-2.76
29845	21875	5.01	-2.57
29846	21875	4.67	-2.36
29847	21875	4.32	-2.15
29848	21875	3.98	-1.93
29849	21875	3.63	-1.71
29841	21877	4.53	-5.81
29842	21877	4.29	-5.49
29843	21877	4.04	-5.18
29844	21877	3.79	-4.87
29845	21877	3.53	-4.57
29846	21877	3.28	-4.28
29847	21877	3.02	-3.99
29848	21877	2.76	-3.71
29849	21877	2.52	-3.43
29862	21875	3.26	-1.49
29863	21875	2.87	-1.27
29864	21875	2.37	-1.11
29865	21875	1.78	-0.98
29866	21875	1.19	-0.88
29867	21875	0.6	-0.78
29868	21875	0.03	-0.69
29869	21875	-0.5	-0.59
29870	21875	-1.01	-0.5
29862	21877	2.28	-3.15
29863	21877	2.06	-2.87
29864	21877	1.83	-2.6
29865	21877	1.61	-2.33
29866	21877	1.31	-2.11
29867	21877	0.99	-1.92
29868	21877	0.63	-1.72
29869	21877	0.26	-1.52
29870	21877	-0.12	-1.3
29883	21880	-0.91	-6.4
29884	21880	-0.87	-6.02
29885	21880	-0.83	-5.64
29886	21880	-0.79	-5.26
29887	21880	-0.75	-4.88
29888	21880	-0.71	-4.5
29889	21880	-0.66	-4.12
29890	21880	-0.62	-3.75
29891	21880	-0.58	-3.37
29904	21880	-0.22	-1.63
29905	21880	-0.07	-1.23
29906	21880	0.08	-0.84
29907	21880	0.22	-0.45
29908	21880	0.36	-0.05
29909	21880	0.49	0.34
29910	21880	0.57	0.74
29911	21880	0.61	1.14
29912	21880	0.64	1.54
29925	21880	0.22	-0.45
29926	21880	0.36	-0.05
29927	21880	0.49	0.34
29928	21880	0.57	0.74
29929	21880	0.61	1.14
29930	21880	0.64	1.54
29931	21880	0.67	1.94
29932	21880	0.7	2.34
29933	21880	0.74	2.74
29946	21880	0.57	0.74
29947	21880	0.61	1.14
29948	21880	0.64	1.54
29949	21880	0.67	1.94
29950	21880	0.7	2.34
29951	21880	0.74	2.74
29952	21880	0.77	3.13
29953	21880	0.8	3.53
29954	21880	0.83	3.93
29967	21884	-1.69	1.39
29968	21884	-1.33	1.29
29969	21884	-0.95	1.23
29970	21884	-0.59	1.17
29971	21884	-0.22	1.11
29972	21884	0.15	1.04
29973	21884	0.52	0.98
29974	21884	0.89	0.91
29975	21884	1.21	0.72
29988	21884	-2.79	1.83
29989	21884	-2.42	1.64
29990	21884	-2.06	1.51
29991	21884	-1.69	1.39
29992	21884	-1.33	1.29
29993	21884	-0.95	1.23
29994	21884	-0.59	1.17
29995	21884	-0.22	1.11
29996	21884	0.15	1.04
30009	21884	-1.69	1.39
30010	21884	-1.33	1.29
30011	21884	-0.95	1.23
30012	21884	-0.59	1.17
30013	21884	-0.22	1.11
30014	21884	0.15	1.04
30015	21884	0.52	0.98
30016	21884	0.89	0.91
30017	21884	1.21	0.72
30030	21884	-4.92	3.08
30031	21884	-4.58	2.87
30032	21884	-4.23	2.66
30033	21884	-3.88	2.46
30034	21884	-3.52	2.26
30035	21884	-3.16	2.05
30036	21884	-2.79	1.83
30037	21884	-2.42	1.64
30038	21884	-2.06	1.51
30156	21893	-9.43	3.13
30157	21893	-9.05	3.0
30158	21893	-8.67	2.88
30159	21893	-8.29	2.75
30160	21893	-7.91	2.63
30161	21893	-7.53	2.5
30162	21893	-7.15	2.37
30163	21893	-6.77	2.25
30164	21893	-6.4	2.13
30156	21894	-1.8	-9.3
30157	21894	-1.72	-8.91
30158	21894	-1.65	-8.52
30159	21894	-1.57	-8.12
30160	21894	-1.5	-7.73
30161	21894	-1.42	-7.34
30162	21894	-1.34	-6.95
30163	21894	-1.27	-6.55
30164	21894	-1.19	-6.16
30156	21895	-10.0	-1.31
30157	21895	-9.61	-1.25
30158	21895	-9.21	-1.2
30159	21895	-8.81	-1.15
30160	21895	-8.42	-1.1
30161	21895	-8.02	-1.04
30162	21895	-7.63	-0.97
30163	21895	-7.23	-0.91
30164	21895	-6.84	-0.84
30156	21896	2.79	-8.87
30157	21896	2.67	-8.49
30158	21896	2.55	-8.11
30159	21896	2.43	-7.73
30160	21896	2.31	-7.35
30161	21896	2.19	-6.96
30162	21896	2.07	-6.58
30163	21896	1.95	-6.2
30164	21896	1.83	-5.82
30177	21901	2.11	3.0
30178	21901	1.83	2.75
30179	21901	1.56	2.5
30180	21901	1.28	2.24
30181	21901	0.91	2.0
30182	21901	0.48	1.76
30183	21901	0.06	1.52
30184	21901	-0.36	1.28
30185	21901	-0.78	1.03
30177	21903	3.62	0.85
30178	21903	3.31	0.83
30179	21903	3.0	0.82
30180	21903	2.7	0.81
30181	21903	2.44	0.78
30182	21903	2.19	0.75
30183	21903	1.95	0.71
30184	21903	1.71	0.68
30185	21903	1.46	0.65
30198	21901	4.45	5.66
30199	21901	4.2	5.34
30200	21901	3.95	5.03
30201	21901	3.71	4.72
30202	21901	3.46	4.4
30203	21901	3.2	4.1
30204	21901	2.93	3.79
30205	21901	2.66	3.51
30206	21901	2.38	3.25
30198	21903	6.78	1.41
30199	21903	6.39	1.33
30200	21903	6.0	1.25
30201	21903	5.61	1.17
30202	21903	5.23	1.09
30203	21903	4.89	1.02
30204	21903	4.56	0.96
30205	21903	4.24	0.92
30206	21903	3.93	0.88
30219	21901	1.28	2.24
30220	21901	0.91	2.0
30221	21901	0.48	1.76
30222	21901	0.06	1.52
30223	21901	-0.36	1.28
30224	21901	-0.78	1.03
30225	21901	-1.2	0.78
30226	21901	-1.46	0.44
30227	21901	-1.66	0.09
30219	21903	2.7	0.81
30220	21903	2.44	0.78
30221	21903	2.19	0.75
30222	21903	1.95	0.71
30223	21903	1.71	0.68
30224	21903	1.46	0.65
30225	21903	1.22	0.62
30226	21903	0.98	0.59
30227	21903	0.73	0.56
30240	21905	-1.02	-4.14
30241	21905	-0.92	-3.75
30242	21905	-0.83	-3.36
30243	21905	-0.77	-3.02
30244	21905	-0.71	-2.7
30245	21905	-0.65	-2.38
30246	21905	-0.65	-2.11
30247	21905	-0.7	-1.88
30248	21905	-0.76	-1.64
30261	21905	-2.17	-8.8
30262	21905	-2.07	-8.41
30263	21905	-1.98	-8.02
30264	21905	-1.88	-7.63
30265	21905	-1.79	-7.24
30266	21905	-1.69	-6.85
30267	21905	-1.59	-6.47
30268	21905	-1.5	-6.08
30269	21905	-1.4	-5.69
30513	21930	4.67	0.9
30514	21930	4.26	0.87
30515	21930	3.85	0.84
30516	21930	3.43	0.81
30517	21930	3.01	0.77
30518	21930	2.61	0.75
30519	21930	2.24	0.75
30520	21930	1.85	0.71
30521	21930	1.47	0.71
30534	21930	3.43	0.81
30535	21930	3.01	0.77
30536	21930	2.61	0.75
30537	21930	2.24	0.75
30538	21930	1.85	0.71
30539	21930	1.47	0.71
30540	21930	1.06	0.68
30541	21930	0.64	0.65
30542	21930	0.24	0.62
30555	21930	9.44	1.43
30556	21930	9.05	1.37
30557	21930	8.65	1.31
30558	21930	8.26	1.25
30559	21930	7.86	1.2
30560	21930	7.46	1.15
30561	21930	7.07	1.11
30562	21930	6.67	1.07
30563	21930	6.27	1.03
30576	21930	3.43	0.81
30577	21930	3.01	0.77
30578	21930	2.61	0.75
30579	21930	2.24	0.75
30580	21930	1.85	0.71
30581	21930	1.47	0.71
30582	21930	1.06	0.68
30583	21930	0.64	0.65
30584	21930	0.24	0.62
30597	21930	5.87	1.0
30598	21930	5.47	0.96
30599	21930	5.07	0.93
30600	21930	4.67	0.9
30601	21930	4.26	0.87
30602	21930	3.85	0.84
30603	21930	3.43	0.81
30604	21930	3.01	0.77
30605	21930	2.61	0.75
30618	21931	1.98	-5.8
30619	21931	1.85	-5.42
30620	21931	1.72	-5.04
30621	21931	1.59	-4.66
30622	21931	1.46	-4.29
30623	21931	1.3	-3.94
30624	21931	1.14	-3.6
30625	21931	1.01	-3.3
30626	21931	0.88	-3.01
30618	21934	-4.74	-3.38
30619	21934	-4.41	-3.15
30620	21934	-4.09	-2.92
30621	21934	-3.76	-2.68
30622	21934	-3.44	-2.45
30623	21934	-3.11	-2.22
30624	21934	-2.79	-1.99
30625	21934	-2.53	-1.76
30626	21934	-2.28	-1.51
30639	21931	1.98	-5.8
30640	21931	1.85	-5.42
30641	21931	1.72	-5.04
30642	21931	1.59	-4.66
30643	21931	1.46	-4.29
30644	21931	1.3	-3.94
30645	21931	1.14	-3.6
30646	21931	1.01	-3.3
30647	21931	0.88	-3.01
30639	21934	-4.74	-3.38
30640	21934	-4.41	-3.15
30641	21934	-4.09	-2.92
30642	21934	-3.76	-2.68
30643	21934	-3.44	-2.45
30644	21934	-3.11	-2.22
30645	21934	-2.79	-1.99
30646	21934	-2.53	-1.76
30647	21934	-2.28	-1.51
30660	21931	1.98	-5.8
30661	21931	1.85	-5.42
30662	21931	1.72	-5.04
30663	21931	1.59	-4.66
30664	21931	1.46	-4.29
30665	21931	1.3	-3.94
30666	21931	1.14	-3.6
30667	21931	1.01	-3.3
30668	21931	0.88	-3.01
30660	21934	-4.74	-3.38
30661	21934	-4.41	-3.15
30662	21934	-4.09	-2.92
30663	21934	-3.76	-2.68
30664	21934	-3.44	-2.45
30665	21934	-3.11	-2.22
30666	21934	-2.79	-1.99
30667	21934	-2.53	-1.76
30668	21934	-2.28	-1.51
30681	21931	1.14	-3.6
30682	21931	1.01	-3.3
30683	21931	0.88	-3.01
30684	21931	0.75	-2.72
30685	21931	0.55	-2.45
30686	21931	0.29	-2.16
30687	21931	-0.01	-1.84
30688	21931	-0.31	-1.53
30689	21931	-0.61	-1.22
30681	21934	-2.79	-1.99
30682	21934	-2.53	-1.76
30683	21934	-2.28	-1.51
30684	21934	-2.03	-1.26
30685	21934	-1.84	-0.99
30686	21934	-1.69	-0.66
30687	21934	-1.55	-0.33
30688	21934	-1.41	0.01
30689	21934	-1.27	0.34
30807	21941	-2.55	-3.33
30808	21941	-2.35	-3.11
30809	21941	-2.14	-2.88
30810	21941	-1.94	-2.65
30811	21941	-1.74	-2.4
30812	21941	-1.54	-2.16
30813	21941	-1.23	-2.01
30814	21941	-0.81	-1.91
30815	21941	-0.4	-1.81
30828	21941	-2.55	-3.33
30829	21941	-2.35	-3.11
30830	21941	-2.14	-2.88
30831	21941	-1.94	-2.65
30832	21941	-1.74	-2.4
30833	21941	-1.54	-2.16
30834	21941	-1.23	-2.01
30835	21941	-0.81	-1.91
30836	21941	-0.4	-1.81
30849	21941	0.01	-1.72
30850	21941	0.42	-1.62
30851	21941	0.82	-1.53
30852	21941	1.23	-1.44
30853	21941	1.62	-1.33
30854	21941	1.9	-0.98
30855	21941	2.17	-0.58
30856	21941	2.43	-0.19
30857	21941	2.69	0.21
30870	21941	-2.55	-3.33
30871	21941	-2.35	-3.11
30872	21941	-2.14	-2.88
30873	21941	-1.94	-2.65
30874	21941	-1.74	-2.4
30875	21941	-1.54	-2.16
30876	21941	-1.23	-2.01
30877	21941	-0.81	-1.91
30878	21941	-0.4	-1.81
30891	21946	-2.85	-1.97
30892	21946	-2.52	-1.9
30893	21946	-2.2	-1.84
30894	21946	-1.9	-1.79
30895	21946	-1.7	-1.78
30896	21946	-1.5	-1.77
30897	21946	-1.31	-1.77
30898	21946	-1.12	-1.76
30899	21946	-0.92	-1.75
30891	21947	-3.56	0.66
30892	21947	-3.2	0.59
30893	21947	-2.83	0.52
30894	21947	-2.45	0.46
30895	21947	-2.02	0.49
30896	21947	-1.59	0.51
30897	21947	-1.15	0.54
30898	21947	-0.72	0.56
30899	21947	-0.29	0.58
30912	21946	-1.31	-1.77
30913	21946	-1.12	-1.76
30914	21946	-0.92	-1.75
30915	21946	-0.69	-1.73
30916	21946	-0.45	-1.71
30917	21946	-0.18	-1.59
30918	21946	0.14	-1.35
30919	21946	0.45	-1.1
30920	21946	0.77	-0.86
30912	21947	-1.15	0.54
30913	21947	-0.72	0.56
30914	21947	-0.29	0.58
30915	21947	0.13	0.56
30916	21947	0.53	0.48
30917	21947	0.92	0.38
30918	21947	1.3	0.27
30919	21947	1.69	0.17
30920	21947	2.07	0.06
30933	21946	-2.85	-1.97
30934	21946	-2.52	-1.9
30935	21946	-2.2	-1.84
30936	21946	-1.9	-1.79
30937	21946	-1.7	-1.78
30938	21946	-1.5	-1.77
30939	21946	-1.31	-1.77
30940	21946	-1.12	-1.76
30941	21946	-0.92	-1.75
30933	21947	-3.56	0.66
30934	21947	-3.2	0.59
30935	21947	-2.83	0.52
30936	21947	-2.45	0.46
30937	21947	-2.02	0.49
30938	21947	-1.59	0.51
30939	21947	-1.15	0.54
30940	21947	-0.72	0.56
30941	21947	-0.29	0.58
31122	21965	2.91	-7.59
31123	21965	2.76	-7.21
31124	21965	2.62	-6.84
31125	21965	2.48	-6.47
31126	21965	2.33	-6.09
31127	21965	2.19	-5.72
31128	21965	2.05	-5.35
31129	21965	1.9	-4.96
31130	21965	1.74	-4.56
31143	21965	2.91	-7.59
31144	21965	2.76	-7.21
31145	21965	2.62	-6.84
31146	21965	2.48	-6.47
31147	21965	2.33	-6.09
31148	21965	2.19	-5.72
31149	21965	2.05	-5.35
31150	21965	1.9	-4.96
31151	21965	1.74	-4.56
31164	21967	1.42	1.25
31165	21967	1.3	0.97
31166	21967	1.19	0.69
31167	21967	1.07	0.41
31168	21967	0.86	0.09
31169	21967	0.63	-0.24
31170	21967	0.4	-0.56
31171	21967	0.17	-0.89
31172	21967	-0.06	-1.22
31269	21984	-0.51	6.79
31270	21984	-0.46	6.38
31271	21984	-0.41	5.98
31272	21984	-0.36	5.57
31273	21984	-0.31	5.16
31274	21984	-0.26	4.74
31275	21984	-0.22	4.32
31276	21984	-0.17	3.9
31277	21984	-0.13	3.49
31290	21991	1.62	-1.29
31291	21991	1.39	-1.07
31292	21991	1.11	-0.75
31293	21991	0.85	-0.43
31294	21991	0.59	-0.13
31295	21991	0.34	0.18
31296	21991	0.09	0.49
31297	21991	-0.16	0.79
31298	21991	-0.41	1.1
31311	21991	4.4	-3.81
31312	21991	4.1	-3.54
31313	21991	3.79	-3.28
31314	21991	3.5	-3.01
31315	21991	3.2	-2.73
31316	21991	2.9	-2.44
31317	21991	2.59	-2.15
31318	21991	2.27	-1.86
31319	21991	1.96	-1.57
31332	21991	7.12	-6.16
31333	21991	6.82	-5.9
31334	21991	6.52	-5.64
31335	21991	6.21	-5.38
31336	21991	5.91	-5.12
31337	21991	5.61	-4.85
31338	21991	5.31	-4.59
31339	21991	5.0	-4.33
31340	21991	4.7	-4.07
31353	21991	6.21	-5.38
31354	21991	5.91	-5.12
31355	21991	5.61	-4.85
31356	21991	5.31	-4.59
31357	21991	5.0	-4.33
31358	21991	4.7	-4.07
31359	21991	4.4	-3.81
31360	21991	4.1	-3.54
31361	21991	3.79	-3.28
31626	22004	-6.84	1.55
31627	22004	-6.44	1.47
31628	22004	-6.04	1.4
31629	22004	-5.64	1.32
31630	22004	-5.23	1.24
31631	22004	-4.82	1.16
31632	22004	-4.41	1.08
31633	22004	-4.0	0.99
31634	22004	-3.59	0.91
31647	22004	-8.03	1.79
31648	22004	-7.64	1.71
31649	22004	-7.24	1.63
31650	22004	-6.84	1.55
31651	22004	-6.44	1.47
31652	22004	-6.04	1.4
31653	22004	-5.64	1.32
31654	22004	-5.23	1.24
31655	22004	-4.82	1.16
31668	22004	-3.19	0.83
31669	22004	-2.78	0.75
31670	22004	-2.36	0.64
31671	22004	-1.94	0.53
31672	22004	-1.45	0.23
31673	22004	-1.02	-0.08
31674	22004	-0.62	-0.35
31675	22004	-0.23	-0.6
31676	22004	0.16	-0.82
31773	22014	3.55	3.4
31774	22014	3.28	3.15
31775	22014	3.0	2.89
31776	22014	2.71	2.65
31777	22014	2.41	2.4
31778	22014	2.11	2.16
31779	22014	1.78	1.95
31780	22014	1.34	1.72
31781	22014	0.87	1.39
31794	22014	2.71	2.65
31795	22014	2.41	2.4
31796	22014	2.11	2.16
31797	22014	1.78	1.95
31798	22014	1.34	1.72
31799	22014	0.87	1.39
31800	22014	0.4	1.06
31801	22014	-0.07	0.73
31802	22014	-0.54	0.4
31899	22029	6.69	6.02
31900	22029	6.4	5.75
31901	22029	6.1	5.49
31902	22029	5.8	5.22
31903	22029	5.5	4.95
31904	22029	5.21	4.68
31905	22029	4.91	4.42
31906	22029	4.61	4.15
31907	22029	4.31	3.88
31920	22029	5.8	5.22
31921	22029	5.5	4.95
31922	22029	5.21	4.68
31923	22029	4.91	4.42
31924	22029	4.61	4.15
31925	22029	4.31	3.88
31926	22029	4.02	3.61
31927	22029	3.72	3.35
31928	22029	3.43	3.08
31941	22029	3.15	2.82
31942	22029	2.86	2.56
31943	22029	2.58	2.3
31944	22029	2.3	2.07
31945	22029	2.06	1.84
31946	22029	1.83	1.58
31947	22029	1.7	1.26
31948	22029	1.57	0.93
31949	22029	1.44	0.61
31962	22029	2.3	2.07
31963	22029	2.06	1.84
31964	22029	1.83	1.58
31965	22029	1.7	1.26
31966	22029	1.57	0.93
31967	22029	1.44	0.61
31968	22029	1.31	0.3
31969	22029	1.08	0.03
31970	22029	0.77	-0.21
31983	22029	4.02	3.61
31984	22029	3.72	3.35
31985	22029	3.43	3.08
31986	22029	3.15	2.82
31987	22029	2.86	2.56
31988	22029	2.58	2.3
31989	22029	2.3	2.07
31990	22029	2.06	1.84
31991	22029	1.83	1.58
32004	22029	4.02	3.61
32005	22029	3.72	3.35
32006	22029	3.43	3.08
32007	22029	3.15	2.82
32008	22029	2.86	2.56
32009	22029	2.58	2.3
32010	22029	2.3	2.07
32011	22029	2.06	1.84
32012	22029	1.83	1.58
32067	22037	0.37	-3.07
32068	22037	0.3	-2.64
32069	22037	0.23	-2.22
32070	22037	0.14	-1.77
32071	22037	0.04	-1.31
32072	22037	-0.05	-0.85
32073	22037	-0.15	-0.38
32074	22037	-0.25	0.09
32075	22037	-0.34	0.55
32088	22037	0.14	-1.77
32089	22037	0.04	-1.31
32090	22037	-0.05	-0.85
32091	22037	-0.15	-0.38
32092	22037	-0.25	0.09
32093	22037	-0.34	0.55
32094	22037	-0.44	1.02
32095	22037	-0.53	1.49
32096	22037	-0.6	1.95
32109	22037	-0.15	-0.38
32110	22037	-0.25	0.09
32111	22037	-0.34	0.55
32112	22037	-0.44	1.02
32113	22037	-0.53	1.49
32114	22037	-0.6	1.95
32115	22037	-0.67	2.4
32116	22037	-0.71	2.82
32117	22037	-0.74	3.21
32130	22037	0.91	-6.83
32131	22037	0.86	-6.43
32132	22037	0.8	-6.03
32133	22037	0.74	-5.64
32134	22037	0.67	-5.22
32135	22037	0.61	-4.79
32136	22037	0.56	-4.35
32137	22037	0.5	-3.92
32138	22037	0.44	-3.49
32319	22054	-8.65	1.35
32320	22054	-8.25	1.29
32321	22054	-7.86	1.23
32322	22054	-7.46	1.17
32323	22054	-7.07	1.1
32324	22054	-6.67	1.04
32325	22054	-6.28	0.98
32326	22054	-5.88	0.92
32327	22054	-5.5	0.88
32340	22054	-5.14	0.84
32341	22054	-4.79	0.8
32342	22054	-4.45	0.77
32343	22054	-4.1	0.75
32344	22054	-3.76	0.72
32345	22054	-3.41	0.68
32346	22054	-3.02	0.61
32347	22054	-2.6	0.59
32348	22054	-2.15	0.62
32361	22054	-6.28	0.98
32362	22054	-5.88	0.92
32363	22054	-5.5	0.88
32364	22054	-5.14	0.84
32365	22054	-4.79	0.8
32366	22054	-4.45	0.77
32367	22054	-4.1	0.75
32368	22054	-3.76	0.72
32369	22054	-3.41	0.68
32403	22068	2.58	5.38
32404	22068	2.4	5.03
32405	22068	2.2	4.68
32406	22068	2.01	4.34
32407	22068	1.8	4.0
32408	22068	1.6	3.66
32409	22068	1.43	3.38
32410	22068	1.27	3.1
32411	22068	1.11	2.82
32424	22068	1.43	3.38
32425	22068	1.27	3.1
32426	22068	1.11	2.82
32427	22068	0.96	2.44
32428	22068	0.79	2.02
32429	22068	0.47	1.54
32430	22068	0.15	1.06
32431	22068	-0.17	0.58
32432	22068	-0.47	0.1
32445	22068	0.96	2.44
32446	22068	0.79	2.02
32447	22068	0.47	1.54
32448	22068	0.15	1.06
32449	22068	-0.17	0.58
32450	22068	-0.47	0.1
32451	22068	-0.63	-0.27
32452	22068	-0.79	-0.64
32453	22068	-0.94	-1.01
32550	22084	-7.34	5.4
32551	22084	-7.01	5.16
32552	22084	-6.69	4.92
32553	22084	-6.37	4.68
32554	22084	-6.05	4.45
32555	22084	-5.72	4.21
32556	22084	-5.4	3.97
32557	22084	-5.08	3.74
32558	22084	-4.76	3.5
32571	22084	-7.34	5.4
32572	22084	-7.01	5.16
32573	22084	-6.69	4.92
32574	22084	-6.37	4.68
32575	22084	-6.05	4.45
32576	22084	-5.72	4.21
32577	22084	-5.4	3.97
32578	22084	-5.08	3.74
32579	22084	-4.76	3.5
32592	22084	-6.37	4.68
32593	22084	-6.05	4.45
32594	22084	-5.72	4.21
32595	22084	-5.4	3.97
32596	22084	-5.08	3.74
32597	22084	-4.76	3.5
32598	22084	-4.44	3.26
32599	22084	-4.11	3.03
32600	22084	-3.79	2.79
32613	22084	-6.37	4.68
32614	22084	-6.05	4.45
32615	22084	-5.72	4.21
32616	22084	-5.4	3.97
32617	22084	-5.08	3.74
32618	22084	-4.76	3.5
32619	22084	-4.44	3.26
32620	22084	-4.11	3.03
32621	22084	-3.79	2.79
32634	22084	-5.4	3.97
32635	22084	-5.08	3.74
32636	22084	-4.76	3.5
32637	22084	-4.44	3.26
32638	22084	-4.11	3.03
32639	22084	-3.79	2.79
32640	22084	-3.47	2.55
32641	22084	-3.15	2.31
32642	22084	-2.82	2.08
32802	22089	4.71	2.19
32803	22089	4.37	1.99
32804	22089	4.04	1.79
32805	22089	3.71	1.59
32806	22089	3.4	1.39
32807	22089	3.1	1.2
32808	22089	2.83	1.03
32809	22089	2.64	0.82
32810	22089	2.46	0.62
32823	22089	7.93	3.76
32824	22089	7.57	3.59
32825	22089	7.21	3.42
32826	22089	6.84	3.25
32827	22089	6.48	3.08
32828	22089	6.12	2.9
32829	22089	5.76	2.73
32830	22089	5.4	2.56
32831	22089	5.05	2.38
32844	22089	7.93	3.76
32845	22089	7.57	3.59
32846	22089	7.21	3.42
32847	22089	6.84	3.25
32848	22089	6.48	3.08
32849	22089	6.12	2.9
32850	22089	5.76	2.73
32851	22089	5.4	2.56
32852	22089	5.05	2.38
32865	22097	-1.79	-0.66
32866	22097	-1.48	-0.67
32867	22097	-1.16	-0.67
32868	22097	-0.84	-0.67
32869	22097	-0.52	-0.67
32870	22097	-0.21	-0.66
32871	22097	0.11	-0.66
32872	22097	0.42	-0.66
32873	22097	0.74	-0.64
32865	22099	1.15	-0.41
32866	22099	1.2	0.01
32867	22099	1.25	0.42
32868	22099	1.16	0.86
32869	22099	1.05	1.3
32870	22099	0.82	1.63
32871	22099	0.57	1.94
32872	22099	0.32	2.26
32873	22099	0.08	2.57
32886	22097	-1.79	-0.66
32887	22097	-1.48	-0.67
32888	22097	-1.16	-0.67
32889	22097	-0.84	-0.67
32890	22097	-0.52	-0.67
32891	22097	-0.21	-0.66
32892	22097	0.11	-0.66
32893	22097	0.42	-0.66
32894	22097	0.74	-0.64
32886	22099	1.15	-0.41
32887	22099	1.2	0.01
32888	22099	1.25	0.42
32889	22099	1.16	0.86
32890	22099	1.05	1.3
32891	22099	0.82	1.63
32892	22099	0.57	1.94
32893	22099	0.32	2.26
32894	22099	0.08	2.57
32907	22104	-3.82	2.32
32908	22104	-3.54	2.12
32909	22104	-3.26	1.92
32910	22104	-2.99	1.71
32911	22104	-2.72	1.49
32912	22104	-2.45	1.27
32913	22104	-2.17	1.03
32914	22104	-1.89	0.78
32915	22104	-1.61	0.53
32928	22104	-3.82	2.32
32929	22104	-3.54	2.12
32930	22104	-3.26	1.92
32931	22104	-2.99	1.71
32932	22104	-2.72	1.49
32933	22104	-2.45	1.27
32934	22104	-2.17	1.03
32935	22104	-1.89	0.78
32936	22104	-1.61	0.53
32949	22104	-0.56	-0.44
32950	22104	-0.31	-0.68
32951	22104	-0.06	-0.92
32952	22104	0.18	-1.16
32953	22104	0.42	-1.39
32954	22104	0.65	-1.56
32955	22104	0.88	-1.73
32956	22104	1.11	-1.89
32957	22104	1.35	-2.05
32970	22107	-1.9	2.2
32971	22107	-1.59	2.0
32972	22107	-1.3	1.83
32973	22107	-1.04	1.67
32974	22107	-0.77	1.51
32975	22107	-0.51	1.36
32976	22107	-0.25	1.2
32977	22107	0.02	1.04
32978	22107	0.3	0.88
32991	22107	-6.56	5.96
32992	22107	-6.27	5.69
32993	22107	-5.97	5.42
32994	22107	-5.67	5.16
32995	22107	-5.37	4.9
32996	22107	-5.06	4.65
32997	22107	-4.75	4.39
32998	22107	-4.44	4.14
32999	22107	-4.13	3.89
33012	22107	-1.9	2.2
33013	22107	-1.59	2.0
33014	22107	-1.3	1.83
33015	22107	-1.04	1.67
33016	22107	-0.77	1.51
33017	22107	-0.51	1.36
33018	22107	-0.25	1.2
33019	22107	0.02	1.04
33020	22107	0.3	0.88
33033	22107	-0.25	1.2
33034	22107	0.02	1.04
33035	22107	0.3	0.88
33036	22107	0.58	0.73
33037	22107	0.86	0.57
33038	22107	1.12	0.4
33039	22107	1.37	0.22
33040	22107	1.61	0.03
33041	22107	1.84	-0.18
33180	22116	-1.62	3.65
33181	22116	-1.44	3.31
33182	22116	-1.28	2.98
33183	22116	-1.16	2.73
33184	22116	-1.03	2.51
33185	22116	-0.91	2.27
33186	22116	-0.82	2.04
33187	22116	-0.71	1.81
33188	22116	-0.61	1.58
33306	22130	-2.72	-0.45
33307	22130	-2.42	-0.52
33308	22130	-2.12	-0.64
33309	22130	-1.84	-0.77
33310	22130	-1.55	-0.88
33311	22130	-1.27	-0.99
33312	22130	-0.99	-1.09
33313	22130	-0.75	-1.09
33314	22130	-0.51	-1.02
33327	22136	-5.02	-0.65
33328	22136	-4.64	-0.56
33329	22136	-4.29	-0.48
33330	22136	-3.93	-0.41
33331	22136	-3.58	-0.33
33332	22136	-3.22	-0.24
33333	22136	-2.91	-0.15
33334	22136	-2.62	-0.05
33335	22136	-2.31	0.01
33348	22136	-5.02	-0.65
33349	22136	-4.64	-0.56
33350	22136	-4.29	-0.48
33351	22136	-3.93	-0.41
33352	22136	-3.58	-0.33
33353	22136	-3.22	-0.24
33354	22136	-2.91	-0.15
33355	22136	-2.62	-0.05
33356	22136	-2.31	0.01
33369	22140	1.37	-4.75
33370	22140	1.26	-4.37
33371	22140	1.15	-3.99
33372	22140	1.04	-3.6
33373	22140	0.96	-3.17
33374	22140	0.87	-2.75
33375	22140	0.87	-2.34
33376	22140	0.88	-1.93
33377	22140	0.89	-1.57
33390	22140	1.37	-4.75
33391	22140	1.26	-4.37
33392	22140	1.15	-3.99
33393	22140	1.04	-3.6
33394	22140	0.96	-3.17
33395	22140	0.87	-2.75
33396	22140	0.87	-2.34
33397	22140	0.88	-1.93
33398	22140	0.89	-1.57
33411	22140	0.87	-2.34
33412	22140	0.88	-1.93
33413	22140	0.89	-1.57
33414	22140	0.91	-1.22
33415	22140	0.94	-0.88
33416	22140	0.97	-0.51
33417	22140	0.97	-0.07
33418	22140	0.96	0.38
33419	22140	0.95	0.84
33432	22146	-0.61	-0.35
33433	22146	-0.99	-0.49
33434	22146	-1.37	-0.63
33435	22146	-1.75	-0.76
33436	22146	-2.12	-0.89
33437	22146	-2.5	-1.03
33438	22146	-2.88	-1.16
33439	22146	-3.26	-1.29
33440	22146	-3.64	-1.42
33453	22146	1.75	0.62
33454	22146	1.33	0.44
33455	22146	0.94	0.27
33456	22146	0.55	0.1
33457	22146	0.16	-0.06
33458	22146	-0.23	-0.21
33459	22146	-0.61	-0.35
33460	22146	-0.99	-0.49
33461	22146	-1.37	-0.63
33474	22146	-4.02	-1.56
33475	22146	-4.41	-1.69
33476	22146	-4.79	-1.82
33477	22146	-5.18	-1.95
33478	22146	-5.57	-2.08
33479	22146	-5.96	-2.22
33480	22146	-6.34	-2.36
33481	22146	-6.72	-2.5
33482	22146	-7.09	-2.63
33621	22156	3.44	-3.57
33622	22156	3.17	-3.28
33623	22156	2.88	-3.01
33624	22156	2.61	-2.72
33625	22156	2.33	-2.43
33626	22156	2.05	-2.14
33627	22156	1.77	-1.86
33628	22156	1.63	-1.71
33629	22156	1.54	-1.59
33642	22156	1.77	-1.86
33643	22156	1.63	-1.71
33644	22156	1.54	-1.59
33645	22156	1.47	-1.38
33646	22156	1.4	-1.16
33647	22156	1.32	-0.95
33648	22156	1.25	-0.73
33649	22156	1.17	-0.52
33650	22156	1.07	-0.33
33663	22156	5.94	-6.16
33664	22156	5.66	-5.87
33665	22156	5.39	-5.59
33666	22156	5.11	-5.3
33667	22156	4.83	-5.01
33668	22156	4.55	-4.72
33669	22156	4.28	-4.43
33670	22156	4.0	-4.15
33671	22156	3.72	-3.86
33684	22156	4.28	-4.43
33685	22156	4.0	-4.15
33686	22156	3.72	-3.86
33687	22156	3.44	-3.57
33688	22156	3.17	-3.28
33689	22156	2.88	-3.01
33690	22156	2.61	-2.72
33691	22156	2.33	-2.43
33692	22156	2.05	-2.14
33705	22156	3.44	-3.57
33706	22156	3.17	-3.28
33707	22156	2.88	-3.01
33708	22156	2.61	-2.72
33709	22156	2.33	-2.43
33710	22156	2.05	-2.14
33711	22156	1.77	-1.86
33712	22156	1.63	-1.71
33713	22156	1.54	-1.59
33726	22156	2.61	-2.72
33727	22156	2.33	-2.43
33728	22156	2.05	-2.14
33729	22156	1.77	-1.86
33730	22156	1.63	-1.71
33731	22156	1.54	-1.59
33732	22156	1.47	-1.38
33733	22156	1.4	-1.16
33734	22156	1.32	-0.95
33747	22156	4.28	-4.43
33748	22156	4.0	-4.15
33749	22156	3.72	-3.86
33750	22156	3.44	-3.57
33751	22156	3.17	-3.28
33752	22156	2.88	-3.01
33753	22156	2.61	-2.72
33754	22156	2.33	-2.43
33755	22156	2.05	-2.14
33768	22160	-2.55	8.36
33769	22160	-2.43	7.98
33770	22160	-2.32	7.6
33771	22160	-2.2	7.23
33772	22160	-2.09	6.86
33773	22160	-1.98	6.5
33774	22160	-1.86	6.14
33775	22160	-1.75	5.78
33776	22160	-1.64	5.42
33789	22160	-2.2	7.23
33790	22160	-2.09	6.86
33791	22160	-1.98	6.5
33792	22160	-1.86	6.14
33793	22160	-1.75	5.78
33794	22160	-1.64	5.42
33795	22160	-1.55	5.05
33796	22160	-1.46	4.68
33797	22160	-1.37	4.33
33810	22160	-1.55	5.05
33811	22160	-1.46	4.68
33812	22160	-1.37	4.33
33813	22160	-1.29	3.97
33814	22160	-1.21	3.66
33815	22160	-1.13	3.34
33816	22160	-1.05	3.02
33817	22160	-0.97	2.71
33818	22160	-0.9	2.42
33831	22160	-2.9	9.51
33832	22160	-2.78	9.13
33833	22160	-2.67	8.75
33834	22160	-2.55	8.36
33835	22160	-2.43	7.98
33836	22160	-2.32	7.6
33837	22160	-2.2	7.23
33838	22160	-2.09	6.86
33839	22160	-1.98	6.5
33852	22160	-2.2	7.23
33853	22160	-2.09	6.86
33854	22160	-1.98	6.5
33855	22160	-1.86	6.14
33856	22160	-1.75	5.78
33857	22160	-1.64	5.42
33858	22160	-1.55	5.05
33859	22160	-1.46	4.68
33860	22160	-1.37	4.33
33873	22160	-1.55	5.05
33874	22160	-1.46	4.68
33875	22160	-1.37	4.33
33876	22160	-1.29	3.97
33877	22160	-1.21	3.66
33878	22160	-1.13	3.34
33879	22160	-1.05	3.02
33880	22160	-0.97	2.71
33881	22160	-0.9	2.42
33894	22160	-1.86	6.14
33895	22160	-1.75	5.78
33896	22160	-1.64	5.42
33897	22160	-1.55	5.05
33898	22160	-1.46	4.68
33899	22160	-1.37	4.33
33900	22160	-1.29	3.97
33901	22160	-1.21	3.66
33902	22160	-1.13	3.34
33915	22160	-1.55	5.05
33916	22160	-1.46	4.68
33917	22160	-1.37	4.33
33918	22160	-1.29	3.97
33919	22160	-1.21	3.66
33920	22160	-1.13	3.34
33921	22160	-1.05	3.02
33922	22160	-0.97	2.71
33923	22160	-0.9	2.42
34083	22172	4.94	7.51
34084	22172	4.72	7.18
34085	22172	4.5	6.85
34086	22172	4.28	6.52
34087	22172	4.05	6.2
34088	22172	3.83	5.87
34089	22172	3.6	5.55
34090	22172	3.36	5.23
34091	22172	3.12	4.91
34104	22172	3.6	5.55
34105	22172	3.36	5.23
34106	22172	3.12	4.91
34107	22172	2.89	4.59
34108	22172	2.65	4.27
34109	22172	2.42	3.98
34110	22172	2.19	3.69
34111	22172	1.96	3.39
34112	22172	1.73	3.1
34125	22172	1.5	2.82
34126	22172	1.28	2.55
34127	22172	1.06	2.32
34128	22172	0.84	2.07
34129	22172	0.62	1.81
34130	22172	0.4	1.56
34131	22172	0.18	1.3
34132	22172	-0.05	1.05
34133	22172	-0.27	0.78
34146	22172	4.94	7.51
34147	22172	4.72	7.18
34148	22172	4.5	6.85
34149	22172	4.28	6.52
34150	22172	4.05	6.2
34151	22172	3.83	5.87
34152	22172	3.6	5.55
34153	22172	3.36	5.23
34154	22172	3.12	4.91
34167	22172	3.6	5.55
34168	22172	3.36	5.23
34169	22172	3.12	4.91
34170	22172	2.89	4.59
34171	22172	2.65	4.27
34172	22172	2.42	3.98
34173	22172	2.19	3.69
34174	22172	1.96	3.39
34175	22172	1.73	3.1
34188	22172	5.6	8.52
34189	22172	5.38	8.18
34190	22172	5.16	7.85
34191	22172	4.94	7.51
34192	22172	4.72	7.18
34193	22172	4.5	6.85
34194	22172	4.28	6.52
34195	22172	4.05	6.2
34196	22172	3.83	5.87
34209	22172	4.94	7.51
34210	22172	4.72	7.18
34211	22172	4.5	6.85
34212	22172	4.28	6.52
34213	22172	4.05	6.2
34214	22172	3.83	5.87
34215	22172	3.6	5.55
34216	22172	3.36	5.23
34217	22172	3.12	4.91
34272	22180	-5.11	-6.67
34273	22180	-4.86	-6.35
34274	22180	-4.62	-6.04
34275	22180	-4.38	-5.72
34276	22180	-4.13	-5.4
34277	22180	-3.89	-5.08
34278	22180	-3.65	-4.76
34279	22180	-3.4	-4.45
34280	22180	-3.16	-4.13
34293	22180	-3.65	-4.76
34294	22180	-3.4	-4.45
34295	22180	-3.16	-4.13
34296	22180	-2.92	-3.81
34297	22180	-2.68	-3.49
34298	22180	-2.43	-3.18
34299	22180	-2.2	-2.87
34300	22180	-2.0	-2.58
34301	22180	-1.8	-2.29
34314	22180	-4.38	-5.72
34315	22180	-4.13	-5.4
34316	22180	-3.89	-5.08
34317	22180	-3.65	-4.76
34318	22180	-3.4	-4.45
34319	22180	-3.16	-4.13
34320	22180	-2.92	-3.81
34321	22180	-2.68	-3.49
34322	22180	-2.43	-3.18
34335	22186	9.92	-1.75
34336	22186	9.53	-1.68
34337	22186	9.13	-1.61
34338	22186	8.74	-1.54
34339	22186	8.35	-1.47
34340	22186	7.95	-1.4
34341	22186	7.56	-1.33
34342	22186	7.16	-1.26
34343	22186	6.77	-1.19
34335	22188	5.77	8.11
34336	22188	5.54	7.78
34337	22188	5.31	7.46
34338	22188	5.07	7.13
34339	22188	4.84	6.81
34340	22188	4.6	6.5
34341	22188	4.36	6.18
34342	22188	4.12	5.87
34343	22188	3.87	5.56
34356	22186	8.74	-1.54
34357	22186	8.35	-1.47
34358	22186	7.95	-1.4
34359	22186	7.56	-1.33
34360	22186	7.16	-1.26
34361	22186	6.77	-1.19
34362	22186	6.38	-1.11
34363	22186	5.99	-1.03
34364	22186	5.61	-0.94
34356	22188	5.07	7.13
34357	22188	4.84	6.81
34358	22188	4.6	6.5
34359	22188	4.36	6.18
34360	22188	4.12	5.87
34361	22188	3.87	5.56
34362	22188	3.63	5.25
34363	22188	3.39	4.95
34364	22188	3.14	4.64
34377	22186	9.92	-1.75
34378	22186	9.53	-1.68
34379	22186	9.13	-1.61
34380	22186	8.74	-1.54
34381	22186	8.35	-1.47
34382	22186	7.95	-1.4
34383	22186	7.56	-1.33
34384	22186	7.16	-1.26
34385	22186	6.77	-1.19
34377	22188	5.77	8.11
34378	22188	5.54	7.78
34379	22188	5.31	7.46
34380	22188	5.07	7.13
34381	22188	4.84	6.81
34382	22188	4.6	6.5
34383	22188	4.36	6.18
34384	22188	4.12	5.87
34385	22188	3.87	5.56
34398	22186	8.74	-1.54
34399	22186	8.35	-1.47
34400	22186	7.95	-1.4
34401	22186	7.56	-1.33
34402	22186	7.16	-1.26
34403	22186	6.77	-1.19
34404	22186	6.38	-1.11
34405	22186	5.99	-1.03
34406	22186	5.61	-0.94
34398	22188	5.07	7.13
34399	22188	4.84	6.81
34400	22188	4.6	6.5
34401	22188	4.36	6.18
34402	22188	4.12	5.87
34403	22188	3.87	5.56
34404	22188	3.63	5.25
34405	22188	3.39	4.95
34406	22188	3.14	4.64
34419	22186	7.56	-1.33
34420	22186	7.16	-1.26
34421	22186	6.77	-1.19
34422	22186	6.38	-1.11
34423	22186	5.99	-1.03
34424	22186	5.61	-0.94
34425	22186	5.22	-0.84
34426	22186	4.85	-0.75
34427	22186	4.5	-0.65
34419	22188	4.36	6.18
34420	22188	4.12	5.87
34421	22188	3.87	5.56
34422	22188	3.63	5.25
34423	22188	3.39	4.95
34424	22188	3.14	4.64
34425	22188	2.9	4.34
34426	22188	2.67	4.05
34427	22188	2.44	3.74
34503	22197	4.71	8.23
34504	22197	4.51	7.88
34505	22197	4.31	7.53
34506	22197	4.11	7.19
34507	22197	3.91	6.84
34508	22197	3.71	6.49
34509	22197	3.52	6.14
34510	22197	3.32	5.79
34511	22197	3.13	5.43
34839	22214	-5.12	-3.19
34840	22214	-4.75	-2.97
34841	22214	-4.37	-2.74
34842	22214	-4.0	-2.51
34843	22214	-3.62	-2.27
34844	22214	-3.25	-2.04
34845	22214	-2.88	-1.8
34846	22214	-2.53	-1.57
34847	22214	-2.21	-1.35
34839	22215	5.48	-1.62
34840	22215	5.1	-1.51
34841	22215	4.71	-1.39
34842	22215	4.33	-1.28
34843	22215	3.95	-1.17
34844	22215	3.56	-1.05
34845	22215	3.18	-0.94
34846	22215	2.8	-0.83
34847	22215	2.41	-0.71
34860	22214	1.08	1.3
34861	22214	1.44	1.48
34862	22214	1.79	1.67
34863	22214	2.15	1.85
34864	22214	2.5	2.04
34865	22214	2.85	2.22
34866	22214	3.21	2.41
34867	22214	3.56	2.6
34868	22214	3.92	2.78
34860	22215	-1.88	-0.28
34861	22215	-2.25	-0.13
34862	22215	-2.62	0.02
34863	22215	-2.99	0.17
34864	22215	-3.36	0.32
34865	22215	-3.73	0.47
34866	22215	-4.1	0.63
34867	22215	-4.47	0.78
34868	22215	-4.84	0.93
35217	22238	2.69	-4.34
35218	22238	2.49	-3.99
35219	22238	2.31	-3.64
35220	22238	2.14	-3.27
35221	22238	1.94	-2.89
35222	22238	1.73	-2.5
35223	22238	1.53	-2.11
35224	22238	1.23	-1.64
35225	22238	0.92	-1.18
35217	22240	3.92	3.5
35218	22240	3.62	3.24
35219	22240	3.32	2.97
35220	22240	3.02	2.7
35221	22240	2.72	2.44
35222	22240	2.43	2.17
35223	22240	2.13	1.9
35224	22240	1.92	1.65
35225	22240	1.73	1.4
35238	22238	2.69	-4.34
35239	22238	2.49	-3.99
35240	22238	2.31	-3.64
35241	22238	2.14	-3.27
35242	22238	1.94	-2.89
35243	22238	1.73	-2.5
35244	22238	1.53	-2.11
35245	22238	1.23	-1.64
35246	22238	0.92	-1.18
35238	22240	3.92	3.5
35239	22240	3.62	3.24
35240	22240	3.32	2.97
35241	22240	3.02	2.7
35242	22240	2.72	2.44
35243	22240	2.43	2.17
35244	22240	2.13	1.9
35245	22240	1.92	1.65
35246	22240	1.73	1.4
35259	22243	1.72	0.42
35260	22243	1.38	0.52
35261	22243	1.04	0.63
35262	22243	0.69	0.73
35263	22243	0.3	0.84
35264	22243	-0.09	0.94
35265	22243	-0.51	0.92
35266	22243	-0.94	0.87
35267	22243	-1.36	0.82
35259	22244	-0.76	0.24
35260	22244	-0.37	0.0
35261	22244	0.02	-0.23
35262	22244	0.4	-0.44
35263	22244	0.77	-0.6
35264	22244	1.14	-0.76
35265	22244	1.51	-0.92
35266	22244	1.87	-1.07
35267	22244	2.24	-1.23
35280	22243	4.81	0.43
35281	22243	4.44	0.4
35282	22243	4.07	0.37
35283	22243	3.74	0.3
35284	22243	3.41	0.28
35285	22243	3.09	0.27
35286	22243	2.76	0.26
35287	22243	2.4	0.23
35288	22243	2.06	0.32
35280	22244	-4.4	2.02
35281	22244	-4.02	1.87
35282	22244	-3.63	1.72
35283	22244	-3.24	1.56
35284	22244	-2.84	1.4
35285	22244	-2.44	1.22
35286	22244	-2.03	0.98
35287	22244	-1.58	0.74
35288	22244	-1.16	0.48
35301	22247	-1.55	3.12
35302	22247	-1.53	3.43
35303	22247	-1.35	3.76
35304	22247	-1.15	4.09
35305	22247	-0.94	4.43
35306	22247	-0.74	4.77
35307	22247	-0.53	5.12
35308	22247	-0.33	5.46
35309	22247	-0.13	5.81
35322	22255	-4.5	-0.54
35323	22255	-4.09	-0.51
35324	22255	-3.67	-0.48
35325	22255	-3.25	-0.45
35326	22255	-2.83	-0.42
35327	22255	-2.4	-0.41
35328	22255	-1.95	-0.49
35329	22255	-1.48	-0.58
35330	22255	-1.02	-0.67
35343	22255	-9.37	-0.92
35344	22255	-8.97	-0.88
35345	22255	-8.58	-0.84
35346	22255	-8.18	-0.81
35347	22255	-7.78	-0.77
35348	22255	-7.38	-0.74
35349	22255	-6.97	-0.71
35350	22255	-6.57	-0.68
35351	22255	-6.16	-0.65
35364	22255	-8.18	-0.81
35365	22255	-7.78	-0.77
35366	22255	-7.38	-0.74
35367	22255	-6.97	-0.71
35368	22255	-6.57	-0.68
35369	22255	-6.16	-0.65
35370	22255	-5.75	-0.63
35371	22255	-5.34	-0.6
35372	22255	-4.92	-0.57
35385	22255	-6.97	-0.71
35386	22255	-6.57	-0.68
35387	22255	-6.16	-0.65
35388	22255	-5.75	-0.63
35389	22255	-5.34	-0.6
35390	22255	-4.92	-0.57
35391	22255	-4.5	-0.54
35392	22255	-4.09	-0.51
35393	22255	-3.67	-0.48
35406	22255	-4.5	-0.54
35407	22255	-4.09	-0.51
35408	22255	-3.67	-0.48
35409	22255	-3.25	-0.45
35410	22255	-2.83	-0.42
35411	22255	-2.4	-0.41
35412	22255	-1.95	-0.49
35413	22255	-1.48	-0.58
35414	22255	-1.02	-0.67
35553	22268	1.88	6.74
35554	22268	1.77	6.35
35555	22268	1.66	5.97
35556	22268	1.56	5.58
35557	22268	1.46	5.19
35558	22268	1.37	4.8
35559	22268	1.28	4.4
35560	22268	1.19	3.99
35561	22268	1.05	3.55
35553	22269	-5.28	-4.96
35554	22269	-4.99	-4.68
35555	22269	-4.7	-4.41
35556	22269	-4.41	-4.14
35557	22269	-4.11	-3.86
35558	22269	-3.82	-3.59
35559	22269	-3.55	-3.31
35560	22269	-3.29	-3.04
35561	22269	-3.03	-2.79
35574	22268	1.56	5.58
35575	22268	1.46	5.19
35576	22268	1.37	4.8
35577	22268	1.28	4.4
35578	22268	1.19	3.99
35579	22268	1.05	3.55
35580	22268	0.91	3.12
35581	22268	0.77	2.68
35582	22268	0.64	2.25
35574	22269	-4.41	-4.14
35575	22269	-4.11	-3.86
35576	22269	-3.82	-3.59
35577	22269	-3.55	-3.31
35578	22269	-3.29	-3.04
35579	22269	-3.03	-2.79
35580	22269	-2.74	-2.58
35581	22269	-2.44	-2.38
35582	22269	-2.14	-2.19
35595	22268	2.2	7.89
35596	22268	2.09	7.51
35597	22268	1.99	7.12
35598	22268	1.88	6.74
35599	22268	1.77	6.35
35600	22268	1.66	5.97
35601	22268	1.56	5.58
35602	22268	1.46	5.19
35603	22268	1.37	4.8
35595	22269	-6.16	-5.78
35596	22269	-5.87	-5.5
35597	22269	-5.57	-5.23
35598	22269	-5.28	-4.96
35599	22269	-4.99	-4.68
35600	22269	-4.7	-4.41
35601	22269	-4.41	-4.14
35602	22269	-4.11	-3.86
35603	22269	-3.82	-3.59
35616	22268	1.88	6.74
35617	22268	1.77	6.35
35618	22268	1.66	5.97
35619	22268	1.56	5.58
35620	22268	1.46	5.19
35621	22268	1.37	4.8
35622	22268	1.28	4.4
35623	22268	1.19	3.99
35624	22268	1.05	3.55
35616	22269	-5.28	-4.96
35617	22269	-4.99	-4.68
35618	22269	-4.7	-4.41
35619	22269	-4.41	-4.14
35620	22269	-4.11	-3.86
35621	22269	-3.82	-3.59
35622	22269	-3.55	-3.31
35623	22269	-3.29	-3.04
35624	22269	-3.03	-2.79
35637	22268	2.52	9.05
35638	22268	2.42	8.66
35639	22268	2.31	8.28
35640	22268	2.2	7.89
35641	22268	2.09	7.51
35642	22268	1.99	7.12
35643	22268	1.88	6.74
35644	22268	1.77	6.35
35645	22268	1.66	5.97
35637	22269	-7.03	-6.6
35638	22269	-6.74	-6.32
35639	22269	-6.45	-6.05
35640	22269	-6.16	-5.78
35641	22269	-5.87	-5.5
35642	22269	-5.57	-5.23
35643	22269	-5.28	-4.96
35644	22269	-4.99	-4.68
35645	22269	-4.7	-4.41
35658	22268	1.56	5.58
35659	22268	1.46	5.19
35660	22268	1.37	4.8
35661	22268	1.28	4.4
35662	22268	1.19	3.99
35663	22268	1.05	3.55
35664	22268	0.91	3.12
35665	22268	0.77	2.68
35666	22268	0.64	2.25
35658	22269	-4.41	-4.14
35659	22269	-4.11	-3.86
35660	22269	-3.82	-3.59
35661	22269	-3.55	-3.31
35662	22269	-3.29	-3.04
35663	22269	-3.03	-2.79
35664	22269	-2.74	-2.58
35665	22269	-2.44	-2.38
35666	22269	-2.14	-2.19
35679	22268	0.91	3.12
35680	22268	0.77	2.68
35681	22268	0.64	2.25
35682	22268	0.48	1.83
35683	22268	0.14	1.33
35684	22268	-0.23	0.86
35685	22268	-0.61	0.4
35686	22268	-1.0	-0.06
35687	22268	-1.17	-0.46
35679	22269	-2.74	-2.58
35680	22269	-2.44	-2.38
35681	22269	-2.14	-2.19
35682	22269	-1.83	-2.0
35683	22269	-1.54	-1.85
35684	22269	-1.23	-1.72
35685	22269	-0.9	-1.7
35686	22269	-0.6	-1.69
35687	22269	-0.33	-1.68
35973	22284	-0.44	-6.83
35974	22284	-0.41	-6.43
35975	22284	-0.37	-6.03
35976	22284	-0.32	-5.63
35977	22284	-0.27	-5.23
35978	22284	-0.22	-4.81
35979	22284	-0.18	-4.39
35980	22284	-0.11	-4.0
35981	22284	-0.03	-3.62
35973	22285	-3.73	5.85
35974	22285	-3.51	5.51
35975	22285	-3.3	5.17
35976	22285	-3.08	4.84
35977	22285	-2.87	4.5
35978	22285	-2.65	4.16
35979	22285	-2.44	3.82
35980	22285	-2.22	3.49
35981	22285	-2.01	3.15
35973	22288	-3.06	-6.14
35974	22288	-2.89	-5.78
35975	22288	-2.73	-5.43
35976	22288	-2.57	-5.1
35977	22288	-2.42	-4.78
35978	22288	-2.27	-4.46
35979	22288	-2.11	-4.15
35980	22288	-1.96	-3.83
35981	22288	-1.81	-3.51
35994	22284	-0.18	-4.39
35995	22284	-0.11	-4.0
35996	22284	-0.03	-3.62
35997	22284	0.05	-3.25
35998	22284	0.15	-2.92
35999	22284	0.26	-2.61
36000	22284	0.37	-2.3
36001	22284	0.55	-1.94
36002	22284	0.8	-1.54
35994	22285	-2.44	3.82
35995	22285	-2.22	3.49
35996	22285	-2.01	3.15
35997	22285	-1.79	2.81
35998	22285	-1.56	2.48
35999	22285	-1.27	2.14
36000	22285	-0.98	1.8
36001	22285	-0.71	1.39
36002	22285	-0.45	1.05
35994	22288	-2.11	-4.15
35995	22288	-1.96	-3.83
35996	22288	-1.81	-3.51
35997	22288	-1.66	-3.2
35998	22288	-1.51	-2.89
35999	22288	-1.36	-2.57
36000	22288	-1.21	-2.26
36001	22288	-1.1	-1.99
36002	22288	-0.99	-1.74
36015	22284	-0.44	-6.83
36016	22284	-0.41	-6.43
36017	22284	-0.37	-6.03
36018	22284	-0.32	-5.63
36019	22284	-0.27	-5.23
36020	22284	-0.22	-4.81
36021	22284	-0.18	-4.39
36022	22284	-0.11	-4.0
36023	22284	-0.03	-3.62
36015	22285	-3.73	5.85
36016	22285	-3.51	5.51
36017	22285	-3.3	5.17
36018	22285	-3.08	4.84
36019	22285	-2.87	4.5
36020	22285	-2.65	4.16
36021	22285	-2.44	3.82
36022	22285	-2.22	3.49
36023	22285	-2.01	3.15
36015	22288	-3.06	-6.14
36016	22288	-2.89	-5.78
36017	22288	-2.73	-5.43
36018	22288	-2.57	-5.1
36019	22288	-2.42	-4.78
36020	22288	-2.27	-4.46
36021	22288	-2.11	-4.15
36022	22288	-1.96	-3.83
36023	22288	-1.81	-3.51
36036	22284	-0.18	-4.39
36037	22284	-0.11	-4.0
36038	22284	-0.03	-3.62
36039	22284	0.05	-3.25
36040	22284	0.15	-2.92
36041	22284	0.26	-2.61
36042	22284	0.37	-2.3
36043	22284	0.55	-1.94
36044	22284	0.8	-1.54
36036	22285	-2.44	3.82
36037	22285	-2.22	3.49
36038	22285	-2.01	3.15
36039	22285	-1.79	2.81
36040	22285	-1.56	2.48
36041	22285	-1.27	2.14
36042	22285	-0.98	1.8
36043	22285	-0.71	1.39
36044	22285	-0.45	1.05
36036	22288	-2.11	-4.15
36037	22288	-1.96	-3.83
36038	22288	-1.81	-3.51
36039	22288	-1.66	-3.2
36040	22288	-1.51	-2.89
36041	22288	-1.36	-2.57
36042	22288	-1.21	-2.26
36043	22288	-1.1	-1.99
36044	22288	-0.99	-1.74
36057	22284	-0.44	-6.83
36058	22284	-0.41	-6.43
36059	22284	-0.37	-6.03
36060	22284	-0.32	-5.63
36061	22284	-0.27	-5.23
36062	22284	-0.22	-4.81
36063	22284	-0.18	-4.39
36064	22284	-0.11	-4.0
36065	22284	-0.03	-3.62
36057	22285	-3.73	5.85
36058	22285	-3.51	5.51
36059	22285	-3.3	5.17
36060	22285	-3.08	4.84
36061	22285	-2.87	4.5
36062	22285	-2.65	4.16
36063	22285	-2.44	3.82
36064	22285	-2.22	3.49
36065	22285	-2.01	3.15
36057	22288	-3.06	-6.14
36058	22288	-2.89	-5.78
36059	22288	-2.73	-5.43
36060	22288	-2.57	-5.1
36061	22288	-2.42	-4.78
36062	22288	-2.27	-4.46
36063	22288	-2.11	-4.15
36064	22288	-1.96	-3.83
36065	22288	-1.81	-3.51
36078	22284	-0.18	-4.39
36079	22284	-0.11	-4.0
36080	22284	-0.03	-3.62
36081	22284	0.05	-3.25
36082	22284	0.15	-2.92
36083	22284	0.26	-2.61
36084	22284	0.37	-2.3
36085	22284	0.55	-1.94
36086	22284	0.8	-1.54
36078	22285	-2.44	3.82
36079	22285	-2.22	3.49
36080	22285	-2.01	3.15
36081	22285	-1.79	2.81
36082	22285	-1.56	2.48
36083	22285	-1.27	2.14
36084	22285	-0.98	1.8
36085	22285	-0.71	1.39
36086	22285	-0.45	1.05
36078	22288	-2.11	-4.15
36079	22288	-1.96	-3.83
36080	22288	-1.81	-3.51
36081	22288	-1.66	-3.2
36082	22288	-1.51	-2.89
36083	22288	-1.36	-2.57
36084	22288	-1.21	-2.26
36085	22288	-1.1	-1.99
36086	22288	-0.99	-1.74
36099	22284	0.37	-2.3
36100	22284	0.55	-1.94
36101	22284	0.8	-1.54
36102	22284	1.04	-1.13
36103	22284	1.29	-0.73
36104	22284	1.53	-0.32
36105	22284	1.71	0.1
36106	22284	1.74	0.57
36107	22284	1.77	1.05
36099	22285	-0.98	1.8
36100	22285	-0.71	1.39
36101	22285	-0.45	1.05
36102	22285	-0.19	0.7
36103	22285	0.07	0.36
36104	22285	0.33	0.02
36105	22285	0.58	-0.31
36106	22285	0.81	-0.65
36107	22285	1.01	-1.0
36099	22288	-1.21	-2.26
36100	22288	-1.1	-1.99
36101	22288	-0.99	-1.74
36102	22288	-0.88	-1.49
36103	22288	-0.77	-1.24
36104	22288	-0.66	-0.99
36105	22288	-0.55	-0.73
36106	22288	-0.42	-0.48
36107	22288	-0.27	-0.22
36120	22284	-0.44	-6.83
36121	22284	-0.41	-6.43
36122	22284	-0.37	-6.03
36123	22284	-0.32	-5.63
36124	22284	-0.27	-5.23
36125	22284	-0.22	-4.81
36126	22284	-0.18	-4.39
36127	22284	-0.11	-4.0
36128	22284	-0.03	-3.62
36120	22285	-3.73	5.85
36121	22285	-3.51	5.51
36122	22285	-3.3	5.17
36123	22285	-3.08	4.84
36124	22285	-2.87	4.5
36125	22285	-2.65	4.16
36126	22285	-2.44	3.82
36127	22285	-2.22	3.49
36128	22285	-2.01	3.15
36120	22288	-3.06	-6.14
36121	22288	-2.89	-5.78
36122	22288	-2.73	-5.43
36123	22288	-2.57	-5.1
36124	22288	-2.42	-4.78
36125	22288	-2.27	-4.46
36126	22288	-2.11	-4.15
36127	22288	-1.96	-3.83
36128	22288	-1.81	-3.51
36141	22284	0.37	-2.3
36142	22284	0.55	-1.94
36143	22284	0.8	-1.54
36144	22284	1.04	-1.13
36145	22284	1.29	-0.73
36146	22284	1.53	-0.32
36147	22284	1.71	0.1
36148	22284	1.74	0.57
36149	22284	1.77	1.05
36141	22285	-0.98	1.8
36142	22285	-0.71	1.39
36143	22285	-0.45	1.05
36144	22285	-0.19	0.7
36145	22285	0.07	0.36
36146	22285	0.33	0.02
36147	22285	0.58	-0.31
36148	22285	0.81	-0.65
36149	22285	1.01	-1.0
36141	22288	-1.21	-2.26
36142	22288	-1.1	-1.99
36143	22288	-0.99	-1.74
36144	22288	-0.88	-1.49
36145	22288	-0.77	-1.24
36146	22288	-0.66	-0.99
36147	22288	-0.55	-0.73
36148	22288	-0.42	-0.48
36149	22288	-0.27	-0.22
36162	22289	-1.61	-0.8
36163	22289	-1.66	-0.47
36164	22289	-1.71	-0.14
36165	22289	-1.76	0.17
36166	22289	-1.81	0.48
36167	22289	-1.68	0.7
36168	22289	-1.5	0.88
36169	22289	-1.33	1.05
36170	22289	-1.16	1.23
36162	22290	0.54	-1.66
36163	22290	0.54	-1.29
36164	22290	0.53	-0.93
36165	22290	0.53	-0.56
36166	22290	0.52	-0.19
36167	22290	0.48	0.2
36168	22290	0.41	0.63
36169	22290	0.33	1.07
36170	22290	0.26	1.5
36162	22292	1.19	-0.28
36163	22292	1.01	0.05
36164	22292	0.84	0.38
36165	22292	0.66	0.71
36166	22292	0.46	1.04
36167	22292	0.17	1.39
36168	22292	-0.13	1.71
36169	22292	-0.43	2.04
36170	22292	-0.74	2.36
36183	22289	-1.83	-2.62
36184	22289	-1.6	-2.28
36185	22289	-1.56	-2.01
36186	22289	-1.54	-1.76
36187	22289	-1.53	-1.47
36188	22289	-1.56	-1.13
36189	22289	-1.61	-0.8
36190	22289	-1.66	-0.47
36191	22289	-1.71	-0.14
36183	22290	1.03	-3.9
36184	22290	0.93	-3.55
36185	22290	0.83	-3.18
36186	22290	0.73	-2.79
36187	22290	0.63	-2.41
36188	22290	0.55	-2.03
36189	22290	0.54	-1.66
36190	22290	0.54	-1.29
36191	22290	0.53	-0.93
36183	22292	2.78	-2.25
36184	22292	2.47	-1.96
36185	22292	2.15	-1.63
36186	22292	1.83	-1.3
36187	22292	1.57	-0.96
36188	22292	1.37	-0.61
36189	22292	1.19	-0.28
36190	22292	1.01	0.05
36191	22292	0.84	0.38
36204	22289	-3.88	-5.61
36205	22289	-3.65	-5.28
36206	22289	-3.42	-4.95
36207	22289	-3.2	-4.63
36208	22289	-2.97	-4.3
36209	22289	-2.74	-3.97
36210	22289	-2.51	-3.64
36211	22289	-2.29	-3.3
36212	22289	-2.06	-2.96
36204	22290	2.03	-7.23
36205	22290	1.92	-6.85
36206	22290	1.81	-6.46
36207	22290	1.71	-6.08
36208	22290	1.6	-5.69
36209	22290	1.48	-5.32
36210	22290	1.36	-4.95
36211	22290	1.25	-4.59
36212	22290	1.13	-4.24
36204	22292	5.48	-4.73
36205	22292	5.17	-4.47
36206	22292	4.87	-4.21
36207	22292	4.57	-3.95
36208	22292	4.27	-3.68
36209	22292	3.97	-3.41
36210	22292	3.68	-3.13
36211	22292	3.39	-2.85
36212	22292	3.09	-2.55
36288	22301	-7.72	5.31
36289	22301	-7.39	5.08
36290	22301	-7.06	4.85
36291	22301	-6.73	4.63
36292	22301	-6.4	4.4
36293	22301	-6.07	4.17
36294	22301	-5.74	3.95
36295	22301	-5.41	3.72
36296	22301	-5.08	3.49
36309	22310	-7.46	-0.52
36310	22310	-7.06	-0.49
36311	22310	-6.66	-0.47
36312	22310	-6.26	-0.44
36313	22310	-5.86	-0.41
36314	22310	-5.46	-0.38
36315	22310	-5.07	-0.35
36316	22310	-4.67	-0.33
36317	22310	-4.27	-0.3
36330	22310	-2.11	-0.61
36331	22310	-1.93	-0.73
36332	22310	-1.75	-0.86
36333	22310	-1.58	-0.98
36334	22310	-1.4	-1.1
36335	22310	-1.07	-1.11
36336	22310	-0.67	-1.06
36337	22310	-0.28	-1.01
36338	22310	0.11	-0.95
36351	22310	-8.66	-0.61
36352	22310	-8.26	-0.58
36353	22310	-7.86	-0.55
36354	22310	-7.46	-0.52
36355	22310	-7.06	-0.49
36356	22310	-6.66	-0.47
36357	22310	-6.26	-0.44
36358	22310	-5.86	-0.41
36359	22310	-5.46	-0.38
36372	22310	-7.46	-0.52
36373	22310	-7.06	-0.49
36374	22310	-6.66	-0.47
36375	22310	-6.26	-0.44
36376	22310	-5.86	-0.41
36377	22310	-5.46	-0.38
36378	22310	-5.07	-0.35
36379	22310	-4.67	-0.33
36380	22310	-4.27	-0.3
36393	22310	-8.66	-0.61
36394	22310	-8.26	-0.58
36395	22310	-7.86	-0.55
36396	22310	-7.46	-0.52
36397	22310	-7.06	-0.49
36398	22310	-6.66	-0.47
36399	22310	-6.26	-0.44
36400	22310	-5.86	-0.41
36401	22310	-5.46	-0.38
36414	22314	9.76	0.93
36415	22314	9.36	0.89
36416	22314	8.96	0.85
36417	22314	8.56	0.81
36418	22314	8.16	0.78
36419	22314	7.77	0.74
36420	22314	7.37	0.69
36421	22314	6.97	0.64
36422	22314	6.57	0.59
36435	22314	2.43	0.01
36436	22314	1.92	0.03
36437	22314	1.32	0.07
36438	22314	0.78	0.1
36439	22314	0.31	0.1
36440	22314	-0.13	0.09
36441	22314	-0.54	0.07
36442	22314	-0.94	0.03
36443	22314	-1.33	-0.02
36456	22314	0.78	0.1
36457	22314	0.31	0.1
36458	22314	-0.13	0.09
36459	22314	-0.54	0.07
36460	22314	-0.94	0.03
36461	22314	-1.33	-0.02
36462	22314	-1.73	-0.06
36463	22314	-2.13	-0.1
36464	22314	-2.53	-0.15
36477	22314	8.56	0.81
36478	22314	8.16	0.78
36479	22314	7.77	0.74
36480	22314	7.37	0.69
36481	22314	6.97	0.64
36482	22314	6.57	0.59
36483	22314	6.17	0.54
36484	22314	5.76	0.48
36485	22314	5.36	0.42
36498	22314	7.37	0.69
36499	22314	6.97	0.64
36500	22314	6.57	0.59
36501	22314	6.17	0.54
36502	22314	5.76	0.48
36503	22314	5.36	0.42
36504	22314	4.95	0.35
36505	22314	4.53	0.29
36506	22314	4.12	0.24
36519	22314	8.56	0.81
36520	22314	8.16	0.78
36521	22314	7.77	0.74
36522	22314	7.37	0.69
36523	22314	6.97	0.64
36524	22314	6.57	0.59
36525	22314	6.17	0.54
36526	22314	5.76	0.48
36527	22314	5.36	0.42
36540	22317	2.23	1.85
36541	22317	1.88	1.61
36542	22317	1.53	1.37
36543	22317	1.07	1.12
36544	22317	0.66	0.86
36545	22317	0.23	0.6
36546	22317	-0.2	0.35
36547	22317	-0.63	0.09
36548	22317	-1.01	-0.18
36561	22317	1.07	1.12
36562	22317	0.66	0.86
36563	22317	0.23	0.6
36564	22317	-0.2	0.35
36565	22317	-0.63	0.09
36566	22317	-1.01	-0.18
36567	22317	-1.34	-0.43
36568	22317	-1.66	-0.69
36569	22317	-1.98	-0.94
36582	22324	3.5	7.85
36583	22324	3.33	7.49
36584	22324	3.16	7.12
36585	22324	2.98	6.76
36586	22324	2.8	6.4
36587	22324	2.62	6.04
36588	22324	2.44	5.68
36589	22324	2.25	5.32
36590	22324	2.06	4.95
36603	22324	2.44	5.68
36604	22324	2.25	5.32
36605	22324	2.06	4.95
36606	22324	1.87	4.58
36607	22324	1.68	4.21
36608	22324	1.49	3.84
36609	22324	1.3	3.46
36610	22324	1.13	3.08
36611	22324	0.95	2.78
36624	22324	0.3	1.86
36625	22324	0.19	1.65
36626	22324	0.09	1.43
36627	22324	0.0	1.2
36628	22324	-0.08	0.97
36629	22324	-0.16	0.72
36630	22324	-0.23	0.46
36631	22324	-0.31	0.19
36632	22324	-0.46	-0.11
36645	22324	2.44	5.68
36646	22324	2.25	5.32
36647	22324	2.06	4.95
36648	22324	1.87	4.58
36649	22324	1.68	4.21
36650	22324	1.49	3.84
36651	22324	1.3	3.46
36652	22324	1.13	3.08
36653	22324	0.95	2.78
36666	22333	0.39	9.12
36667	22333	0.37	8.73
36668	22333	0.36	8.33
36669	22333	0.34	7.93
36670	22333	0.32	7.53
36671	22333	0.31	7.13
36672	22333	0.29	6.73
36673	22333	0.29	6.32
36674	22333	0.28	5.92
36687	22333	0.29	6.73
36688	22333	0.29	6.32
36689	22333	0.28	5.92
36690	22333	0.28	5.51
36691	22333	0.28	5.09
36692	22333	0.28	4.68
36693	22333	0.28	4.26
36694	22333	0.27	3.83
36695	22333	0.26	3.41
36708	22333	0.23	0.01
36709	22333	0.25	-0.55
36710	22333	0.27	-1.12
36711	22333	0.27	-1.64
36712	22333	0.24	-2.07
36713	22333	0.21	-2.49
36714	22333	0.17	-2.88
36715	22333	0.14	-3.28
36716	22333	0.1	-3.68
36729	22333	0.17	-2.88
36730	22333	0.14	-3.28
36731	22333	0.1	-3.68
36732	22333	0.07	-4.08
36733	22333	0.03	-4.48
36734	22333	-0.0	-4.88
36735	22333	-0.04	-5.27
36736	22333	-0.07	-5.67
36737	22333	-0.11	-6.07
36750	22333	0.07	-4.08
36751	22333	0.03	-4.48
36752	22333	-0.0	-4.88
36753	22333	-0.04	-5.27
36754	22333	-0.07	-5.67
36755	22333	-0.11	-6.07
36756	22333	-0.14	-6.47
36757	22333	-0.18	-6.87
36758	22333	-0.21	-7.27
36771	22333	0.34	7.93
36772	22333	0.32	7.53
36773	22333	0.31	7.13
36774	22333	0.29	6.73
36775	22333	0.29	6.32
36776	22333	0.28	5.92
36777	22333	0.28	5.51
36778	22333	0.28	5.09
36779	22333	0.28	4.68
36792	22333	0.28	5.51
36793	22333	0.28	5.09
36794	22333	0.28	4.68
36795	22333	0.28	4.26
36796	22333	0.27	3.83
36797	22333	0.26	3.41
36798	22333	0.26	2.99
36799	22333	0.24	2.56
36800	22333	0.23	2.13
36813	22333	0.26	2.99
36814	22333	0.24	2.56
36815	22333	0.23	2.13
36816	22333	0.18	1.69
36817	22333	0.18	1.14
36818	22333	0.21	0.57
36819	22333	0.23	0.01
36820	22333	0.25	-0.55
36821	22333	0.27	-1.12
36834	22333	0.34	7.93
36835	22333	0.32	7.53
36836	22333	0.31	7.13
36837	22333	0.29	6.73
36838	22333	0.29	6.32
36839	22333	0.28	5.92
36840	22333	0.28	5.51
36841	22333	0.28	5.09
36842	22333	0.28	4.68
36855	22333	0.28	5.51
36856	22333	0.28	5.09
36857	22333	0.28	4.68
36858	22333	0.28	4.26
36859	22333	0.27	3.83
36860	22333	0.26	3.41
36861	22333	0.26	2.99
36862	22333	0.24	2.56
36863	22333	0.23	2.13
36876	22333	0.29	6.73
36877	22333	0.29	6.32
36878	22333	0.28	5.92
36879	22333	0.28	5.51
36880	22333	0.28	5.09
36881	22333	0.28	4.68
36882	22333	0.28	4.26
36883	22333	0.27	3.83
36884	22333	0.26	3.41
36897	22333	0.29	6.73
36898	22333	0.29	6.32
36899	22333	0.28	5.92
36900	22333	0.28	5.51
36901	22333	0.28	5.09
36902	22333	0.28	4.68
36903	22333	0.28	4.26
36904	22333	0.27	3.83
36905	22333	0.26	3.41
37002	22355	4.34	-5.29
37003	22355	4.09	-4.98
37004	22355	3.83	-4.67
37005	22355	3.58	-4.36
37006	22355	3.32	-4.06
37007	22355	3.05	-3.76
37008	22355	2.78	-3.47
37009	22355	2.49	-3.18
37010	22355	2.19	-2.86
37002	22357	6.89	-1.43
37003	22357	6.5	-1.35
37004	22357	6.11	-1.27
37005	22357	5.72	-1.19
37006	22357	5.33	-1.1
37007	22357	4.95	-1.01
37008	22357	4.58	-0.91
37009	22357	4.23	-0.81
37010	22357	3.88	-0.74
37023	22355	3.58	-4.36
37024	22355	3.32	-4.06
37025	22355	3.05	-3.76
37026	22355	2.78	-3.47
37027	22355	2.49	-3.18
37028	22355	2.19	-2.86
37029	22355	1.9	-2.54
37030	22355	1.6	-2.22
37031	22355	1.32	-1.81
37023	22357	5.72	-1.19
37024	22357	5.33	-1.1
37025	22357	4.95	-1.01
37026	22357	4.58	-0.91
37027	22357	4.23	-0.81
37028	22357	3.88	-0.74
37029	22357	3.53	-0.67
37030	22357	3.18	-0.6
37031	22357	2.83	-0.53
37044	22355	5.1	-6.22
37045	22355	4.85	-5.91
37046	22355	4.59	-5.6
37047	22355	4.34	-5.29
37048	22355	4.09	-4.98
37049	22355	3.83	-4.67
37050	22355	3.58	-4.36
37051	22355	3.32	-4.06
37052	22355	3.05	-3.76
37044	22357	8.07	-1.68
37045	22357	7.68	-1.6
37046	22357	7.28	-1.51
37047	22357	6.89	-1.43
37048	22357	6.5	-1.35
37049	22357	6.11	-1.27
37050	22357	5.72	-1.19
37051	22357	5.33	-1.1
37052	22357	4.95	-1.01
37065	22355	4.34	-5.29
37066	22355	4.09	-4.98
37067	22355	3.83	-4.67
37068	22355	3.58	-4.36
37069	22355	3.32	-4.06
37070	22355	3.05	-3.76
37071	22355	2.78	-3.47
37072	22355	2.49	-3.18
37073	22355	2.19	-2.86
37065	22357	6.89	-1.43
37066	22357	6.5	-1.35
37067	22357	6.11	-1.27
37068	22357	5.72	-1.19
37069	22357	5.33	-1.1
37070	22357	4.95	-1.01
37071	22357	4.58	-0.91
37072	22357	4.23	-0.81
37073	22357	3.88	-0.74
37086	22355	3.58	-4.36
37087	22355	3.32	-4.06
37088	22355	3.05	-3.76
37089	22355	2.78	-3.47
37090	22355	2.49	-3.18
37091	22355	2.19	-2.86
37092	22355	1.9	-2.54
37093	22355	1.6	-2.22
37094	22355	1.32	-1.81
37086	22357	5.72	-1.19
37087	22357	5.33	-1.1
37088	22357	4.95	-1.01
37089	22357	4.58	-0.91
37090	22357	4.23	-0.81
37091	22357	3.88	-0.74
37092	22357	3.53	-0.67
37093	22357	3.18	-0.6
37094	22357	2.83	-0.53
37107	22355	1.9	-2.54
37108	22355	1.6	-2.22
37109	22355	1.32	-1.81
37110	22355	1.05	-1.41
37111	22355	0.84	-0.88
37112	22355	0.68	-0.33
37113	22355	0.52	0.21
37114	22355	0.36	0.76
37115	22355	0.15	1.26
37107	22357	3.53	-0.67
37108	22357	3.18	-0.6
37109	22357	2.83	-0.53
37110	22357	2.48	-0.46
37111	22357	2.17	-0.44
37112	22357	1.88	-0.51
37113	22357	1.59	-0.57
37114	22357	1.31	-0.64
37115	22357	1.02	-0.71
37128	22358	8.13	-1.99
37129	22358	7.74	-1.9
37130	22358	7.36	-1.8
37131	22358	6.97	-1.71
37132	22358	6.58	-1.62
37133	22358	6.2	-1.53
37134	22358	5.82	-1.45
37135	22358	5.44	-1.36
37136	22358	5.06	-1.27
37149	22358	6.97	-1.71
37150	22358	6.58	-1.62
37151	22358	6.2	-1.53
37152	22358	5.82	-1.45
37153	22358	5.44	-1.36
37154	22358	5.06	-1.27
37155	22358	4.68	-1.18
37156	22358	4.31	-1.09
37157	22358	3.93	-1.0
37170	22358	2.6	-0.75
37171	22358	2.29	-0.62
37172	22358	1.96	-0.48
37173	22358	1.61	-0.35
37174	22358	1.26	-0.22
37175	22358	0.91	-0.1
37176	22358	0.56	0.03
37177	22358	0.21	0.16
37178	22358	-0.14	0.29
37191	22358	5.82	-1.45
37192	22358	5.44	-1.36
37193	22358	5.06	-1.27
37194	22358	4.68	-1.18
37195	22358	4.31	-1.09
37196	22358	3.93	-1.0
37197	22358	3.58	-0.93
37198	22358	3.25	-0.89
37199	22358	2.91	-0.86
37212	22358	6.97	-1.71
37213	22358	6.58	-1.62
37214	22358	6.2	-1.53
37215	22358	5.82	-1.45
37216	22358	5.44	-1.36
37217	22358	5.06	-1.27
37218	22358	4.68	-1.18
37219	22358	4.31	-1.09
37220	22358	3.93	-1.0
37233	22364	4.98	6.64
37234	22364	4.74	6.32
37235	22364	4.5	6.0
37236	22364	4.26	5.68
37237	22364	4.02	5.36
37238	22364	3.77	5.04
37239	22364	3.52	4.73
37240	22364	3.26	4.41
37241	22364	2.99	4.08
37254	22364	2.72	3.73
37255	22364	2.41	3.39
37256	22364	2.09	3.05
37257	22364	1.77	2.71
37258	22364	1.45	2.36
37259	22364	1.12	2.02
37260	22364	0.59	1.75
37261	22364	0.21	1.47
37262	22364	-0.16	1.15
37275	22364	0.59	1.75
37276	22364	0.21	1.47
37277	22364	-0.16	1.15
37278	22364	-0.53	0.82
37279	22364	-0.88	0.49
37280	22364	-1.18	0.14
37281	22364	-1.47	-0.24
37282	22364	-1.76	-0.61
37283	22364	-1.98	-0.97
37296	22364	-0.53	0.82
37297	22364	-0.88	0.49
37298	22364	-1.18	0.14
37299	22364	-1.47	-0.24
37300	22364	-1.76	-0.61
37301	22364	-1.98	-0.97
37302	22364	-2.18	-1.32
37303	22364	-2.38	-1.66
37304	22364	-2.57	-2.01
37317	22364	4.26	5.68
37318	22364	4.02	5.36
37319	22364	3.77	5.04
37320	22364	3.52	4.73
37321	22364	3.26	4.41
37322	22364	2.99	4.08
37323	22364	2.72	3.73
37324	22364	2.41	3.39
37325	22364	2.09	3.05
37338	22364	1.77	2.71
37339	22364	1.45	2.36
37340	22364	1.12	2.02
37341	22364	0.59	1.75
37342	22364	0.21	1.47
37343	22364	-0.16	1.15
37344	22364	-0.53	0.82
37345	22364	-0.88	0.49
37346	22364	-1.18	0.14
37464	22374	8.21	-2.78
37465	22374	7.83	-2.65
37466	22374	7.45	-2.52
37467	22374	7.08	-2.39
37468	22374	6.7	-2.27
37469	22374	6.32	-2.14
37470	22374	5.94	-2.01
37471	22374	5.56	-1.88
37472	22374	5.18	-1.75
37485	22374	4.8	-1.62
37486	22374	4.43	-1.49
37487	22374	4.07	-1.33
37488	22374	3.71	-1.16
37489	22374	3.35	-0.98
37490	22374	2.99	-0.79
37491	22374	2.7	-0.58
37492	22374	2.4	-0.36
37493	22374	2.1	-0.15
37506	22379	-4.45	-4.1
37507	22379	-4.15	-3.85
37508	22379	-3.86	-3.6
37509	22379	-3.57	-3.34
37510	22379	-3.28	-3.08
37511	22379	-3.01	-2.84
37512	22379	-2.72	-2.62
37513	22379	-2.43	-2.44
37514	22379	-2.15	-2.28
37506	22383	5.97	0.81
37507	22383	5.57	0.76
37508	22383	5.18	0.71
37509	22383	4.78	0.65
37510	22383	4.38	0.6
37511	22383	3.99	0.54
37512	22383	3.59	0.49
37513	22383	3.2	0.44
37514	22383	2.75	0.45
37527	22379	-0.08	-1.19
37528	22379	0.26	-1.0
37529	22379	0.59	-0.81
37530	22379	0.92	-0.62
37531	22379	1.26	-0.42
37532	22379	1.59	-0.23
37533	22379	1.93	-0.03
37534	22379	2.23	0.2
37535	22379	2.46	0.5
37527	22383	-0.55	0.86
37528	22383	-0.92	0.85
37529	22383	-1.31	0.75
37530	22383	-1.69	0.66
37531	22383	-2.08	0.56
37532	22383	-2.47	0.47
37533	22383	-2.86	0.37
37534	22383	-3.25	0.28
37535	22383	-3.64	0.18
37548	22379	-0.99	-1.68
37549	22379	-0.71	-1.54
37550	22379	-0.41	-1.38
37551	22379	-0.08	-1.19
37552	22379	0.26	-1.0
37553	22379	0.59	-0.81
37554	22379	0.92	-0.62
37555	22379	1.26	-0.42
37556	22379	1.59	-0.23
37548	22383	0.77	0.68
37549	22383	0.24	0.76
37550	22383	-0.21	0.82
37551	22383	-0.55	0.86
37552	22383	-0.92	0.85
37553	22383	-1.31	0.75
37554	22383	-1.69	0.66
37555	22383	-2.08	0.56
37556	22383	-2.47	0.47
37569	22379	-4.45	-4.1
37570	22379	-4.15	-3.85
37571	22379	-3.86	-3.6
37572	22379	-3.57	-3.34
37573	22379	-3.28	-3.08
37574	22379	-3.01	-2.84
37575	22379	-2.72	-2.62
37576	22379	-2.43	-2.44
37577	22379	-2.15	-2.28
37569	22383	5.97	0.81
37570	22383	5.57	0.76
37571	22383	5.18	0.71
37572	22383	4.78	0.65
37573	22383	4.38	0.6
37574	22383	3.99	0.54
37575	22383	3.59	0.49
37576	22383	3.2	0.44
37577	22383	2.75	0.45
37590	22379	-4.45	-4.1
37591	22379	-4.15	-3.85
37592	22379	-3.86	-3.6
37593	22379	-3.57	-3.34
37594	22379	-3.28	-3.08
37595	22379	-3.01	-2.84
37596	22379	-2.72	-2.62
37597	22379	-2.43	-2.44
37598	22379	-2.15	-2.28
37590	22383	5.97	0.81
37591	22383	5.57	0.76
37592	22383	5.18	0.71
37593	22383	4.78	0.65
37594	22383	4.38	0.6
37595	22383	3.99	0.54
37596	22383	3.59	0.49
37597	22383	3.2	0.44
37598	22383	2.75	0.45
37800	22397	4.25	-1.81
37801	22397	3.92	-1.66
37802	22397	3.61	-1.52
37803	22397	3.31	-1.37
37804	22397	3.02	-1.23
37805	22397	2.74	-1.1
37806	22397	2.5	-1.04
37807	22397	2.26	-1.0
37808	22397	2.06	-0.98
37821	22397	6.4	-2.79
37822	22397	6.03	-2.63
37823	22397	5.66	-2.47
37824	22397	5.3	-2.31
37825	22397	4.94	-2.14
37826	22397	4.59	-1.97
37827	22397	4.25	-1.81
37828	22397	3.92	-1.66
37829	22397	3.61	-1.52
37842	22397	4.25	-1.81
37843	22397	3.92	-1.66
37844	22397	3.61	-1.52
37845	22397	3.31	-1.37
37846	22397	3.02	-1.23
37847	22397	2.74	-1.1
37848	22397	2.5	-1.04
37849	22397	2.26	-1.0
37850	22397	2.06	-0.98
37863	22397	2.5	-1.04
37864	22397	2.26	-1.0
37865	22397	2.06	-0.98
37866	22397	1.86	-0.95
37867	22397	1.66	-0.93
37868	22397	1.47	-0.91
37869	22397	1.27	-0.88
37870	22397	1.08	-0.86
37871	22397	0.88	-0.82
37884	22397	8.6	-3.75
37885	22397	8.23	-3.59
37886	22397	7.86	-3.43
37887	22397	7.5	-3.27
37888	22397	7.13	-3.11
37889	22397	6.76	-2.95
37890	22397	6.4	-2.79
37891	22397	6.03	-2.63
37892	22397	5.66	-2.47
37905	22397	5.3	-2.31
37906	22397	4.94	-2.14
37907	22397	4.59	-1.97
37908	22397	4.25	-1.81
37909	22397	3.92	-1.66
37910	22397	3.61	-1.52
37911	22397	3.31	-1.37
37912	22397	3.02	-1.23
37913	22397	2.74	-1.1
38367	22416	6.01	4.42
38368	22416	5.69	4.18
38369	22416	5.37	3.94
38370	22416	5.04	3.71
38371	22416	4.72	3.47
38372	22416	4.4	3.23
38373	22416	4.08	3.0
38374	22416	3.75	2.76
38375	22416	3.43	2.52
38472	22424	0.53	1.45
38473	22424	0.5	1.24
38474	22424	0.47	1.03
38475	22424	0.43	0.82
38476	22424	0.4	0.62
38477	22424	0.37	0.41
38478	22424	0.33	0.2
38479	22424	0.19	-0.15
38480	22424	0.07	-0.53
38493	22424	2.38	8.1
38494	22424	2.27	7.71
38495	22424	2.15	7.33
38496	22424	2.04	6.95
38497	22424	1.93	6.56
38498	22424	1.82	6.18
38499	22424	1.7	5.79
38500	22424	1.59	5.41
38501	22424	1.48	5.03
38934	22442	-0.88	-7.07
38935	22442	-0.81	-6.67
38936	22442	-0.75	-6.26
38937	22442	-0.68	-5.86
38938	22442	-0.62	-5.45
38939	22442	-0.55	-5.04
38940	22442	-0.49	-4.62
38941	22442	-0.42	-4.21
38942	22442	-0.36	-3.8
38934	22445	-6.37	-3.87
38935	22445	-6.03	-3.67
38936	22445	-5.69	-3.46
38937	22445	-5.35	-3.25
38938	22445	-5.01	-3.04
38939	22445	-4.66	-2.83
38940	22445	-4.33	-2.62
38941	22445	-4.04	-2.41
38942	22445	-3.78	-2.21
38955	22442	0.83	-0.15
38956	22442	1.0	0.18
38957	22442	1.18	0.58
38958	22442	1.35	1.02
38959	22442	1.52	1.46
38960	22442	1.69	1.91
38961	22442	1.86	2.35
38962	22442	2.03	2.8
38963	22442	2.2	3.25
38955	22445	-1.64	0.64
38956	22445	-1.48	0.97
38957	22445	-1.33	1.3
38958	22445	-1.17	1.63
38959	22445	-1.02	1.95
38960	22445	-0.82	2.2
38961	22445	-0.6	2.42
38962	22445	-0.38	2.66
38963	22445	-0.17	2.9
38976	22442	1.35	1.02
38977	22442	1.52	1.46
38978	22442	1.69	1.91
38979	22442	1.86	2.35
38980	22442	2.03	2.8
38981	22442	2.2	3.25
38982	22442	2.36	3.7
38983	22442	2.53	4.15
38984	22442	2.65	4.64
38976	22445	-1.17	1.63
38977	22445	-1.02	1.95
38978	22445	-0.82	2.2
38979	22445	-0.6	2.42
38980	22445	-0.38	2.66
38981	22445	-0.17	2.9
38982	22445	0.05	3.14
38983	22445	0.26	3.38
38984	22445	0.52	3.64
38997	22442	-0.88	-7.07
38998	22442	-0.81	-6.67
38999	22442	-0.75	-6.26
39000	22442	-0.68	-5.86
39001	22442	-0.62	-5.45
39002	22442	-0.55	-5.04
39003	22442	-0.49	-4.62
39004	22442	-0.42	-4.21
39005	22442	-0.36	-3.8
38997	22445	-6.37	-3.87
38998	22445	-6.03	-3.67
38999	22445	-5.69	-3.46
39000	22445	-5.35	-3.25
39001	22445	-5.01	-3.04
39002	22445	-4.66	-2.83
39003	22445	-4.33	-2.62
39004	22445	-4.04	-2.41
39005	22445	-3.78	-2.21
39144	22452	-8.36	4.49
39145	22452	-8.0	4.3
39146	22452	-7.65	4.11
39147	22452	-7.3	3.92
39148	22452	-6.95	3.73
39149	22452	-6.59	3.54
39150	22452	-6.24	3.36
39151	22452	-5.89	3.17
39152	22452	-5.54	2.98
39165	22452	-6.24	3.36
39166	22452	-5.89	3.17
39167	22452	-5.54	2.98
39168	22452	-5.18	2.79
39169	22452	-4.83	2.6
39170	22452	-4.48	2.41
39171	22452	-4.13	2.23
39172	22452	-3.76	2.07
39173	22452	-3.39	1.91
39186	22456	-5.38	-6.89
39187	22456	-5.14	-6.57
39188	22456	-4.89	-6.26
39189	22456	-4.64	-5.94
39190	22456	-4.4	-5.63
39191	22456	-4.15	-5.31
39192	22456	-3.9	-5.0
39193	22456	-3.66	-4.68
39194	22456	-3.41	-4.37
39186	22457	-5.16	6.88
39187	22457	-4.92	6.56
39188	22457	-4.68	6.24
39189	22457	-4.44	5.92
39190	22457	-4.2	5.6
39191	22457	-3.96	5.28
39192	22457	-3.72	4.96
39193	22457	-3.48	4.64
39194	22457	-3.24	4.32
39207	22456	-4.64	-5.94
39208	22456	-4.4	-5.63
39209	22456	-4.15	-5.31
39210	22456	-3.9	-5.0
39211	22456	-3.66	-4.68
39212	22456	-3.41	-4.37
39213	22456	-3.17	-4.05
39214	22456	-2.93	-3.73
39215	22456	-2.71	-3.41
39207	22457	-4.44	5.92
39208	22457	-4.2	5.6
39209	22457	-3.96	5.28
39210	22457	-3.72	4.96
39211	22457	-3.48	4.64
39212	22457	-3.24	4.32
39213	22457	-3.0	4.0
39214	22457	-2.76	3.68
39215	22457	-2.52	3.36
39228	22456	-2.5	-3.08
39229	22456	-2.28	-2.73
39230	22456	-2.05	-2.35
39231	22456	-1.89	-1.89
39232	22456	-1.77	-1.45
39233	22456	-1.62	-0.99
39234	22456	-1.46	-0.53
39235	22456	-1.29	-0.06
39236	22456	-1.12	0.41
39228	22457	-2.28	3.04
39229	22457	-2.04	2.72
39230	22457	-1.8	2.4
39231	22457	-1.56	2.08
39232	22457	-1.27	1.78
39233	22457	-0.98	1.64
39234	22457	-0.69	1.49
39235	22457	-0.37	1.33
39236	22457	-0.05	1.18
39249	22456	-4.64	-5.94
39250	22456	-4.4	-5.63
39251	22456	-4.15	-5.31
39252	22456	-3.9	-5.0
39253	22456	-3.66	-4.68
39254	22456	-3.41	-4.37
39255	22456	-3.17	-4.05
39256	22456	-2.93	-3.73
39257	22456	-2.71	-3.41
39249	22457	-4.44	5.92
39250	22457	-4.2	5.6
39251	22457	-3.96	5.28
39252	22457	-3.72	4.96
39253	22457	-3.48	4.64
39254	22457	-3.24	4.32
39255	22457	-3.0	4.0
39256	22457	-2.76	3.68
39257	22457	-2.52	3.36
39270	22456	-4.64	-5.94
39271	22456	-4.4	-5.63
39272	22456	-4.15	-5.31
39273	22456	-3.9	-5.0
39274	22456	-3.66	-4.68
39275	22456	-3.41	-4.37
39276	22456	-3.17	-4.05
39277	22456	-2.93	-3.73
39278	22456	-2.71	-3.41
39270	22457	-4.44	5.92
39271	22457	-4.2	5.6
39272	22457	-3.96	5.28
39273	22457	-3.72	4.96
39274	22457	-3.48	4.64
39275	22457	-3.24	4.32
39276	22457	-3.0	4.0
39277	22457	-2.76	3.68
39278	22457	-2.52	3.36
39291	22456	-3.9	-5.0
39292	22456	-3.66	-4.68
39293	22456	-3.41	-4.37
39294	22456	-3.17	-4.05
39295	22456	-2.93	-3.73
39296	22456	-2.71	-3.41
39297	22456	-2.5	-3.08
39298	22456	-2.28	-2.73
39299	22456	-2.05	-2.35
39291	22457	-3.72	4.96
39292	22457	-3.48	4.64
39293	22457	-3.24	4.32
39294	22457	-3.0	4.0
39295	22457	-2.76	3.68
39296	22457	-2.52	3.36
39297	22457	-2.28	3.04
39298	22457	-2.04	2.72
39299	22457	-1.8	2.4
39312	22456	-5.38	-6.89
39313	22456	-5.14	-6.57
39314	22456	-4.89	-6.26
39315	22456	-4.64	-5.94
39316	22456	-4.4	-5.63
39317	22456	-4.15	-5.31
39318	22456	-3.9	-5.0
39319	22456	-3.66	-4.68
39320	22456	-3.41	-4.37
39312	22457	-5.16	6.88
39313	22457	-4.92	6.56
39314	22457	-4.68	6.24
39315	22457	-4.44	5.92
39316	22457	-4.2	5.6
39317	22457	-3.96	5.28
39318	22457	-3.72	4.96
39319	22457	-3.48	4.64
39320	22457	-3.24	4.32
39333	22456	-4.64	-5.94
39334	22456	-4.4	-5.63
39335	22456	-4.15	-5.31
39336	22456	-3.9	-5.0
39337	22456	-3.66	-4.68
39338	22456	-3.41	-4.37
39339	22456	-3.17	-4.05
39340	22456	-2.93	-3.73
39341	22456	-2.71	-3.41
39333	22457	-4.44	5.92
39334	22457	-4.2	5.6
39335	22457	-3.96	5.28
39336	22457	-3.72	4.96
39337	22457	-3.48	4.64
39338	22457	-3.24	4.32
39339	22457	-3.0	4.0
39340	22457	-2.76	3.68
39341	22457	-2.52	3.36
39354	22456	-3.9	-5.0
39355	22456	-3.66	-4.68
39356	22456	-3.41	-4.37
39357	22456	-3.17	-4.05
39358	22456	-2.93	-3.73
39359	22456	-2.71	-3.41
39360	22456	-2.5	-3.08
39361	22456	-2.28	-2.73
39362	22456	-2.05	-2.35
39354	22457	-3.72	4.96
39355	22457	-3.48	4.64
39356	22457	-3.24	4.32
39357	22457	-3.0	4.0
39358	22457	-2.76	3.68
39359	22457	-2.52	3.36
39360	22457	-2.28	3.04
39361	22457	-2.04	2.72
39362	22457	-1.8	2.4
39375	22456	-2.5	-3.08
39376	22456	-2.28	-2.73
39377	22456	-2.05	-2.35
39378	22456	-1.89	-1.89
39379	22456	-1.77	-1.45
39380	22456	-1.62	-0.99
39381	22456	-1.46	-0.53
39382	22456	-1.29	-0.06
39383	22456	-1.12	0.41
39375	22457	-2.28	3.04
39376	22457	-2.04	2.72
39377	22457	-1.8	2.4
39378	22457	-1.56	2.08
39379	22457	-1.27	1.78
39380	22457	-0.98	1.64
39381	22457	-0.69	1.49
39382	22457	-0.37	1.33
39383	22457	-0.05	1.18
39396	22456	-1.89	-1.89
39397	22456	-1.77	-1.45
39398	22456	-1.62	-0.99
39399	22456	-1.46	-0.53
39400	22456	-1.29	-0.06
39401	22456	-1.12	0.41
39402	22456	-0.9	0.76
39403	22456	-0.64	1.04
39404	22456	-0.35	1.32
39396	22457	-1.56	2.08
39397	22457	-1.27	1.78
39398	22457	-0.98	1.64
39399	22457	-0.69	1.49
39400	22457	-0.37	1.33
39401	22457	-0.05	1.18
39402	22457	0.27	1.02
39403	22457	0.61	0.83
39404	22457	0.98	0.61
39417	22456	-5.38	-6.89
39418	22456	-5.14	-6.57
39419	22456	-4.89	-6.26
39420	22456	-4.64	-5.94
39421	22456	-4.4	-5.63
39422	22456	-4.15	-5.31
39423	22456	-3.9	-5.0
39424	22456	-3.66	-4.68
39425	22456	-3.41	-4.37
39417	22457	-5.16	6.88
39418	22457	-4.92	6.56
39419	22457	-4.68	6.24
39420	22457	-4.44	5.92
39421	22457	-4.2	5.6
39422	22457	-3.96	5.28
39423	22457	-3.72	4.96
39424	22457	-3.48	4.64
39425	22457	-3.24	4.32
39438	22456	-3.9	-5.0
39439	22456	-3.66	-4.68
39440	22456	-3.41	-4.37
39441	22456	-3.17	-4.05
39442	22456	-2.93	-3.73
39443	22456	-2.71	-3.41
39444	22456	-2.5	-3.08
39445	22456	-2.28	-2.73
39446	22456	-2.05	-2.35
39438	22457	-3.72	4.96
39439	22457	-3.48	4.64
39440	22457	-3.24	4.32
39441	22457	-3.0	4.0
39442	22457	-2.76	3.68
39443	22457	-2.52	3.36
39444	22457	-2.28	3.04
39445	22457	-2.04	2.72
39446	22457	-1.8	2.4
39501	22474	-4.11	4.12
39502	22474	-3.83	3.84
39503	22474	-3.54	3.55
39504	22474	-3.26	3.27
39505	22474	-2.98	2.94
39506	22474	-2.7	2.6
39507	22474	-2.41	2.27
39508	22474	-2.13	1.94
39509	22474	-1.85	1.58
39522	22474	-2.41	2.27
39523	22474	-2.13	1.94
39524	22474	-1.85	1.58
39525	22474	-1.59	1.22
39526	22474	-1.49	0.77
39527	22474	-1.4	0.31
39528	22474	-1.3	-0.14
39529	22474	-1.22	-0.59
39530	22474	-1.1	-1.03
39543	22474	-1.59	1.22
39544	22474	-1.49	0.77
39545	22474	-1.4	0.31
39546	22474	-1.3	-0.14
39547	22474	-1.22	-0.59
39548	22474	-1.1	-1.03
39549	22474	-0.79	-1.29
39550	22474	-0.47	-1.52
39551	22474	-0.15	-1.76
39564	22474	-1.3	-0.14
39565	22474	-1.22	-0.59
39566	22474	-1.1	-1.03
39567	22474	-0.79	-1.29
39568	22474	-0.47	-1.52
39569	22474	-0.15	-1.76
39570	22474	0.18	-2.0
39571	22474	0.5	-2.23
39572	22474	0.82	-2.47
39585	22474	-5.8	5.82
39586	22474	-5.52	5.54
39587	22474	-5.24	5.25
39588	22474	-4.96	4.97
39589	22474	-4.67	4.69
39590	22474	-4.39	4.4
39591	22474	-4.11	4.12
39592	22474	-3.83	3.84
39593	22474	-3.54	3.55
39606	22474	-3.26	3.27
39607	22474	-2.98	2.94
39608	22474	-2.7	2.6
39609	22474	-2.41	2.27
39610	22474	-2.13	1.94
39611	22474	-1.85	1.58
39612	22474	-1.59	1.22
39613	22474	-1.49	0.77
39614	22474	-1.4	0.31
39879	22492	1.35	4.89
39880	22492	1.24	4.51
39881	22492	1.14	4.12
39882	22492	1.03	3.74
39883	22492	0.92	3.35
39884	22492	0.85	2.92
39885	22492	0.79	2.62
39886	22492	0.7	2.45
39887	22492	0.61	2.28
39900	22492	1.03	3.74
39901	22492	0.92	3.35
39902	22492	0.85	2.92
39903	22492	0.79	2.62
39904	22492	0.7	2.45
39905	22492	0.61	2.28
39906	22492	0.52	2.12
39907	22492	0.53	1.94
39908	22492	0.55	1.77
39921	22492	1.35	4.89
39922	22492	1.24	4.51
39923	22492	1.14	4.12
39924	22492	1.03	3.74
39925	22492	0.92	3.35
39926	22492	0.85	2.92
39927	22492	0.79	2.62
39928	22492	0.7	2.45
39929	22492	0.61	2.28
40194	22518	1.33	0.68
40195	22518	0.84	0.6
40196	22518	0.35	0.52
40197	22518	-0.13	0.44
40198	22518	-0.62	0.36
40199	22518	-1.08	0.25
40200	22518	-1.44	0.09
40201	22518	-1.81	-0.07
40202	22518	-2.18	-0.23
40215	22518	1.33	0.68
40216	22518	0.84	0.6
40217	22518	0.35	0.52
40218	22518	-0.13	0.44
40219	22518	-0.62	0.36
40220	22518	-1.08	0.25
40221	22518	-1.44	0.09
40222	22518	-1.81	-0.07
40223	22518	-2.18	-0.23
40236	22518	-0.13	0.44
40237	22518	-0.62	0.36
40238	22518	-1.08	0.25
40239	22518	-1.44	0.09
40240	22518	-1.81	-0.07
40241	22518	-2.18	-0.23
40242	22518	-2.54	-0.4
40243	22518	-2.91	-0.56
40244	22518	-3.27	-0.72
40257	22518	-1.44	0.09
40258	22518	-1.81	-0.07
40259	22518	-2.18	-0.23
40260	22518	-2.54	-0.4
40261	22518	-2.91	-0.56
40262	22518	-3.27	-0.72
40263	22518	-3.64	-0.88
40264	22518	-4.0	-1.05
40265	22518	-4.37	-1.21
40278	22518	1.33	0.68
40279	22518	0.84	0.6
40280	22518	0.35	0.52
40281	22518	-0.13	0.44
40282	22518	-0.62	0.36
40283	22518	-1.08	0.25
40284	22518	-1.44	0.09
40285	22518	-1.81	-0.07
40286	22518	-2.18	-0.23
40467	22528	3.74	0.86
40468	22528	3.38	0.79
40469	22528	3.02	0.72
40470	22528	2.66	0.65
40471	22528	2.37	0.53
40472	22528	2.13	0.41
40473	22528	1.91	0.24
40474	22528	1.69	0.05
40475	22528	1.42	-0.14
40488	22528	8.35	1.9
40489	22528	7.96	1.81
40490	22528	7.57	1.72
40491	22528	7.18	1.64
40492	22528	6.79	1.55
40493	22528	6.4	1.46
40494	22528	6.01	1.37
40495	22528	5.62	1.28
40496	22528	5.23	1.19
40509	22528	6.01	1.37
40510	22528	5.62	1.28
40511	22528	5.23	1.19
40512	22528	4.84	1.1
40513	22528	4.45	1.01
40514	22528	4.1	0.94
40515	22528	3.74	0.86
40516	22528	3.38	0.79
40517	22528	3.02	0.72
40530	22528	7.18	1.64
40531	22528	6.79	1.55
40532	22528	6.4	1.46
40533	22528	6.01	1.37
40534	22528	5.62	1.28
40535	22528	5.23	1.19
40536	22528	4.84	1.1
40537	22528	4.45	1.01
40538	22528	4.1	0.94
40929	22547	1.55	5.51
40930	22547	1.44	5.12
40931	22547	1.33	4.73
40932	22547	1.23	4.36
40933	22547	1.13	3.99
40934	22547	1.03	3.63
40935	22547	0.95	3.27
40936	22547	0.87	2.9
40937	22547	0.79	2.54
40950	22547	0.3	-0.06
40951	22547	0.19	-0.46
40952	22547	0.08	-0.86
40953	22547	-0.03	-1.26
40954	22547	-0.15	-1.66
40955	22547	-0.26	-2.06
40956	22547	-0.37	-2.46
40957	22547	-0.48	-2.86
40958	22547	-0.6	-3.26
40971	22554	4.27	1.56
40972	22554	3.9	1.42
40973	22554	3.52	1.28
40974	22554	3.19	1.15
40975	22554	2.88	1.02
40976	22554	2.57	0.88
40977	22554	2.26	0.75
40978	22554	1.96	0.67
40979	22554	1.66	0.61
40992	22554	5.4	1.97
40993	22554	5.03	1.83
40994	22554	4.65	1.69
40995	22554	4.27	1.56
40996	22554	3.9	1.42
40997	22554	3.52	1.28
40998	22554	3.19	1.15
40999	22554	2.88	1.02
41000	22554	2.57	0.88
41013	22554	8.78	3.2
41014	22554	8.41	3.06
41015	22554	8.03	2.93
41016	22554	7.66	2.79
41017	22554	7.28	2.65
41018	22554	6.9	2.52
41019	22554	6.53	2.38
41020	22554	6.15	2.24
41021	22554	5.78	2.1
41034	22554	4.27	1.56
41035	22554	3.9	1.42
41036	22554	3.52	1.28
41037	22554	3.19	1.15
41038	22554	2.88	1.02
41039	22554	2.57	0.88
41040	22554	2.26	0.75
41041	22554	1.96	0.67
41042	22554	1.66	0.61
41055	22558	-4.21	-3.18
41056	22558	-3.95	-2.98
41057	22558	-3.7	-2.78
41058	22558	-3.45	-2.58
41059	22558	-3.21	-2.38
41060	22558	-2.97	-2.18
41061	22558	-2.73	-1.96
41062	22558	-2.5	-1.74
41063	22558	-2.27	-1.53
41076	22558	-0.05	0.51
41077	22558	0.22	0.7
41078	22558	0.51	0.9
41079	22558	0.84	1.12
41080	22558	1.17	1.35
41081	22558	1.5	1.58
41082	22558	1.83	1.8
41083	22558	2.16	2.03
41084	22558	2.49	2.26
41097	22558	-4.21	-3.18
41098	22558	-3.95	-2.98
41099	22558	-3.7	-2.78
41100	22558	-3.45	-2.58
41101	22558	-3.21	-2.38
41102	22558	-2.97	-2.18
41103	22558	-2.73	-1.96
41104	22558	-2.5	-1.74
41105	22558	-2.27	-1.53
41664	22610	0.19	-6.81
41665	22610	0.19	-6.41
41666	22610	0.19	-6.0
41667	22610	0.2	-5.59
41668	22610	0.2	-5.18
41669	22610	0.18	-4.73
41670	22610	0.12	-4.27
41671	22610	0.07	-3.8
41672	22610	0.01	-3.34
41685	22610	0.2	-5.59
41686	22610	0.2	-5.18
41687	22610	0.18	-4.73
41688	22610	0.12	-4.27
41689	22610	0.07	-3.8
41690	22610	0.01	-3.34
41691	22610	-0.04	-2.88
41692	22610	-0.08	-2.39
41693	22610	-0.1	-1.89
41706	22610	0.12	-4.27
41707	22610	0.07	-3.8
41708	22610	0.01	-3.34
41709	22610	-0.04	-2.88
41710	22610	-0.08	-2.39
41711	22610	-0.1	-1.89
41712	22610	-0.12	-1.39
41713	22610	-0.16	-0.88
41714	22610	-0.21	-0.35
41727	22610	-0.04	-2.88
41728	22610	-0.08	-2.39
41729	22610	-0.1	-1.89
41730	22610	-0.12	-1.39
41731	22610	-0.16	-0.88
41732	22610	-0.21	-0.35
41733	22610	-0.27	0.19
41734	22610	-0.33	0.73
41735	22610	-0.39	1.26
41979	22630	-4.42	-7.68
41980	22630	-4.21	-7.34
41981	22630	-4.01	-7.0
41982	22630	-3.81	-6.66
41983	22630	-3.61	-6.33
41984	22630	-3.4	-5.99
41985	22630	-3.2	-5.66
41986	22630	-3.0	-5.34
41987	22630	-2.8	-5.01
42000	22630	-4.42	-7.68
42001	22630	-4.21	-7.34
42002	22630	-4.01	-7.0
42003	22630	-3.81	-6.66
42004	22630	-3.61	-6.33
42005	22630	-3.4	-5.99
42006	22630	-3.2	-5.66
42007	22630	-3.0	-5.34
42008	22630	-2.8	-5.01
42252	22646	-7.69	1.9
42253	22646	-7.26	1.79
42254	22646	-6.83	1.69
42255	22646	-6.39	1.6
42256	22646	-5.95	1.5
42257	22646	-5.52	1.4
42258	22646	-5.08	1.3
42259	22646	-4.64	1.2
42260	22646	-4.21	1.11
42273	22648	0.85	-8.4
42274	22648	0.81	-8.0
42275	22648	0.77	-7.61
42276	22648	0.74	-7.21
42277	22648	0.71	-6.82
42278	22648	0.68	-6.42
42279	22648	0.66	-6.04
42280	22648	0.64	-5.65
42281	22648	0.62	-5.27
42294	22648	0.51	-3.78
42295	22648	0.48	-3.42
42296	22648	0.46	-3.05
42297	22648	0.37	-2.69
42298	22648	0.22	-2.3
42299	22648	0.04	-1.83
42300	22648	-0.14	-1.35
42301	22648	-0.31	-0.88
42302	22648	-0.44	-0.46
42315	22648	0.37	-2.69
42316	22648	0.22	-2.3
42317	22648	0.04	-1.83
42318	22648	-0.14	-1.35
42319	22648	-0.31	-0.88
42320	22648	-0.44	-0.46
42321	22648	-0.57	-0.04
42322	22648	-0.69	0.38
42323	22648	-0.82	0.81
42336	22657	-6.15	2.71
42337	22657	-5.78	2.55
42338	22657	-5.41	2.4
42339	22657	-5.03	2.24
42340	22657	-4.66	2.08
42341	22657	-4.27	1.92
42342	22657	-3.89	1.75
42343	22657	-3.5	1.58
42344	22657	-3.12	1.41
42357	22657	-3.89	1.75
42358	22657	-3.5	1.58
42359	22657	-3.12	1.41
42360	22657	-2.73	1.23
42361	22657	-2.35	1.07
42362	22657	-1.96	0.91
42363	22657	-1.57	0.77
42364	22657	-1.15	0.67
42365	22657	-0.7	0.51
42378	22659	-2.3	5.35
42379	22659	-2.14	4.98
42380	22659	-1.98	4.61
42381	22659	-1.83	4.24
42382	22659	-1.67	3.88
42383	22659	-1.51	3.51
42384	22659	-1.35	3.14
42385	22659	-1.19	2.77
42386	22659	-1.04	2.41
42399	22659	-2.78	6.45
42400	22659	-2.62	6.08
42401	22659	-2.46	5.71
42402	22659	-2.3	5.35
42403	22659	-2.14	4.98
42404	22659	-1.98	4.61
42405	22659	-1.83	4.24
42406	22659	-1.67	3.88
42407	22659	-1.51	3.51
42420	22662	-5.05	3.7
42421	22662	-4.72	3.48
42422	22662	-4.4	3.26
42423	22662	-4.09	3.05
42424	22662	-3.78	2.84
42425	22662	-3.47	2.62
42426	22662	-3.17	2.4
42427	22662	-2.9	2.17
42428	22662	-2.66	1.97
42441	22662	-6.02	4.4
42442	22662	-5.69	4.16
42443	22662	-5.37	3.93
42444	22662	-5.05	3.7
42445	22662	-4.72	3.48
42446	22662	-4.4	3.26
42447	22662	-4.09	3.05
42448	22662	-3.78	2.84
42449	22662	-3.47	2.62
42462	22668	0.86	-0.22
42463	22668	0.43	-0.3
42464	22668	0.0	-0.36
42465	22668	-0.43	-0.41
42466	22668	-0.85	-0.44
42467	22668	-1.26	-0.47
42468	22668	-1.66	-0.49
42469	22668	-2.06	-0.51
42470	22668	-2.46	-0.53
42483	22668	4.67	0.3
42484	22668	4.25	0.24
42485	22668	3.83	0.18
42486	22668	3.41	0.12
42487	22668	2.99	0.07
42488	22668	2.57	0.01
42489	22668	2.13	-0.02
42490	22668	1.72	-0.07
42491	22668	1.29	-0.15
42945	22702	0.65	-6.81
42946	22702	0.61	-6.41
42947	22702	0.57	-6.01
42948	22702	0.54	-5.62
42949	22702	0.5	-5.22
42950	22702	0.46	-4.82
42951	22702	0.42	-4.42
42952	22702	0.38	-4.02
42953	22702	0.35	-3.63
42966	22702	0.65	-6.81
42967	22702	0.61	-6.41
42968	22702	0.57	-6.01
42969	22702	0.54	-5.62
42970	22702	0.5	-5.22
42971	22702	0.46	-4.82
42972	22702	0.42	-4.42
42973	22702	0.38	-4.02
42974	22702	0.35	-3.63
42987	22702	0.76	-8.01
42988	22702	0.73	-7.61
42989	22702	0.69	-7.21
42990	22702	0.65	-6.81
42991	22702	0.61	-6.41
42992	22702	0.57	-6.01
42993	22702	0.54	-5.62
42994	22702	0.5	-5.22
42995	22702	0.46	-4.82
43008	22702	0.65	-6.81
43009	22702	0.61	-6.41
43010	22702	0.57	-6.01
43011	22702	0.54	-5.62
43012	22702	0.5	-5.22
43013	22702	0.46	-4.82
43014	22702	0.42	-4.42
43015	22702	0.38	-4.02
43016	22702	0.35	-3.63
43029	22702	0.76	-8.01
43030	22702	0.73	-7.61
43031	22702	0.69	-7.21
43032	22702	0.65	-6.81
43033	22702	0.61	-6.41
43034	22702	0.57	-6.01
43035	22702	0.54	-5.62
43036	22702	0.5	-5.22
43037	22702	0.46	-4.82
43050	22702	0.54	-5.62
43051	22702	0.5	-5.22
43052	22702	0.46	-4.82
43053	22702	0.42	-4.42
43054	22702	0.38	-4.02
43055	22702	0.35	-3.63
43056	22702	0.31	-3.23
43057	22702	0.27	-2.83
43058	22702	0.2	-2.51
43197	22714	-0.91	-2.99
43198	22714	-1.28	-3.15
43199	22714	-1.64	-3.31
43200	22714	-2.01	-3.47
43201	22714	-2.38	-3.63
43202	22714	-2.75	-3.78
43203	22714	-3.11	-3.94
43204	22714	-3.48	-4.1
43205	22714	-3.85	-4.26
43218	22714	5.78	4.36
43219	22714	5.46	4.12
43220	22714	5.14	3.88
43221	22714	4.82	3.64
43222	22714	4.51	3.4
43223	22714	4.21	3.16
43224	22714	3.91	2.93
43225	22714	3.62	2.71
43226	22714	3.32	2.49
43239	22714	5.78	4.36
43240	22714	5.46	4.12
43241	22714	5.14	3.88
43242	22714	4.82	3.64
43243	22714	4.51	3.4
43244	22714	4.21	3.16
43245	22714	3.91	2.93
43246	22714	3.62	2.71
43247	22714	3.32	2.49
43260	22719	-5.53	-7.86
43261	22719	-5.3	-7.53
43262	22719	-5.07	-7.2
43263	22719	-4.84	-6.88
43264	22719	-4.61	-6.55
43265	22719	-4.38	-6.22
43266	22719	-4.15	-5.9
43267	22719	-3.92	-5.57
43268	22719	-3.69	-5.24
43281	22719	-4.15	-5.9
43282	22719	-3.92	-5.57
43283	22719	-3.69	-5.24
43284	22719	-3.46	-4.92
43285	22719	-3.22	-4.6
43286	22719	-2.98	-4.3
43287	22719	-2.74	-4.0
43288	22719	-2.5	-3.71
43289	22719	-2.27	-3.42
43302	22719	-3.46	-4.92
43303	22719	-3.22	-4.6
43304	22719	-2.98	-4.3
43305	22719	-2.74	-4.0
43306	22719	-2.5	-3.71
43307	22719	-2.27	-3.42
43308	22719	-2.06	-3.13
43309	22719	-1.85	-2.84
43310	22719	-1.65	-2.55
43323	22719	-0.01	-0.23
43324	22719	0.23	0.1
43325	22719	0.45	0.43
43326	22719	0.68	0.76
43327	22719	0.91	1.09
43328	22719	1.13	1.42
43329	22719	1.36	1.75
43330	22719	1.58	2.08
43331	22719	1.81	2.41
43344	22719	-4.15	-5.9
43345	22719	-3.92	-5.57
43346	22719	-3.69	-5.24
43347	22719	-3.46	-4.92
43348	22719	-3.22	-4.6
43349	22719	-2.98	-4.3
43350	22719	-2.74	-4.0
43351	22719	-2.5	-3.71
43352	22719	-2.27	-3.42
43365	22719	-5.53	-7.86
43366	22719	-5.3	-7.53
43367	22719	-5.07	-7.2
43368	22719	-4.84	-6.88
43369	22719	-4.61	-6.55
43370	22719	-4.38	-6.22
43371	22719	-4.15	-5.9
43372	22719	-3.92	-5.57
43373	22719	-3.69	-5.24
43470	22731	-1.62	4.24
43471	22731	-1.49	3.95
43472	22731	-1.35	3.67
43473	22731	-1.21	3.39
43474	22731	-1.06	3.11
43475	22731	-0.94	2.84
43476	22731	-0.8	2.59
43477	22731	-0.64	2.38
43478	22731	-0.48	2.18
43491	22731	-0.8	2.59
43492	22731	-0.64	2.38
43493	22731	-0.48	2.18
43494	22731	-0.32	1.94
43495	22731	-0.15	1.69
43496	22731	0.02	1.44
43497	22731	0.18	1.19
43498	22731	0.35	0.93
43499	22731	0.55	0.66
43512	22731	-1.21	3.39
43513	22731	-1.06	3.11
43514	22731	-0.94	2.84
43515	22731	-0.8	2.59
43516	22731	-0.64	2.38
43517	22731	-0.48	2.18
43518	22731	-0.32	1.94
43519	22731	-0.15	1.69
43520	22731	0.02	1.44
43533	22731	-1.62	4.24
43534	22731	-1.49	3.95
43535	22731	-1.35	3.67
43536	22731	-1.21	3.39
43537	22731	-1.06	3.11
43538	22731	-0.94	2.84
43539	22731	-0.8	2.59
43540	22731	-0.64	2.38
43541	22731	-0.48	2.18
43722	22744	-9.55	2.7
43723	22744	-9.16	2.6
43724	22744	-8.78	2.49
43725	22744	-8.39	2.38
43726	22744	-8.01	2.27
43727	22744	-7.62	2.16
43728	22744	-7.24	2.05
43729	22744	-6.85	1.94
43730	22744	-6.47	1.83
43722	22745	-1.05	-9.62
43723	22745	-1.01	-9.22
43724	22745	-0.96	-8.82
43725	22745	-0.92	-8.43
43726	22745	-0.88	-8.03
43727	22745	-0.83	-7.63
43728	22745	-0.79	-7.23
43729	22745	-0.75	-6.84
43730	22745	-0.7	-6.44
43743	22744	-8.39	2.38
43744	22744	-8.01	2.27
43745	22744	-7.62	2.16
43746	22744	-7.24	2.05
43747	22744	-6.85	1.94
43748	22744	-6.47	1.83
43749	22744	-6.08	1.72
43750	22744	-5.7	1.61
43751	22744	-5.31	1.51
43743	22745	-0.92	-8.43
43744	22745	-0.88	-8.03
43745	22745	-0.83	-7.63
43746	22745	-0.79	-7.23
43747	22745	-0.75	-6.84
43748	22745	-0.7	-6.44
43749	22745	-0.66	-6.04
43750	22745	-0.62	-5.64
43751	22745	-0.57	-5.24
43764	22744	-8.39	2.38
43765	22744	-8.01	2.27
43766	22744	-7.62	2.16
43767	22744	-7.24	2.05
43768	22744	-6.85	1.94
43769	22744	-6.47	1.83
43770	22744	-6.08	1.72
43771	22744	-5.7	1.61
43772	22744	-5.31	1.51
43764	22745	-0.92	-8.43
43765	22745	-0.88	-8.03
43766	22745	-0.83	-7.63
43767	22745	-0.79	-7.23
43768	22745	-0.75	-6.84
43769	22745	-0.7	-6.44
43770	22745	-0.66	-6.04
43771	22745	-0.62	-5.64
43772	22745	-0.57	-5.24
43785	22752	0.88	-7.04
43786	22752	0.83	-6.64
43787	22752	0.78	-6.24
43788	22752	0.73	-5.85
43789	22752	0.68	-5.45
43790	22752	0.63	-5.05
43791	22752	0.58	-4.66
43792	22752	0.53	-4.26
43793	22752	0.48	-3.86
43806	22752	0.73	-5.85
43807	22752	0.68	-5.45
43808	22752	0.63	-5.05
43809	22752	0.58	-4.66
43810	22752	0.53	-4.26
43811	22752	0.48	-3.86
43812	22752	0.43	-3.46
43813	22752	0.38	-3.07
43814	22752	0.31	-2.74
43827	22752	0.73	-5.85
43828	22752	0.68	-5.45
43829	22752	0.63	-5.05
43830	22752	0.58	-4.66
43831	22752	0.53	-4.26
43832	22752	0.48	-3.86
43833	22752	0.43	-3.46
43834	22752	0.38	-3.07
43835	22752	0.31	-2.74
43848	22752	1.03	-8.23
43849	22752	0.98	-7.83
43850	22752	0.93	-7.43
43851	22752	0.88	-7.04
43852	22752	0.83	-6.64
43853	22752	0.78	-6.24
43854	22752	0.73	-5.85
43855	22752	0.68	-5.45
43856	22752	0.63	-5.05
43953	22760	2.35	-3.88
43954	22760	2.12	-3.53
43955	22760	1.89	-3.17
43956	22760	1.68	-2.78
43957	22760	1.43	-2.39
43958	22760	1.12	-2.01
43959	22760	0.7	-1.71
43960	22760	0.28	-1.41
43961	22760	-0.14	-1.11
43974	22760	3.77	-5.91
43975	22760	3.53	-5.58
43976	22760	3.3	-5.24
43977	22760	3.06	-4.9
43978	22760	2.83	-4.56
43979	22760	2.59	-4.22
43980	22760	2.35	-3.88
43981	22760	2.12	-3.53
43982	22760	1.89	-3.17
43995	22760	5.11	-7.92
43996	22760	4.89	-7.59
43997	22760	4.67	-7.25
43998	22760	4.45	-6.92
43999	22760	4.22	-6.58
44000	22760	4.0	-6.25
44001	22760	3.77	-5.91
44002	22760	3.53	-5.58
44003	22760	3.3	-5.24
44016	22760	4.45	-6.92
44017	22760	4.22	-6.58
44018	22760	4.0	-6.25
44019	22760	3.77	-5.91
44020	22760	3.53	-5.58
44021	22760	3.3	-5.24
44022	22760	3.06	-4.9
44023	22760	2.83	-4.56
44024	22760	2.59	-4.22
44037	22760	2.35	-3.88
44038	22760	2.12	-3.53
44039	22760	1.89	-3.17
44040	22760	1.68	-2.78
44041	22760	1.43	-2.39
44042	22760	1.12	-2.01
44043	22760	0.7	-1.71
44044	22760	0.28	-1.41
44045	22760	-0.14	-1.11
44058	22760	3.77	-5.91
44059	22760	3.53	-5.58
44060	22760	3.3	-5.24
44061	22760	3.06	-4.9
44062	22760	2.83	-4.56
44063	22760	2.59	-4.22
44064	22760	2.35	-3.88
44065	22760	2.12	-3.53
44066	22760	1.89	-3.17
44667	22807	-3.19	7.95
44668	22807	-3.05	7.58
44669	22807	-2.9	7.21
44670	22807	-2.75	6.84
44671	22807	-2.6	6.47
44672	22807	-2.45	6.1
44673	22807	-2.3	5.72
44674	22807	-2.15	5.35
44675	22807	-2.01	4.98
44667	22812	4.59	7.12
44668	22812	4.37	6.78
44669	22812	4.15	6.44
44670	22812	3.94	6.11
44671	22812	3.72	5.77
44672	22812	3.52	5.42
44673	22812	3.31	5.08
44674	22812	3.11	4.73
44675	22812	2.9	4.37
44688	22807	-2.75	6.84
44689	22807	-2.6	6.47
44690	22807	-2.45	6.1
44691	22807	-2.3	5.72
44692	22807	-2.15	5.35
44693	22807	-2.01	4.98
44694	22807	-1.88	4.59
44695	22807	-1.75	4.2
44696	22807	-1.62	3.81
44688	22812	3.94	6.11
44689	22812	3.72	5.77
44690	22812	3.52	5.42
44691	22812	3.31	5.08
44692	22812	3.11	4.73
44693	22812	2.9	4.37
44694	22812	2.69	4.01
44695	22812	2.48	3.65
44696	22812	2.27	3.28
44709	22807	-1.88	4.59
44710	22807	-1.75	4.2
44711	22807	-1.62	3.81
44712	22807	-1.5	3.41
44713	22807	-1.39	3.01
44714	22807	-1.28	2.61
44715	22807	-1.2	2.2
44716	22807	-1.2	1.72
44717	22807	-1.23	1.29
44709	22812	2.69	4.01
44710	22812	2.48	3.65
44711	22812	2.27	3.28
44712	22812	2.13	2.94
44713	22812	2.01	2.61
44714	22812	1.9	2.28
44715	22812	1.81	1.97
44716	22812	1.73	1.68
44717	22812	1.64	1.37
44730	22807	-2.75	6.84
44731	22807	-2.6	6.47
44732	22807	-2.45	6.1
44733	22807	-2.3	5.72
44734	22807	-2.15	5.35
44735	22807	-2.01	4.98
44736	22807	-1.88	4.59
44737	22807	-1.75	4.2
44738	22807	-1.62	3.81
44730	22812	3.94	6.11
44731	22812	3.72	5.77
44732	22812	3.52	5.42
44733	22812	3.31	5.08
44734	22812	3.11	4.73
44735	22812	2.9	4.37
44736	22812	2.69	4.01
44737	22812	2.48	3.65
44738	22812	2.27	3.28
44751	22807	-1.88	4.59
44752	22807	-1.75	4.2
44753	22807	-1.62	3.81
44754	22807	-1.5	3.41
44755	22807	-1.39	3.01
44756	22807	-1.28	2.61
44757	22807	-1.2	2.2
44758	22807	-1.2	1.72
44759	22807	-1.23	1.29
44751	22812	2.69	4.01
44752	22812	2.48	3.65
44753	22812	2.27	3.28
44754	22812	2.13	2.94
44755	22812	2.01	2.61
44756	22812	1.9	2.28
44757	22812	1.81	1.97
44758	22812	1.73	1.68
44759	22812	1.64	1.37
44772	22807	-1.5	3.41
44773	22807	-1.39	3.01
44774	22807	-1.28	2.61
44775	22807	-1.2	2.2
44776	22807	-1.2	1.72
44777	22807	-1.23	1.29
44778	22807	-1.27	0.86
44779	22807	-1.31	0.44
44780	22807	-1.35	0.02
44772	22812	2.13	2.94
44773	22812	2.01	2.61
44774	22812	1.9	2.28
44775	22812	1.81	1.97
44776	22812	1.73	1.68
44777	22812	1.64	1.37
44778	22812	1.55	1.05
44779	22812	1.46	0.73
44780	22812	1.38	0.4
44898	22818	5.72	1.4
44899	22818	5.34	1.28
44900	22818	4.96	1.16
44901	22818	4.59	1.05
44902	22818	4.21	0.95
44903	22818	3.83	0.86
44904	22818	3.45	0.77
44905	22818	3.07	0.68
44906	22818	2.7	0.59
44898	22820	-6.32	1.45
44899	22820	-5.93	1.36
44900	22820	-5.54	1.27
44901	22820	-5.15	1.18
44902	22820	-4.76	1.09
44903	22820	-4.37	1.0
44904	22820	-3.98	0.91
44905	22820	-3.59	0.82
44906	22820	-3.2	0.73
44919	22818	5.72	1.4
44920	22818	5.34	1.28
44921	22818	4.96	1.16
44922	22818	4.59	1.05
44923	22818	4.21	0.95
44924	22818	3.83	0.86
44925	22818	3.45	0.77
44926	22818	3.07	0.68
44927	22818	2.7	0.59
44919	22820	-6.32	1.45
44920	22820	-5.93	1.36
44921	22820	-5.54	1.27
44922	22820	-5.15	1.18
44923	22820	-4.76	1.09
44924	22820	-4.37	1.0
44925	22820	-3.98	0.91
44926	22820	-3.59	0.82
44927	22820	-3.2	0.73
44940	22818	9.21	2.31
44941	22818	8.82	2.21
44942	22818	8.43	2.12
44943	22818	8.05	2.02
44944	22818	7.66	1.92
44945	22818	7.27	1.82
44946	22818	6.88	1.72
44947	22818	6.49	1.62
44948	22818	6.1	1.51
44940	22820	-9.83	2.26
44941	22820	-9.44	2.17
44942	22820	-9.05	2.08
44943	22820	-8.66	1.99
44944	22820	-8.27	1.9
44945	22820	-7.88	1.81
44946	22820	-7.49	1.72
44947	22820	-7.1	1.63
44948	22820	-6.71	1.54
44961	22818	8.05	2.02
44962	22818	7.66	1.92
44963	22818	7.27	1.82
44964	22818	6.88	1.72
44965	22818	6.49	1.62
44966	22818	6.1	1.51
44967	22818	5.72	1.4
44968	22818	5.34	1.28
44969	22818	4.96	1.16
44961	22820	-8.66	1.99
44962	22820	-8.27	1.9
44963	22820	-7.88	1.81
44964	22820	-7.49	1.72
44965	22820	-7.1	1.63
44966	22820	-6.71	1.54
44967	22820	-6.32	1.45
44968	22820	-5.93	1.36
44969	22820	-5.54	1.27
44982	22824	-2.14	-4.6
44983	22824	-1.97	-4.26
44984	22824	-1.79	-3.94
44985	22824	-1.65	-3.63
44986	22824	-1.51	-3.31
44987	22824	-1.35	-2.96
44988	22824	-1.18	-2.61
44989	22824	-1.01	-2.24
44990	22824	-0.85	-1.87
44982	22826	-4.68	-1.33
44983	22826	-4.3	-1.21
44984	22826	-3.92	-1.07
44985	22826	-3.52	-0.93
44986	22826	-3.13	-0.78
44987	22826	-2.91	-0.62
44988	22826	-2.7	-0.5
44989	22826	-2.49	-0.42
44990	22826	-2.29	-0.35
44982	22827	3.04	3.74
44983	22827	2.79	3.43
44984	22827	2.53	3.12
44985	22827	2.28	2.81
44986	22827	2.03	2.5
44987	22827	1.78	2.19
44988	22827	1.53	1.88
44989	22827	1.38	1.57
44990	22827	1.25	1.24
45045	22834	-7.7	-5.71
45046	22834	-7.38	-5.47
45047	22834	-7.06	-5.23
45048	22834	-6.74	-4.99
45049	22834	-6.41	-4.75
45050	22834	-6.09	-4.52
45051	22834	-5.77	-4.28
45052	22834	-5.45	-4.04
45053	22834	-5.13	-3.8
45066	22834	-4.81	-3.56
45067	22834	-4.49	-3.32
45068	22834	-4.16	-3.09
45069	22834	-3.84	-2.85
45070	22834	-3.52	-2.61
45071	22834	-3.2	-2.37
45072	22834	-2.89	-2.14
45073	22834	-2.61	-1.94
45074	22834	-2.37	-1.73
45087	22834	-5.77	-4.28
45088	22834	-5.45	-4.04
45089	22834	-5.13	-3.8
45090	22834	-4.81	-3.56
45091	22834	-4.49	-3.32
45092	22834	-4.16	-3.09
45093	22834	-3.84	-2.85
45094	22834	-3.52	-2.61
45095	22834	-3.2	-2.37
45108	22834	-4.81	-3.56
45109	22834	-4.49	-3.32
45110	22834	-4.16	-3.09
45111	22834	-3.84	-2.85
45112	22834	-3.52	-2.61
45113	22834	-3.2	-2.37
45114	22834	-2.89	-2.14
45115	22834	-2.61	-1.94
45116	22834	-2.37	-1.73
45129	22834	-6.74	-4.99
45130	22834	-6.41	-4.75
45131	22834	-6.09	-4.52
45132	22834	-5.77	-4.28
45133	22834	-5.45	-4.04
45134	22834	-5.13	-3.8
45135	22834	-4.81	-3.56
45136	22834	-4.49	-3.32
45137	22834	-4.16	-3.09
45150	22839	5.93	0.87
45151	22839	5.54	0.81
45152	22839	5.14	0.75
45153	22839	4.74	0.7
45154	22839	4.33	0.66
45155	22839	3.91	0.59
45156	22839	3.48	0.52
45157	22839	3.06	0.45
45158	22839	2.66	0.34
45150	22840	1.69	-5.73
45151	22840	1.58	-5.35
45152	22840	1.47	-4.96
45153	22840	1.35	-4.58
45154	22840	1.23	-4.2
45155	22840	1.1	-3.81
45156	22840	0.97	-3.41
45157	22840	0.84	-3.01
45158	22840	0.62	-2.59
45171	22839	4.74	0.7
45172	22839	4.33	0.66
45173	22839	3.91	0.59
45174	22839	3.48	0.52
45175	22839	3.06	0.45
45176	22839	2.66	0.34
45177	22839	2.27	0.24
45178	22839	1.87	0.11
45179	22839	1.47	-0.02
45171	22840	1.35	-4.58
45172	22840	1.23	-4.2
45173	22840	1.1	-3.81
45174	22840	0.97	-3.41
45175	22840	0.84	-3.01
45176	22840	0.62	-2.59
45177	22840	0.37	-2.17
45178	22840	0.12	-1.74
45179	22840	-0.14	-1.35
45192	22839	3.48	0.52
45193	22839	3.06	0.45
45194	22839	2.66	0.34
45195	22839	2.27	0.24
45196	22839	1.87	0.11
45197	22839	1.47	-0.02
45198	22839	1.06	-0.16
45199	22839	0.66	-0.29
45200	22839	0.25	-0.42
45192	22840	0.97	-3.41
45193	22840	0.84	-3.01
45194	22840	0.62	-2.59
45195	22840	0.37	-2.17
45196	22840	0.12	-1.74
45197	22840	-0.14	-1.35
45198	22840	-0.42	-1.01
45199	22840	-0.69	-0.67
45200	22840	-0.96	-0.33
45213	22839	7.12	1.04
45214	22839	6.73	0.98
45215	22839	6.33	0.92
45216	22839	5.93	0.87
45217	22839	5.54	0.81
45218	22839	5.14	0.75
45219	22839	4.74	0.7
45220	22839	4.33	0.66
45221	22839	3.91	0.59
45213	22840	2.03	-6.88
45214	22840	1.92	-6.5
45215	22840	1.81	-6.11
45216	22840	1.69	-5.73
45217	22840	1.58	-5.35
45218	22840	1.47	-4.96
45219	22840	1.35	-4.58
45220	22840	1.23	-4.2
45221	22840	1.1	-3.81
45234	22839	8.31	1.21
45235	22839	7.91	1.15
45236	22839	7.52	1.1
45237	22839	7.12	1.04
45238	22839	6.73	0.98
45239	22839	6.33	0.92
45240	22839	5.93	0.87
45241	22839	5.54	0.81
45242	22839	5.14	0.75
45234	22840	2.37	-8.03
45235	22840	2.26	-7.65
45236	22840	2.15	-7.27
45237	22840	2.03	-6.88
45238	22840	1.92	-6.5
45239	22840	1.81	-6.11
45240	22840	1.69	-5.73
45241	22840	1.58	-5.35
45242	22840	1.47	-4.96
45255	22839	7.12	1.04
45256	22839	6.73	0.98
45257	22839	6.33	0.92
45258	22839	5.93	0.87
45259	22839	5.54	0.81
45260	22839	5.14	0.75
45261	22839	4.74	0.7
45262	22839	4.33	0.66
45263	22839	3.91	0.59
45255	22840	2.03	-6.88
45256	22840	1.92	-6.5
45257	22840	1.81	-6.11
45258	22840	1.69	-5.73
45259	22840	1.58	-5.35
45260	22840	1.47	-4.96
45261	22840	1.35	-4.58
45262	22840	1.23	-4.2
45263	22840	1.1	-3.81
45276	22839	3.48	0.52
45277	22839	3.06	0.45
45278	22839	2.66	0.34
45279	22839	2.27	0.24
45280	22839	1.87	0.11
45281	22839	1.47	-0.02
45282	22839	1.06	-0.16
45283	22839	0.66	-0.29
45284	22839	0.25	-0.42
45276	22840	0.97	-3.41
45277	22840	0.84	-3.01
45278	22840	0.62	-2.59
45279	22840	0.37	-2.17
45280	22840	0.12	-1.74
45281	22840	-0.14	-1.35
45282	22840	-0.42	-1.01
45283	22840	-0.69	-0.67
45284	22840	-0.96	-0.33
45297	22844	5.19	1.84
45298	22844	4.81	1.7
45299	22844	4.42	1.55
45300	22844	4.02	1.38
45301	22844	3.61	1.21
45302	22844	3.21	1.05
45303	22844	2.8	0.89
45304	22844	2.37	0.71
45305	22844	1.93	0.53
45297	22847	2.32	5.24
45298	22847	2.17	4.87
45299	22847	2.04	4.51
45300	22847	1.92	4.15
45301	22847	1.81	3.8
45302	22847	1.7	3.44
45303	22847	1.59	3.08
45304	22847	1.48	2.71
45305	22847	1.4	2.39
45297	22848	6.04	-1.8
45298	22848	5.65	-1.68
45299	22848	5.28	-1.57
45300	22848	4.91	-1.45
45301	22848	4.54	-1.34
45302	22848	4.17	-1.24
45303	22848	3.79	-1.12
45304	22848	3.41	-1.0
45305	22848	2.99	-0.91
45318	22844	2.8	0.89
45319	22844	2.37	0.71
45320	22844	1.93	0.53
45321	22844	1.47	0.35
45322	22844	1.01	0.19
45323	22844	0.53	0.07
45324	22844	0.04	-0.05
45325	22844	-0.44	-0.17
45326	22844	-0.92	-0.29
45318	22847	1.59	3.08
45319	22847	1.48	2.71
45320	22847	1.4	2.39
45321	22847	1.33	2.11
45322	22847	1.25	1.82
45323	22847	1.15	1.5
45324	22847	1.05	1.18
45325	22847	0.95	0.86
45326	22847	0.85	0.54
45318	22848	3.79	-1.12
45319	22848	3.41	-1.0
45320	22848	2.99	-0.91
45321	22848	2.56	-0.82
45322	22848	2.12	-0.75
45323	22848	1.66	-0.7
45324	22848	1.19	-0.66
45325	22848	0.72	-0.61
45326	22848	0.26	-0.57
45339	22853	-0.01	4.07
45340	22853	0.03	3.73
45341	22853	0.07	3.4
45342	22853	0.12	3.08
45343	22853	0.19	2.75
45344	22853	0.26	2.41
45345	22853	0.34	2.07
45346	22853	0.44	1.74
45347	22853	0.45	1.46
45360	22853	-0.01	4.07
45361	22853	0.03	3.73
45362	22853	0.07	3.4
45363	22853	0.12	3.08
45364	22853	0.19	2.75
45365	22853	0.26	2.41
45366	22853	0.34	2.07
45367	22853	0.44	1.74
45368	22853	0.45	1.46
45381	22853	0.12	3.08
45382	22853	0.19	2.75
45383	22853	0.26	2.41
45384	22853	0.34	2.07
45385	22853	0.44	1.74
45386	22853	0.45	1.46
45387	22853	0.46	1.17
45388	22853	0.46	0.89
45389	22853	0.47	0.61
45402	22853	0.46	1.17
45403	22853	0.46	0.89
45404	22853	0.47	0.61
45405	22853	0.47	0.33
45406	22853	0.48	0.05
45407	22853	0.48	-0.23
45408	22853	0.48	-0.51
45409	22853	0.48	-0.79
45410	22853	0.49	-1.07
45465	22861	-5.98	-0.19
45466	22861	-5.64	-0.17
45467	22861	-5.31	-0.16
45468	22861	-4.99	-0.13
45469	22861	-4.67	-0.1
45470	22861	-4.36	-0.06
45471	22861	-4.05	-0.02
45472	22861	-3.74	0.03
45473	22861	-3.43	0.08
45486	22861	-7.17	-0.23
45487	22861	-6.77	-0.22
45488	22861	-6.37	-0.2
45489	22861	-5.98	-0.19
45490	22861	-5.64	-0.17
45491	22861	-5.31	-0.16
45492	22861	-4.99	-0.13
45493	22861	-4.67	-0.1
45494	22861	-4.36	-0.06
45507	22861	-8.37	-0.27
45508	22861	-7.97	-0.25
45509	22861	-7.57	-0.24
45510	22861	-7.17	-0.23
45511	22861	-6.77	-0.22
45512	22861	-6.37	-0.2
45513	22861	-5.98	-0.19
45514	22861	-5.64	-0.17
45515	22861	-5.31	-0.16
45528	22861	-4.99	-0.13
45529	22861	-4.67	-0.1
45530	22861	-4.36	-0.06
45531	22861	-4.05	-0.02
45532	22861	-3.74	0.03
45533	22861	-3.43	0.08
45534	22861	-3.11	0.14
45535	22861	-2.76	0.21
45536	22861	-2.41	0.27
45549	22861	-4.05	-0.02
45550	22861	-3.74	0.03
45551	22861	-3.43	0.08
45552	22861	-3.11	0.14
45553	22861	-2.76	0.21
45554	22861	-2.41	0.27
45555	22861	-2.05	0.34
45556	22861	-1.68	0.41
45557	22861	-1.3	0.46
45633	22868	4.66	3.64
45634	22868	4.33	3.4
45635	22868	3.99	3.16
45636	22868	3.65	2.92
45637	22868	3.31	2.67
45638	22868	2.96	2.43
45639	22868	2.62	2.2
45640	22868	2.3	2.14
45641	22868	1.99	2.1
45654	22868	3.65	2.92
45655	22868	3.31	2.67
45656	22868	2.96	2.43
45657	22868	2.62	2.2
45658	22868	2.3	2.14
45659	22868	1.99	2.1
45660	22868	1.7	2.06
45661	22868	1.48	2.01
45662	22868	1.26	1.97
45759	22878	-6.94	4.57
45760	22878	-6.6	4.35
45761	22878	-6.27	4.13
45762	22878	-5.94	3.91
45763	22878	-5.6	3.69
45764	22878	-5.27	3.48
45765	22878	-4.93	3.27
45766	22878	-4.59	3.07
45767	22878	-4.25	2.88
45780	22878	-4.93	3.27
45781	22878	-4.59	3.07
45782	22878	-4.25	2.88
45783	22878	-3.91	2.69
45784	22878	-3.57	2.51
45785	22878	-3.24	2.33
45786	22878	-2.93	2.15
45787	22878	-2.64	1.98
45788	22878	-2.35	1.83
45801	22878	-5.94	3.91
45802	22878	-5.6	3.69
45803	22878	-5.27	3.48
45804	22878	-4.93	3.27
45805	22878	-4.59	3.07
45806	22878	-4.25	2.88
45807	22878	-3.91	2.69
45808	22878	-3.57	2.51
45809	22878	-3.24	2.33
45822	22878	-6.94	4.57
45823	22878	-6.6	4.35
45824	22878	-6.27	4.13
45825	22878	-5.94	3.91
45826	22878	-5.6	3.69
45827	22878	-5.27	3.48
45828	22878	-4.93	3.27
45829	22878	-4.59	3.07
45830	22878	-4.25	2.88
45843	22878	-7.94	5.23
45844	22878	-7.61	5.01
45845	22878	-7.27	4.79
45846	22878	-6.94	4.57
45847	22878	-6.6	4.35
45848	22878	-6.27	4.13
45849	22878	-5.94	3.91
45850	22878	-5.6	3.69
45851	22878	-5.27	3.48
45864	22878	-4.93	3.27
45865	22878	-4.59	3.07
45866	22878	-4.25	2.88
45867	22878	-3.91	2.69
45868	22878	-3.57	2.51
45869	22878	-3.24	2.33
45870	22878	-2.93	2.15
45871	22878	-2.64	1.98
45872	22878	-2.35	1.83
45885	22880	3.56	-1.89
45886	22880	3.21	-1.71
45887	22880	2.87	-1.54
45888	22880	2.54	-1.39
45889	22880	2.18	-1.26
45890	22880	1.78	-1.15
45891	22880	1.38	-1.05
45892	22880	0.97	-0.94
45893	22880	0.57	-0.84
45906	22880	8.86	-4.71
45907	22880	8.5	-4.52
45908	22880	8.15	-4.34
45909	22880	7.8	-4.15
45910	22880	7.44	-3.96
45911	22880	7.09	-3.77
45912	22880	6.74	-3.59
45913	22880	6.38	-3.4
45914	22880	6.03	-3.21
45927	22880	6.74	-3.59
45928	22880	6.38	-3.4
45929	22880	6.03	-3.21
45930	22880	5.68	-3.02
45931	22880	5.32	-2.83
45932	22880	4.97	-2.65
45933	22880	4.62	-2.46
45934	22880	4.27	-2.27
45935	22880	3.91	-2.08
46179	22904	7.3	4.62
46180	22904	6.96	4.4
46181	22904	6.63	4.19
46182	22904	6.29	3.98
46183	22904	5.95	3.76
46184	22904	5.61	3.55
46185	22904	5.27	3.34
46186	22904	4.94	3.12
46187	22904	4.6	2.91
46200	22904	6.29	3.98
46201	22904	5.95	3.76
46202	22904	5.61	3.55
46203	22904	5.27	3.34
46204	22904	4.94	3.12
46205	22904	4.6	2.91
46206	22904	4.27	2.69
46207	22904	3.95	2.46
46208	22904	3.63	2.22
46221	22904	8.32	5.26
46222	22904	7.98	5.05
46223	22904	7.64	4.83
46224	22904	7.3	4.62
46225	22904	6.96	4.4
46226	22904	6.63	4.19
46227	22904	6.29	3.98
46228	22904	5.95	3.76
46229	22904	5.61	3.55
46242	22904	5.27	3.34
46243	22904	4.94	3.12
46244	22904	4.6	2.91
46245	22904	4.27	2.69
46246	22904	3.95	2.46
46247	22904	3.63	2.22
46248	22904	3.29	2.01
46249	22904	2.95	1.8
46250	22904	2.61	1.59
46263	22904	8.32	5.26
46264	22904	7.98	5.05
46265	22904	7.64	4.83
46266	22904	7.3	4.62
46267	22904	6.96	4.4
46268	22904	6.63	4.19
46269	22904	6.29	3.98
46270	22904	5.95	3.76
46271	22904	5.61	3.55
46284	22904	5.27	3.34
46285	22904	4.94	3.12
46286	22904	4.6	2.91
46287	22904	4.27	2.69
46288	22904	3.95	2.46
46289	22904	3.63	2.22
46290	22904	3.29	2.01
46291	22904	2.95	1.8
46292	22904	2.61	1.59
46410	22911	-7.25	1.21
46411	22911	-6.86	1.15
46412	22911	-6.46	1.08
46413	22911	-6.07	1.01
46414	22911	-5.67	0.95
46415	22911	-5.28	0.88
46416	22911	-4.88	0.82
46417	22911	-4.49	0.75
46418	22911	-4.09	0.68
46431	22911	-4.88	0.82
46432	22911	-4.49	0.75
46433	22911	-4.09	0.68
46434	22911	-3.7	0.62
46435	22911	-3.28	0.52
46436	22911	-2.87	0.43
46437	22911	-2.47	0.35
46438	22911	-1.96	0.35
46439	22911	-1.63	0.26
46452	22911	-6.07	1.01
46453	22911	-5.67	0.95
46454	22911	-5.28	0.88
46455	22911	-4.88	0.82
46456	22911	-4.49	0.75
46457	22911	-4.09	0.68
46458	22911	-3.7	0.62
46459	22911	-3.28	0.52
46460	22911	-2.87	0.43
46473	22911	-4.88	0.82
46474	22911	-4.49	0.75
46475	22911	-4.09	0.68
46476	22911	-3.7	0.62
46477	22911	-3.28	0.52
46478	22911	-2.87	0.43
46479	22911	-2.47	0.35
46480	22911	-1.96	0.35
46481	22911	-1.63	0.26
46494	22911	-6.07	1.01
46495	22911	-5.67	0.95
46496	22911	-5.28	0.88
46497	22911	-4.88	0.82
46498	22911	-4.49	0.75
46499	22911	-4.09	0.68
46500	22911	-3.7	0.62
46501	22911	-3.28	0.52
46502	22911	-2.87	0.43
46515	22911	-6.07	1.01
46516	22911	-5.67	0.95
46517	22911	-5.28	0.88
46518	22911	-4.88	0.82
46519	22911	-4.49	0.75
46520	22911	-4.09	0.68
46521	22911	-3.7	0.62
46522	22911	-3.28	0.52
46523	22911	-2.87	0.43
46536	22911	-2.47	0.35
46537	22911	-1.96	0.35
46538	22911	-1.63	0.26
46539	22911	-1.31	0.18
46540	22911	-0.99	0.09
46541	22911	-0.66	0.01
46542	22911	-0.34	-0.08
46543	22911	-0.02	-0.16
46544	22911	0.36	-0.23
46557	22917	0.71	7.02
46558	22917	0.69	6.62
46559	22917	0.67	6.23
46560	22917	0.65	5.84
46561	22917	0.63	5.47
46562	22917	0.61	5.11
46563	22917	0.58	4.76
46564	22917	0.55	4.42
46565	22917	0.51	4.07
46557	22919	-6.08	-3.95
46558	22919	-5.74	-3.73
46559	22919	-5.41	-3.51
46560	22919	-5.07	-3.3
46561	22919	-4.74	-3.08
46562	22919	-4.4	-2.86
46563	22919	-4.07	-2.64
46564	22919	-3.73	-2.42
46565	22919	-3.39	-2.21
46557	22920	5.01	5.27
46558	22920	4.73	4.98
46559	22920	4.46	4.69
46560	22920	4.18	4.4
46561	22920	3.92	4.1
46562	22920	3.66	3.79
46563	22920	3.4	3.47
46564	22920	3.14	3.14
46565	22920	2.88	2.81
46578	22917	0.47	3.73
46579	22917	0.43	3.39
46580	22917	0.39	3.05
46581	22917	0.35	2.72
46582	22917	0.29	2.39
46583	22917	0.06	2.18
46584	22917	-0.18	1.98
46585	22917	-0.42	1.77
46586	22917	-0.66	1.54
46578	22919	-3.06	-1.99
46579	22919	-2.72	-1.77
46580	22919	-2.42	-1.6
46581	22919	-2.11	-1.45
46582	22919	-1.75	-1.31
46583	22919	-1.39	-1.16
46584	22919	-1.04	-0.99
46585	22919	-0.69	-0.82
46586	22919	-0.34	-0.65
46578	22920	2.65	2.48
46579	22920	2.43	2.15
46580	22920	2.23	1.81
46581	22920	2.05	1.49
46582	22920	1.91	1.17
46583	22920	1.82	0.88
46584	22920	1.73	0.51
46585	22920	1.65	0.14
46586	22920	1.54	-0.25
46599	22917	0.65	5.84
46600	22917	0.63	5.47
46601	22917	0.61	5.11
46602	22917	0.58	4.76
46603	22917	0.55	4.42
46604	22917	0.51	4.07
46605	22917	0.47	3.73
46606	22917	0.43	3.39
46607	22917	0.39	3.05
46599	22919	-5.07	-3.3
46600	22919	-4.74	-3.08
46601	22919	-4.4	-2.86
46602	22919	-4.07	-2.64
46603	22919	-3.73	-2.42
46604	22919	-3.39	-2.21
46605	22919	-3.06	-1.99
46606	22919	-2.72	-1.77
46607	22919	-2.42	-1.6
46599	22920	4.18	4.4
46600	22920	3.92	4.1
46601	22920	3.66	3.79
46602	22920	3.4	3.47
46603	22920	3.14	3.14
46604	22920	2.88	2.81
46605	22920	2.65	2.48
46606	22920	2.43	2.15
46607	22920	2.23	1.81
46620	22917	0.47	3.73
46621	22917	0.43	3.39
46622	22917	0.39	3.05
46623	22917	0.35	2.72
46624	22917	0.29	2.39
46625	22917	0.06	2.18
46626	22917	-0.18	1.98
46627	22917	-0.42	1.77
46628	22917	-0.66	1.54
46620	22919	-3.06	-1.99
46621	22919	-2.72	-1.77
46622	22919	-2.42	-1.6
46623	22919	-2.11	-1.45
46624	22919	-1.75	-1.31
46625	22919	-1.39	-1.16
46626	22919	-1.04	-0.99
46627	22919	-0.69	-0.82
46628	22919	-0.34	-0.65
46620	22920	2.65	2.48
46621	22920	2.43	2.15
46622	22920	2.23	1.81
46623	22920	2.05	1.49
46624	22920	1.91	1.17
46625	22920	1.82	0.88
46626	22920	1.73	0.51
46627	22920	1.65	0.14
46628	22920	1.54	-0.25
46641	22917	-0.9	1.27
46642	22917	-1.12	0.94
46643	22917	-1.13	0.59
46644	22917	-1.14	0.24
46645	22917	-1.14	-0.13
46646	22917	-1.14	-0.52
46647	22917	-1.14	-0.91
46648	22917	-1.13	-1.31
46649	22917	-1.12	-1.71
46641	22919	0.02	-0.45
46642	22919	0.35	-0.22
46643	22919	0.68	0.01
46644	22919	1.0	0.24
46645	22919	1.33	0.47
46646	22919	1.66	0.7
46647	22919	1.98	0.93
46648	22919	2.31	1.16
46649	22919	2.64	1.39
46641	22920	1.41	-0.65
46642	22920	1.23	-1.04
46643	22920	0.94	-1.44
46644	22920	0.66	-1.85
46645	22920	0.36	-2.25
46646	22920	0.07	-2.66
46647	22920	-0.23	-3.06
46648	22920	-0.57	-3.42
46649	22920	-0.92	-3.64
46662	22917	0.65	5.84
46663	22917	0.63	5.47
46664	22917	0.61	5.11
46665	22917	0.58	4.76
46666	22917	0.55	4.42
46667	22917	0.51	4.07
46668	22917	0.47	3.73
46669	22917	0.43	3.39
46670	22917	0.39	3.05
46662	22919	-5.07	-3.3
46663	22919	-4.74	-3.08
46664	22919	-4.4	-2.86
46665	22919	-4.07	-2.64
46666	22919	-3.73	-2.42
46667	22919	-3.39	-2.21
46668	22919	-3.06	-1.99
46669	22919	-2.72	-1.77
46670	22919	-2.42	-1.6
46662	22920	4.18	4.4
46663	22920	3.92	4.1
46664	22920	3.66	3.79
46665	22920	3.4	3.47
46666	22920	3.14	3.14
46667	22920	2.88	2.81
46668	22920	2.65	2.48
46669	22920	2.43	2.15
46670	22920	2.23	1.81
46683	22917	0.71	7.02
46684	22917	0.69	6.62
46685	22917	0.67	6.23
46686	22917	0.65	5.84
46687	22917	0.63	5.47
46688	22917	0.61	5.11
46689	22917	0.58	4.76
46690	22917	0.55	4.42
46691	22917	0.51	4.07
46683	22919	-6.08	-3.95
46684	22919	-5.74	-3.73
46685	22919	-5.41	-3.51
46686	22919	-5.07	-3.3
46687	22919	-4.74	-3.08
46688	22919	-4.4	-2.86
46689	22919	-4.07	-2.64
46690	22919	-3.73	-2.42
46691	22919	-3.39	-2.21
46683	22920	5.01	5.27
46684	22920	4.73	4.98
46685	22920	4.46	4.69
46686	22920	4.18	4.4
46687	22920	3.92	4.1
46688	22920	3.66	3.79
46689	22920	3.4	3.47
46690	22920	3.14	3.14
46691	22920	2.88	2.81
46704	22917	0.65	5.84
46705	22917	0.63	5.47
46706	22917	0.61	5.11
46707	22917	0.58	4.76
46708	22917	0.55	4.42
46709	22917	0.51	4.07
46710	22917	0.47	3.73
46711	22917	0.43	3.39
46712	22917	0.39	3.05
46704	22919	-5.07	-3.3
46705	22919	-4.74	-3.08
46706	22919	-4.4	-2.86
46707	22919	-4.07	-2.64
46708	22919	-3.73	-2.42
46709	22919	-3.39	-2.21
46710	22919	-3.06	-1.99
46711	22919	-2.72	-1.77
46712	22919	-2.42	-1.6
46704	22920	4.18	4.4
46705	22920	3.92	4.1
46706	22920	3.66	3.79
46707	22920	3.4	3.47
46708	22920	3.14	3.14
46709	22920	2.88	2.81
46710	22920	2.65	2.48
46711	22920	2.43	2.15
46712	22920	2.23	1.81
46725	22922	3.1	7.6
46726	22922	2.95	7.23
46727	22922	2.8	6.86
46728	22922	2.65	6.49
46729	22922	2.5	6.12
46730	22922	2.35	5.75
46731	22922	2.19	5.38
46732	22922	2.04	5.01
46733	22922	1.89	4.64
46725	22923	-8.13	-2.79
46726	22923	-7.75	-2.66
46727	22923	-7.37	-2.53
46728	22923	-6.99	-2.4
46729	22923	-6.61	-2.27
46730	22923	-6.23	-2.14
46731	22923	-5.86	-2.02
46732	22923	-5.47	-1.9
46733	22923	-5.09	-1.78
46725	22924	-0.63	-8.24
46726	22924	-0.6	-7.84
46727	22924	-0.57	-7.44
46728	22924	-0.54	-7.05
46729	22924	-0.51	-6.65
46730	22924	-0.48	-6.25
46731	22924	-0.45	-5.85
46732	22924	-0.42	-5.45
46733	22924	-0.39	-5.05
46746	22922	0.84	2.05
46747	22922	0.63	1.62
46748	22922	0.45	1.25
46749	22922	0.28	0.89
46750	22922	0.1	0.52
46751	22922	-0.08	0.15
46752	22922	-0.24	-0.21
46753	22922	-0.38	-0.58
46754	22922	-0.53	-0.95
46746	22923	-2.35	-1.2
46747	22923	-1.94	-1.14
46748	22923	-1.48	-1.16
46749	22923	-1.01	-1.18
46750	22923	-0.55	-1.2
46751	22923	-0.09	-1.22
46752	22923	0.37	-1.24
46753	22923	0.77	-1.11
46754	22923	1.12	-0.93
46746	22924	-0.02	-2.13
46747	22924	0.13	-1.77
46748	22924	0.32	-1.46
46749	22924	0.52	-1.16
46750	22924	0.71	-0.85
46751	22924	0.91	-0.55
46752	22924	1.01	-0.16
46753	22924	1.06	0.28
46754	22924	1.11	0.72
46767	22922	1.74	4.27
46768	22922	1.59	3.9
46769	22922	1.44	3.53
46770	22922	1.29	3.16
46771	22922	1.14	2.79
46772	22922	0.99	2.42
46773	22922	0.84	2.05
46774	22922	0.63	1.62
46775	22922	0.45	1.25
46767	22923	-4.7	-1.68
46768	22923	-4.31	-1.57
46769	22923	-3.9	-1.47
46770	22923	-3.5	-1.37
46771	22923	-3.12	-1.31
46772	22923	-2.73	-1.25
46773	22923	-2.35	-1.2
46774	22923	-1.94	-1.14
46775	22923	-1.48	-1.16
46767	22924	-0.36	-4.65
46768	22924	-0.33	-4.25
46769	22924	-0.29	-3.86
46770	22924	-0.25	-3.45
46771	22924	-0.18	-3.01
46772	22924	-0.1	-2.57
46773	22924	-0.02	-2.13
46774	22924	0.13	-1.77
46775	22924	0.32	-1.46
46788	22922	2.19	5.38
46789	22922	2.04	5.01
46790	22922	1.89	4.64
46791	22922	1.74	4.27
46792	22922	1.59	3.9
46793	22922	1.44	3.53
46794	22922	1.29	3.16
46795	22922	1.14	2.79
46796	22922	0.99	2.42
46788	22923	-5.86	-2.02
46789	22923	-5.47	-1.9
46790	22923	-5.09	-1.78
46791	22923	-4.7	-1.68
46792	22923	-4.31	-1.57
46793	22923	-3.9	-1.47
46794	22923	-3.5	-1.37
46795	22923	-3.12	-1.31
46796	22923	-2.73	-1.25
46788	22924	-0.45	-5.85
46789	22924	-0.42	-5.45
46790	22924	-0.39	-5.05
46791	22924	-0.36	-4.65
46792	22924	-0.33	-4.25
46793	22924	-0.29	-3.86
46794	22924	-0.25	-3.45
46795	22924	-0.18	-3.01
46796	22924	-0.1	-2.57
46809	22930	6.84	-6.87
46810	22930	6.56	-6.59
46811	22930	6.28	-6.3
46812	22930	6.0	-6.01
46813	22930	5.73	-5.73
46814	22930	5.46	-5.44
46815	22930	5.2	-5.15
46816	22930	4.93	-4.86
46817	22930	4.67	-4.58
46830	22930	5.2	-5.15
46831	22930	4.93	-4.86
46832	22930	4.67	-4.58
46833	22930	4.41	-4.29
46834	22930	4.15	-4.02
46835	22930	3.89	-3.74
46836	22930	3.62	-3.46
46837	22930	3.36	-3.19
46838	22930	3.1	-2.9
46851	22930	4.41	-4.29
46852	22930	4.15	-4.02
46853	22930	3.89	-3.74
46854	22930	3.62	-3.46
46855	22930	3.36	-3.19
46856	22930	3.1	-2.9
46857	22930	2.85	-2.59
46858	22930	2.59	-2.28
46859	22930	2.33	-1.98
46872	22930	3.62	-3.46
46873	22930	3.36	-3.19
46874	22930	3.1	-2.9
46875	22930	2.85	-2.59
46876	22930	2.59	-2.28
46877	22930	2.33	-1.98
46878	22930	2.07	-1.71
46879	22930	1.97	-1.31
46880	22930	1.85	-0.86
46893	22930	2.85	-2.59
46894	22930	2.59	-2.28
46895	22930	2.33	-1.98
46896	22930	2.07	-1.71
46897	22930	1.97	-1.31
46898	22930	1.85	-0.86
46899	22930	1.72	-0.4
46900	22930	1.58	0.05
46901	22930	1.42	0.53
46914	22930	4.41	-4.29
46915	22930	4.15	-4.02
46916	22930	3.89	-3.74
46917	22930	3.62	-3.46
46918	22930	3.36	-3.19
46919	22930	3.1	-2.9
46920	22930	2.85	-2.59
46921	22930	2.59	-2.28
46922	22930	2.33	-1.98
46935	22931	-5.26	7.13
46936	22931	-5.02	6.81
46937	22931	-4.78	6.49
46938	22931	-4.55	6.17
46939	22931	-4.31	5.84
46940	22931	-4.07	5.52
46941	22931	-3.83	5.2
46942	22931	-3.6	4.88
46943	22931	-3.36	4.57
46956	22931	-3.13	4.25
46957	22931	-2.9	3.94
46958	22931	-2.68	3.64
46959	22931	-2.45	3.34
46960	22931	-2.23	3.03
46961	22931	-2.03	2.75
46962	22931	-1.85	2.46
46963	22931	-1.66	2.16
46964	22931	-1.48	1.86
46977	22931	-3.83	5.2
46978	22931	-3.6	4.88
46979	22931	-3.36	4.57
46980	22931	-3.13	4.25
46981	22931	-2.9	3.94
46982	22931	-2.68	3.64
46983	22931	-2.45	3.34
46984	22931	-2.23	3.03
46985	22931	-2.03	2.75
46998	22931	-3.13	4.25
46999	22931	-2.9	3.94
47000	22931	-2.68	3.64
47001	22931	-2.45	3.34
47002	22931	-2.23	3.03
47003	22931	-2.03	2.75
47004	22931	-1.85	2.46
47005	22931	-1.66	2.16
47006	22931	-1.48	1.86
47124	22942	0.98	-2.28
47125	22942	0.85	-2.16
47126	22942	0.75	-2.09
47127	22942	0.66	-2.03
47128	22942	0.56	-1.98
47129	22942	0.46	-1.93
47130	22942	0.37	-1.88
47131	22942	0.25	-1.84
47132	22942	0.18	-1.78
47145	22942	0.98	-2.28
47146	22942	0.85	-2.16
47147	22942	0.75	-2.09
47148	22942	0.66	-2.03
47149	22942	0.56	-1.98
47150	22942	0.46	-1.93
47151	22942	0.37	-1.88
47152	22942	0.25	-1.84
47153	22942	0.18	-1.78
47586	22963	-0.01	-8.51
47587	22963	-0.01	-8.11
47588	22963	-0.01	-7.71
47589	22963	-0.01	-7.31
47590	22963	-0.01	-6.91
47591	22963	-0.01	-6.51
47592	22963	-0.0	-6.11
47593	22963	0.01	-5.71
47594	22963	0.04	-5.31
47607	22963	-0.01	-7.31
47608	22963	-0.01	-6.91
47609	22963	-0.01	-6.51
47610	22963	-0.0	-6.11
47611	22963	0.01	-5.71
47612	22963	0.04	-5.31
47613	22963	0.06	-4.91
47614	22963	0.1	-4.51
47615	22963	0.13	-4.1
47628	22963	-0.0	-6.11
47629	22963	0.01	-5.71
47630	22963	0.04	-5.31
47631	22963	0.06	-4.91
47632	22963	0.1	-4.51
47633	22963	0.13	-4.1
47634	22963	0.16	-3.67
47635	22963	0.19	-3.23
47636	22963	0.21	-2.8
47649	22963	0.06	-4.91
47650	22963	0.1	-4.51
47651	22963	0.13	-4.1
47652	22963	0.16	-3.67
47653	22963	0.19	-3.23
47654	22963	0.21	-2.8
47655	22963	0.18	-2.32
47656	22963	0.21	-1.79
47657	22963	0.26	-1.29
47670	22963	-0.01	-7.31
47671	22963	-0.01	-6.91
47672	22963	-0.01	-6.51
47673	22963	-0.0	-6.11
47674	22963	0.01	-5.71
47675	22963	0.04	-5.31
47676	22963	0.06	-4.91
47677	22963	0.1	-4.51
47678	22963	0.13	-4.1
47691	22963	-0.0	-6.11
47692	22963	0.01	-5.71
47693	22963	0.04	-5.31
47694	22963	0.06	-4.91
47695	22963	0.1	-4.51
47696	22963	0.13	-4.1
47697	22963	0.16	-3.67
47698	22963	0.19	-3.23
47699	22963	0.21	-2.8
47712	22963	-0.01	-8.51
47713	22963	-0.01	-8.11
47714	22963	-0.01	-7.71
47715	22963	-0.01	-7.31
47716	22963	-0.01	-6.91
47717	22963	-0.01	-6.51
47718	22963	-0.0	-6.11
47719	22963	0.01	-5.71
47720	22963	0.04	-5.31
47733	22963	0.06	-4.91
47734	22963	0.1	-4.51
47735	22963	0.13	-4.1
47736	22963	0.16	-3.67
47737	22963	0.19	-3.23
47738	22963	0.21	-2.8
47739	22963	0.18	-2.32
47740	22963	0.21	-1.79
47741	22963	0.26	-1.29
47964	22982	8.35	-3.63
47965	22982	7.99	-3.47
47966	22982	7.62	-3.31
47967	22982	7.25	-3.15
47968	22982	6.89	-2.99
47969	22982	6.52	-2.83
47970	22982	6.15	-2.67
47971	22982	5.78	-2.51
47972	22982	5.41	-2.35
47964	22983	6.31	-7.23
47965	22983	6.05	-6.93
47966	22983	5.79	-6.63
47967	22983	5.52	-6.33
47968	22983	5.26	-6.03
47969	22983	5.0	-5.73
47970	22983	4.73	-5.42
47971	22983	4.47	-5.12
47972	22983	4.21	-4.82
47985	22982	8.35	-3.63
47986	22982	7.99	-3.47
47987	22982	7.62	-3.31
47988	22982	7.25	-3.15
47989	22982	6.89	-2.99
47990	22982	6.52	-2.83
47991	22982	6.15	-2.67
47992	22982	5.78	-2.51
47993	22982	5.41	-2.35
47985	22983	6.31	-7.23
47986	22983	6.05	-6.93
47987	22983	5.79	-6.63
47988	22983	5.52	-6.33
47989	22983	5.26	-6.03
47990	22983	5.0	-5.73
47991	22983	4.73	-5.42
47992	22983	4.47	-5.12
47993	22983	4.21	-4.82
48006	22982	-0.74	-0.74
48007	22982	-1.26	-0.62
48008	22982	-1.78	-0.5
48009	22982	-2.31	-0.38
48010	22982	-2.82	-0.24
48011	22982	-3.23	-0.02
48012	22982	-3.56	0.21
48013	22982	-3.89	0.43
48014	22982	-4.22	0.66
48006	22983	0.75	-1.76
48007	22983	0.51	-1.71
48008	22983	0.29	-1.66
48009	22983	0.13	-1.59
48010	22983	-0.03	-1.52
48011	22983	-0.19	-1.46
48012	22983	-0.35	-1.39
48013	22983	-0.5	-1.32
48014	22983	-0.65	-1.25
48027	22986	-2.47	-6.24
48028	22986	-2.32	-5.87
48029	22986	-2.18	-5.5
48030	22986	-2.03	-5.13
48031	22986	-1.88	-4.75
48032	22986	-1.73	-4.38
48033	22986	-1.59	-4.01
48034	22986	-1.44	-3.64
48035	22986	-1.29	-3.26
48027	22989	-6.7	2.83
48028	22989	-6.33	2.67
48029	22989	-5.96	2.52
48030	22989	-5.6	2.36
48031	22989	-5.23	2.21
48032	22989	-4.86	2.06
48033	22989	-4.48	1.92
48034	22989	-4.1	1.79
48035	22989	-3.71	1.66
48048	22986	-2.47	-6.24
48049	22986	-2.32	-5.87
48050	22986	-2.18	-5.5
48051	22986	-2.03	-5.13
48052	22986	-1.88	-4.75
48053	22986	-1.73	-4.38
48054	22986	-1.59	-4.01
48055	22986	-1.44	-3.64
48056	22986	-1.29	-3.26
48048	22989	-6.7	2.83
48049	22989	-6.33	2.67
48050	22989	-5.96	2.52
48051	22989	-5.6	2.36
48052	22989	-5.23	2.21
48053	22989	-4.86	2.06
48054	22989	-4.48	1.92
48055	22989	-4.1	1.79
48056	22989	-3.71	1.66
48069	22986	-1.59	-4.01
48070	22986	-1.44	-3.64
48071	22986	-1.29	-3.26
48072	22986	-1.16	-2.86
48073	22986	-1.05	-2.42
48074	22986	-0.95	-2.02
48075	22986	-0.85	-1.64
48076	22986	-0.77	-1.25
48077	22986	-0.67	-0.87
48069	22989	-4.48	1.92
48070	22989	-4.1	1.79
48071	22989	-3.71	1.66
48072	22989	-3.3	1.52
48073	22989	-2.89	1.37
48074	22989	-2.43	1.29
48075	22989	-1.94	1.25
48076	22989	-1.44	1.21
48077	22989	-0.95	1.17
48090	22986	-2.91	-7.36
48091	22986	-2.76	-6.99
48092	22986	-2.62	-6.61
48093	22986	-2.47	-6.24
48094	22986	-2.32	-5.87
48095	22986	-2.18	-5.5
48096	22986	-2.03	-5.13
48097	22986	-1.88	-4.75
48098	22986	-1.73	-4.38
48090	22989	-7.81	3.3
48091	22989	-7.44	3.14
48092	22989	-7.07	2.98
48093	22989	-6.7	2.83
48094	22989	-6.33	2.67
48095	22989	-5.96	2.52
48096	22989	-5.6	2.36
48097	22989	-5.23	2.21
48098	22989	-4.86	2.06
48111	22986	-2.03	-5.13
48112	22986	-1.88	-4.75
48113	22986	-1.73	-4.38
48114	22986	-1.59	-4.01
48115	22986	-1.44	-3.64
48116	22986	-1.29	-3.26
48117	22986	-1.16	-2.86
48118	22986	-1.05	-2.42
48119	22986	-0.95	-2.02
48111	22989	-5.6	2.36
48112	22989	-5.23	2.21
48113	22989	-4.86	2.06
48114	22989	-4.48	1.92
48115	22989	-4.1	1.79
48116	22989	-3.71	1.66
48117	22989	-3.3	1.52
48118	22989	-2.89	1.37
48119	22989	-2.43	1.29
48132	22986	-2.47	-6.24
48133	22986	-2.32	-5.87
48134	22986	-2.18	-5.5
48135	22986	-2.03	-5.13
48136	22986	-1.88	-4.75
48137	22986	-1.73	-4.38
48138	22986	-1.59	-4.01
48139	22986	-1.44	-3.64
48140	22986	-1.29	-3.26
48132	22989	-6.7	2.83
48133	22989	-6.33	2.67
48134	22989	-5.96	2.52
48135	22989	-5.6	2.36
48136	22989	-5.23	2.21
48137	22989	-4.86	2.06
48138	22989	-4.48	1.92
48139	22989	-4.1	1.79
48140	22989	-3.71	1.66
48153	22986	-3.35	-8.47
48154	22986	-3.21	-8.1
48155	22986	-3.06	-7.73
48156	22986	-2.91	-7.36
48157	22986	-2.76	-6.99
48158	22986	-2.62	-6.61
48159	22986	-2.47	-6.24
48160	22986	-2.32	-5.87
48161	22986	-2.18	-5.5
48153	22989	-8.91	3.76
48154	22989	-8.54	3.61
48155	22989	-8.18	3.45
48156	22989	-7.81	3.3
48157	22989	-7.44	3.14
48158	22989	-7.07	2.98
48159	22989	-6.7	2.83
48160	22989	-6.33	2.67
48161	22989	-5.96	2.52
48174	22991	-5.63	7.64
48175	22991	-5.4	7.32
48176	22991	-5.16	6.99
48177	22991	-4.92	6.67
48178	22991	-4.68	6.35
48179	22991	-4.45	6.03
48180	22991	-4.21	5.71
48181	22991	-3.97	5.39
48182	22991	-3.73	5.07
48174	22993	6.01	7.89
48175	22993	5.77	7.57
48176	22993	5.53	7.25
48177	22993	5.28	6.93
48178	22993	5.04	6.62
48179	22993	4.8	6.3
48180	22993	4.56	5.98
48181	22993	4.31	5.66
48182	22993	4.07	5.34
48195	22991	-1.07	1.92
48196	22991	-0.87	1.76
48197	22991	-0.67	1.59
48198	22991	-0.46	1.43
48199	22991	-0.24	1.27
48200	22991	-0.0	1.1
48201	22991	0.23	0.94
48202	22991	0.46	0.77
48203	22991	0.69	0.47
48195	22993	0.91	1.35
48196	22993	0.66	1.03
48197	22993	0.41	0.71
48198	22993	0.16	0.38
48199	22993	-0.09	0.06
48200	22993	-0.34	-0.26
48201	22993	-0.58	-0.58
48202	22993	-0.82	-0.9
48203	22993	-1.06	-1.23
48216	22991	-5.63	7.64
48217	22991	-5.4	7.32
48218	22991	-5.16	6.99
48219	22991	-4.92	6.67
48220	22991	-4.68	6.35
48221	22991	-4.45	6.03
48222	22991	-4.21	5.71
48223	22991	-3.97	5.39
48224	22991	-3.73	5.07
48216	22993	6.01	7.89
48217	22993	5.77	7.57
48218	22993	5.53	7.25
48219	22993	5.28	6.93
48220	22993	5.04	6.62
48221	22993	4.8	6.3
48222	22993	4.56	5.98
48223	22993	4.31	5.66
48224	22993	4.07	5.34
48237	22991	-4.21	5.71
48238	22991	-3.97	5.39
48239	22991	-3.73	5.07
48240	22991	-3.49	4.77
48241	22991	-3.25	4.47
48242	22991	-3.01	4.17
48243	22991	-2.81	3.87
48244	22991	-2.6	3.59
48245	22991	-2.38	3.3
48237	22993	4.56	5.98
48238	22993	4.31	5.66
48239	22993	4.07	5.34
48240	22993	3.83	5.02
48241	22993	3.6	4.71
48242	22993	3.37	4.4
48243	22993	3.13	4.1
48244	22993	2.89	3.81
48245	22993	2.64	3.53
48258	22991	-1.62	2.42
48259	22991	-1.44	2.25
48260	22991	-1.27	2.08
48261	22991	-1.07	1.92
48262	22991	-0.87	1.76
48263	22991	-0.67	1.59
48264	22991	-0.46	1.43
48265	22991	-0.24	1.27
48266	22991	-0.0	1.1
48258	22993	1.66	2.33
48259	22993	1.41	2.0
48260	22993	1.16	1.68
48261	22993	0.91	1.35
48262	22993	0.66	1.03
48263	22993	0.41	0.71
48264	22993	0.16	0.38
48265	22993	-0.09	0.06
48266	22993	-0.34	-0.26
48300	23009	-1.59	-3.24
48301	23009	-1.38	-3.01
48302	23009	-1.17	-2.76
48303	23009	-0.97	-2.53
48304	23009	-0.78	-2.32
48305	23009	-0.6	-2.11
48306	23009	-0.41	-1.9
48307	23009	-0.22	-1.69
48308	23009	-0.04	-1.48
48321	23009	0.15	-1.27
48322	23009	0.34	-1.06
48323	23009	0.52	-0.85
48324	23009	0.71	-0.64
48325	23009	0.9	-0.43
48326	23009	1.08	-0.22
48327	23009	1.27	-0.01
48328	23009	1.47	0.22
48329	23009	1.66	0.45
48342	23009	-2.27	-4.15
48343	23009	-2.04	-3.79
48344	23009	-1.81	-3.47
48345	23009	-1.59	-3.24
48346	23009	-1.38	-3.01
48347	23009	-1.17	-2.76
48348	23009	-0.97	-2.53
48349	23009	-0.78	-2.32
48350	23009	-0.6	-2.11
48363	23009	-0.97	-2.53
48364	23009	-0.78	-2.32
48365	23009	-0.6	-2.11
48366	23009	-0.41	-1.9
48367	23009	-0.22	-1.69
48368	23009	-0.04	-1.48
48369	23009	0.15	-1.27
48370	23009	0.34	-1.06
48371	23009	0.52	-0.85
48384	23009	0.15	-1.27
48385	23009	0.34	-1.06
48386	23009	0.52	-0.85
48387	23009	0.71	-0.64
48388	23009	0.9	-0.43
48389	23009	1.08	-0.22
48390	23009	1.27	-0.01
48391	23009	1.47	0.22
48392	23009	1.66	0.45
48405	23009	0.71	-0.64
48406	23009	0.9	-0.43
48407	23009	1.08	-0.22
48408	23009	1.27	-0.01
48409	23009	1.47	0.22
48410	23009	1.66	0.45
48411	23009	1.83	0.68
48412	23009	1.97	0.93
48413	23009	2.1	1.2
48426	23011	-5.54	4.55
48427	23011	-5.23	4.29
48428	23011	-4.92	4.04
48429	23011	-4.61	3.79
48430	23011	-4.3	3.53
48431	23011	-3.99	3.28
48432	23011	-3.68	3.03
48433	23011	-3.37	2.78
48434	23011	-3.03	2.54
48447	23011	-4.61	3.79
48448	23011	-4.3	3.53
48449	23011	-3.99	3.28
48450	23011	-3.68	3.03
48451	23011	-3.37	2.78
48452	23011	-3.03	2.54
48453	23011	-2.69	2.28
48454	23011	-2.39	2.12
48455	23011	-2.14	2.04
48468	23016	-1.52	-0.0
48469	23016	-1.06	-0.07
48470	23016	-0.6	-0.16
48471	23016	-0.14	-0.25
48472	23016	0.28	-0.33
48473	23016	0.68	-0.41
48474	23016	1.08	-0.49
48475	23016	1.48	-0.57
48476	23016	1.88	-0.65
48468	23017	-1.95	1.49
48469	23017	-1.58	1.41
48470	23017	-1.21	1.39
48471	23017	-0.85	1.38
48472	23017	-0.47	1.37
48473	23017	-0.1	1.35
48474	23017	0.27	1.34
48475	23017	0.65	1.33
48476	23017	1.03	1.32
48489	23016	-0.14	-0.25
48490	23016	0.28	-0.33
48491	23016	0.68	-0.41
48492	23016	1.08	-0.49
48493	23016	1.48	-0.57
48494	23016	1.88	-0.65
48495	23016	2.29	-0.72
48496	23016	2.69	-0.8
48497	23016	3.09	-0.88
48489	23017	-0.85	1.38
48490	23017	-0.47	1.37
48491	23017	-0.1	1.35
48492	23017	0.27	1.34
48493	23017	0.65	1.33
48494	23017	1.03	1.32
48495	23017	1.4	1.3
48496	23017	1.78	1.29
48497	23017	2.16	1.27
48510	23016	1.08	-0.49
48511	23016	1.48	-0.57
48512	23016	1.88	-0.65
48513	23016	2.29	-0.72
48514	23016	2.69	-0.8
48515	23016	3.09	-0.88
48516	23016	3.49	-0.95
48517	23016	3.91	-1.0
48518	23016	4.34	-0.97
48510	23017	0.27	1.34
48511	23017	0.65	1.33
48512	23017	1.03	1.32
48513	23017	1.4	1.3
48514	23017	1.78	1.29
48515	23017	2.16	1.27
48516	23017	2.53	1.25
48517	23017	2.91	1.21
48518	23017	3.3	1.08
48531	23016	1.08	-0.49
48532	23016	1.48	-0.57
48533	23016	1.88	-0.65
48534	23016	2.29	-0.72
48535	23016	2.69	-0.8
48536	23016	3.09	-0.88
48537	23016	3.49	-0.95
48538	23016	3.91	-1.0
48539	23016	4.34	-0.97
48531	23017	0.27	1.34
48532	23017	0.65	1.33
48533	23017	1.03	1.32
48534	23017	1.4	1.3
48535	23017	1.78	1.29
48536	23017	2.16	1.27
48537	23017	2.53	1.25
48538	23017	2.91	1.21
48539	23017	3.3	1.08
48552	23023	-7.8	-2.74
48553	23023	-7.42	-2.61
48554	23023	-7.05	-2.47
48555	23023	-6.67	-2.34
48556	23023	-6.29	-2.21
48557	23023	-5.91	-2.08
48558	23023	-5.54	-1.94
48559	23023	-5.16	-1.81
48560	23023	-4.78	-1.68
48573	23023	-4.41	-1.55
48574	23023	-4.03	-1.41
48575	23023	-3.65	-1.28
48576	23023	-3.27	-1.15
48577	23023	-2.9	-1.02
48578	23023	-2.52	-0.88
48579	23023	-2.14	-0.75
48580	23023	-1.68	-0.57
48581	23023	-1.32	-0.42
48594	23023	-5.54	-1.94
48595	23023	-5.16	-1.81
48596	23023	-4.78	-1.68
48597	23023	-4.41	-1.55
48598	23023	-4.03	-1.41
48599	23023	-3.65	-1.28
48600	23023	-3.27	-1.15
48601	23023	-2.9	-1.02
48602	23023	-2.52	-0.88
48615	23023	-7.8	-2.74
48616	23023	-7.42	-2.61
48617	23023	-7.05	-2.47
48618	23023	-6.67	-2.34
48619	23023	-6.29	-2.21
48620	23023	-5.91	-2.08
48621	23023	-5.54	-1.94
48622	23023	-5.16	-1.81
48623	23023	-4.78	-1.68
48720	23028	3.46	-2.72
48721	23028	3.17	-2.43
48722	23028	2.86	-2.13
48723	23028	2.54	-1.83
48724	23028	2.22	-1.57
48725	23028	1.92	-1.28
48726	23028	1.66	-0.86
48727	23028	1.41	-0.45
48728	23028	1.16	-0.04
48720	23033	-4.96	1.65
48721	23033	-4.57	1.56
48722	23033	-4.19	1.48
48723	23033	-3.82	1.4
48724	23033	-3.45	1.33
48725	23033	-3.09	1.25
48726	23033	-2.78	1.2
48727	23033	-2.48	1.14
48728	23033	-2.18	1.09
48804	23041	-3.81	-0.33
48805	23041	-3.47	-0.3
48806	23041	-3.14	-0.3
48807	23041	-2.75	-0.31
48808	23041	-2.37	-0.33
48809	23041	-1.96	-0.37
48810	23041	-1.55	-0.43
48811	23041	-1.13	-0.5
48812	23041	-0.71	-0.57
48825	23041	-0.29	-0.64
48826	23041	0.13	-0.7
48827	23041	0.56	-0.77
48828	23041	1.0	-0.83
48829	23041	1.46	-0.87
48830	23041	1.88	-0.83
48831	23041	2.27	-0.74
48832	23041	2.66	-0.66
48833	23041	3.05	-0.57
48846	23041	-3.81	-0.33
48847	23041	-3.47	-0.3
48848	23041	-3.14	-0.3
48849	23041	-2.75	-0.31
48850	23041	-2.37	-0.33
48851	23041	-1.96	-0.37
48852	23041	-1.55	-0.43
48853	23041	-1.13	-0.5
48854	23041	-0.71	-0.57
48867	23041	-2.75	-0.31
48868	23041	-2.37	-0.33
48869	23041	-1.96	-0.37
48870	23041	-1.55	-0.43
48871	23041	-1.13	-0.5
48872	23041	-0.71	-0.57
48873	23041	-0.29	-0.64
48874	23041	0.13	-0.7
48875	23041	0.56	-0.77
48888	23041	-3.81	-0.33
48889	23041	-3.47	-0.3
48890	23041	-3.14	-0.3
48891	23041	-2.75	-0.31
48892	23041	-2.37	-0.33
48893	23041	-1.96	-0.37
48894	23041	-1.55	-0.43
48895	23041	-1.13	-0.5
48896	23041	-0.71	-0.57
48909	23045	-7.61	5.69
48910	23045	-7.29	5.45
48911	23045	-6.97	5.21
48912	23045	-6.65	4.98
48913	23045	-6.32	4.74
48914	23045	-5.99	4.5
48915	23045	-5.66	4.26
48916	23045	-5.33	4.03
48917	23045	-5.0	3.79
48930	23045	-5.66	4.26
48931	23045	-5.33	4.03
48932	23045	-5.0	3.79
48933	23045	-4.66	3.55
48934	23045	-4.33	3.31
48935	23045	-3.99	3.07
48936	23045	-3.66	2.83
48937	23045	-3.32	2.58
48938	23045	-2.98	2.34
48951	23045	-6.65	4.98
48952	23045	-6.32	4.74
48953	23045	-5.99	4.5
48954	23045	-5.66	4.26
48955	23045	-5.33	4.03
48956	23045	-5.0	3.79
48957	23045	-4.66	3.55
48958	23045	-4.33	3.31
48959	23045	-3.99	3.07
48972	23045	-5.66	4.26
48973	23045	-5.33	4.03
48974	23045	-5.0	3.79
48975	23045	-4.66	3.55
48976	23045	-4.33	3.31
48977	23045	-3.99	3.07
48978	23045	-3.66	2.83
48979	23045	-3.32	2.58
48980	23045	-2.98	2.34
48993	23045	-6.65	4.98
48994	23045	-6.32	4.74
48995	23045	-5.99	4.5
48996	23045	-5.66	4.26
48997	23045	-5.33	4.03
48998	23045	-5.0	3.79
48999	23045	-4.66	3.55
49000	23045	-4.33	3.31
49001	23045	-3.99	3.07
49014	23045	-4.66	3.55
49015	23045	-4.33	3.31
49016	23045	-3.99	3.07
49017	23045	-3.66	2.83
49018	23045	-3.32	2.58
49019	23045	-2.98	2.34
49020	23045	-2.65	2.07
49021	23045	-2.32	1.77
49022	23045	-1.99	1.48
49035	23045	-1.07	-0.0
49036	23045	-0.9	-0.38
49037	23045	-0.71	-0.72
49038	23045	-0.37	-0.93
49039	23045	-0.03	-1.14
49040	23045	0.31	-1.34
49041	23045	0.65	-1.55
49042	23045	1.0	-1.76
49043	23045	1.34	-1.96
49056	23045	-0.37	-0.93
49057	23045	-0.03	-1.14
49058	23045	0.31	-1.34
49059	23045	0.65	-1.55
49060	23045	1.0	-1.76
49061	23045	1.34	-1.96
49062	23045	1.68	-2.17
49063	23045	2.03	-2.38
49064	23045	2.37	-2.58
49077	23048	0.16	-1.07
49078	23048	0.44	-1.36
49079	23048	0.72	-1.65
49080	23048	0.99	-1.94
49081	23048	1.27	-2.22
49082	23048	1.55	-2.51
49083	23048	1.83	-2.8
49084	23048	2.11	-3.09
49085	23048	2.38	-3.37
49077	23052	1.23	-0.53
49078	23052	1.24	-0.23
49079	23052	1.24	0.06
49080	23052	1.14	0.35
49081	23052	0.94	0.61
49082	23052	0.74	0.88
49083	23052	0.54	1.15
49084	23052	0.35	1.41
49085	23052	0.15	1.68
49098	23053	0.86	-1.74
49099	23053	0.65	-1.74
49100	23053	0.44	-1.74
49101	23053	0.22	-1.75
49102	23053	0.01	-1.76
49103	23053	-0.19	-1.77
49104	23053	-0.29	-1.71
49105	23053	-0.38	-1.65
49106	23053	-0.47	-1.59
49098	23056	1.95	0.3
49099	23056	1.64	0.22
49100	23056	1.34	0.15
49101	23056	1.05	0.07
49102	23056	0.76	0.01
49103	23056	0.48	-0.06
49104	23056	0.19	-0.1
49105	23056	-0.1	-0.14
49106	23056	-0.39	-0.19
49119	23053	1.56	-1.98
49120	23053	1.28	-1.76
49121	23053	1.07	-1.75
49122	23053	0.86	-1.74
49123	23053	0.65	-1.74
49124	23053	0.44	-1.74
49125	23053	0.22	-1.75
49126	23053	0.01	-1.76
49127	23053	-0.19	-1.77
49119	23056	2.87	0.58
49120	23056	2.58	0.48
49121	23056	2.27	0.39
49122	23056	1.95	0.3
49123	23056	1.64	0.22
49124	23056	1.34	0.15
49125	23056	1.05	0.07
49126	23056	0.76	0.01
49127	23056	0.48	-0.06
49140	23058	1.04	0.07
49141	23058	0.69	0.3
49142	23058	0.35	0.53
49143	23058	-0.0	0.75
49144	23058	-0.35	0.98
49145	23058	-0.72	1.12
49146	23058	-1.12	1.2
49147	23058	-1.51	1.29
49148	23058	-1.9	1.38
49161	23058	5.83	-1.89
49162	23058	5.45	-1.77
49163	23058	5.07	-1.63
49164	23058	4.69	-1.49
49165	23058	4.31	-1.34
49166	23058	3.91	-1.18
49167	23058	3.51	-1.03
49168	23058	3.1	-0.86
49169	23058	2.71	-0.67
49182	23058	4.69	-1.49
49183	23058	4.31	-1.34
49184	23058	3.91	-1.18
49185	23058	3.51	-1.03
49186	23058	3.1	-0.86
49187	23058	2.71	-0.67
49188	23058	2.28	-0.49
49189	23058	1.9	-0.37
49190	23058	1.44	-0.17
49203	23058	3.51	-1.03
49204	23058	3.1	-0.86
49205	23058	2.71	-0.67
49206	23058	2.28	-0.49
49207	23058	1.9	-0.37
49208	23058	1.44	-0.17
49209	23058	1.04	0.07
49210	23058	0.69	0.3
49211	23058	0.35	0.53
49224	23058	2.28	-0.49
49225	23058	1.9	-0.37
49226	23058	1.44	-0.17
49227	23058	1.04	0.07
49228	23058	0.69	0.3
49229	23058	0.35	0.53
49230	23058	-0.0	0.75
49231	23058	-0.35	0.98
49232	23058	-0.72	1.12
49413	23076	2.84	-1.2
49414	23076	2.5	-1.18
49415	23076	2.2	-1.27
49416	23076	1.91	-1.36
49417	23076	1.63	-1.46
49418	23076	1.35	-1.55
49419	23076	1.07	-1.61
49420	23076	0.79	-1.66
49421	23076	0.51	-1.71
49434	23076	0.23	-1.76
49435	23076	-0.05	-1.81
49436	23076	-0.33	-1.87
49437	23076	-0.61	-1.92
49438	23076	-0.89	-1.97
49439	23076	-1.16	-1.99
49440	23076	-1.43	-2.01
49441	23076	-1.69	-2.03
49442	23076	-1.96	-2.05
49455	23076	-0.61	-1.92
49456	23076	-0.89	-1.97
49457	23076	-1.16	-1.99
49458	23076	-1.43	-2.01
49459	23076	-1.69	-2.03
49460	23076	-1.96	-2.05
49461	23076	-2.23	-2.07
49462	23076	-2.49	-2.07
49463	23076	-2.72	-2.05
49476	23076	7.45	-2.88
49477	23076	7.07	-2.73
49478	23076	6.7	-2.59
49479	23076	6.33	-2.44
49480	23076	5.95	-2.3
49481	23076	5.58	-2.16
49482	23076	5.2	-2.02
49483	23076	4.81	-1.89
49484	23076	4.42	-1.75
49497	23076	6.33	-2.44
49498	23076	5.95	-2.3
49499	23076	5.58	-2.16
49500	23076	5.2	-2.02
49501	23076	4.81	-1.89
49502	23076	4.42	-1.75
49503	23076	4.03	-1.61
49504	23076	3.63	-1.47
49505	23076	3.24	-1.33
49518	23076	4.03	-1.61
49519	23076	3.63	-1.47
49520	23076	3.24	-1.33
49521	23076	2.84	-1.2
49522	23076	2.5	-1.18
49523	23076	2.2	-1.27
49524	23076	1.91	-1.36
49525	23076	1.63	-1.46
49526	23076	1.35	-1.55
50043	23104	-3.2	-0.13
50044	23104	-2.73	0.02
50045	23104	-2.28	0.14
50046	23104	-1.84	0.24
50047	23104	-1.49	0.52
50048	23104	-1.14	0.82
50049	23104	-0.8	1.12
50050	23104	-0.46	1.42
50051	23104	-0.07	1.51
50043	23106	3.39	-0.6
50044	23106	3.0	-0.53
50045	23106	2.59	-0.4
50046	23106	2.17	-0.21
50047	23106	1.59	-0.09
50048	23106	1.0	0.02
50049	23106	0.41	0.14
50050	23106	-0.18	0.25
50051	23106	-0.6	0.39
50064	23104	-1.84	0.24
50065	23104	-1.49	0.52
50066	23104	-1.14	0.82
50067	23104	-0.8	1.12
50068	23104	-0.46	1.42
50069	23104	-0.07	1.51
50070	23104	0.33	1.5
50071	23104	0.73	1.48
50072	23104	1.13	1.46
50064	23106	2.17	-0.21
50065	23106	1.59	-0.09
50066	23106	1.0	0.02
50067	23106	0.41	0.14
50068	23106	-0.18	0.25
50069	23106	-0.6	0.39
50070	23106	-1.0	0.5
50071	23106	-1.39	0.59
50072	23106	-1.79	0.65
50085	23108	-4.97	-5.19
50086	23108	-4.69	-4.9
50087	23108	-4.42	-4.61
50088	23108	-4.14	-4.32
50089	23108	-3.88	-4.03
50090	23108	-3.62	-3.75
50091	23108	-3.37	-3.47
50092	23108	-3.12	-3.19
50093	23108	-2.86	-2.93
50085	23111	-1.49	-6.59
50086	23111	-1.4	-6.2
50087	23111	-1.31	-5.81
50088	23111	-1.22	-5.42
50089	23111	-1.12	-5.03
50090	23111	-1.01	-4.63
50091	23111	-0.9	-4.23
50092	23111	-0.79	-3.83
50093	23111	-0.68	-3.41
50106	23108	-4.14	-4.32
50107	23108	-3.88	-4.03
50108	23108	-3.62	-3.75
50109	23108	-3.37	-3.47
50110	23108	-3.12	-3.19
50111	23108	-2.86	-2.93
50112	23108	-2.61	-2.66
50113	23108	-2.35	-2.39
50114	23108	-2.1	-2.13
50106	23111	-1.22	-5.42
50107	23111	-1.12	-5.03
50108	23111	-1.01	-4.63
50109	23111	-0.9	-4.23
50110	23111	-0.79	-3.83
50111	23111	-0.68	-3.41
50112	23111	-0.57	-3.0
50113	23111	-0.46	-2.59
50114	23111	-0.36	-2.17
50127	23108	-4.97	-5.19
50128	23108	-4.69	-4.9
50129	23108	-4.42	-4.61
50130	23108	-4.14	-4.32
50131	23108	-3.88	-4.03
50132	23108	-3.62	-3.75
50133	23108	-3.37	-3.47
50134	23108	-3.12	-3.19
50135	23108	-2.86	-2.93
50127	23111	-1.49	-6.59
50128	23111	-1.4	-6.2
50129	23111	-1.31	-5.81
50130	23111	-1.22	-5.42
50131	23111	-1.12	-5.03
50132	23111	-1.01	-4.63
50133	23111	-0.9	-4.23
50134	23111	-0.79	-3.83
50135	23111	-0.68	-3.41
50211	23117	-4.88	6.57
50212	23117	-4.64	6.25
50213	23117	-4.4	5.93
50214	23117	-4.16	5.61
50215	23117	-3.93	5.29
50216	23117	-3.69	4.97
50217	23117	-3.44	4.65
50218	23117	-3.19	4.34
50219	23117	-2.93	4.04
50232	23117	-4.16	5.61
50233	23117	-3.93	5.29
50234	23117	-3.69	4.97
50235	23117	-3.44	4.65
50236	23117	-3.19	4.34
50237	23117	-2.93	4.04
50238	23117	-2.66	3.73
50239	23117	-2.4	3.42
50240	23117	-2.13	3.1
50253	23117	-1.87	2.77
50254	23117	-1.58	2.44
50255	23117	-1.2	2.13
50256	23117	-0.81	1.82
50257	23117	-0.43	1.5
50258	23117	-0.04	1.19
50259	23117	0.34	0.87
50260	23117	0.73	0.54
50261	23117	1.12	0.22
50379	23126	-1.2	-1.02
50380	23126	-1.2	-1.42
50381	23126	-1.11	-1.85
50382	23126	-0.93	-2.23
50383	23126	-0.73	-2.58
50384	23126	-0.54	-2.93
50385	23126	-0.35	-3.28
50386	23126	-0.16	-3.63
50387	23126	0.03	-3.99
50400	23126	-1.19	0.2
50401	23126	-1.19	-0.21
50402	23126	-1.2	-0.61
50403	23126	-1.2	-1.02
50404	23126	-1.2	-1.42
50405	23126	-1.11	-1.85
50406	23126	-0.93	-2.23
50407	23126	-0.73	-2.58
50408	23126	-0.54	-2.93
50421	23126	-1.39	3.81
50422	23126	-1.32	3.4
50423	23126	-1.26	3.0
50424	23126	-1.22	2.61
50425	23126	-1.18	2.22
50426	23126	-1.18	1.82
50427	23126	-1.18	1.41
50428	23126	-1.19	1.01
50429	23126	-1.19	0.6
50442	23134	-5.09	-2.06
50443	23134	-4.72	-1.88
50444	23134	-4.34	-1.7
50445	23134	-3.96	-1.52
50446	23134	-3.58	-1.34
50447	23134	-3.19	-1.16
50448	23134	-2.8	-0.99
50449	23134	-2.39	-0.82
50450	23134	-1.99	-0.65
50463	23134	-3.96	-1.52
50464	23134	-3.58	-1.34
50465	23134	-3.19	-1.16
50466	23134	-2.8	-0.99
50467	23134	-2.39	-0.82
50468	23134	-1.99	-0.65
50469	23134	-1.59	-0.47
50470	23134	-1.18	-0.23
50471	23134	-0.75	0.02
50484	23134	-6.19	-2.57
50485	23134	-5.82	-2.4
50486	23134	-5.46	-2.23
50487	23134	-5.09	-2.06
50488	23134	-4.72	-1.88
50489	23134	-4.34	-1.7
50490	23134	-3.96	-1.52
50491	23134	-3.58	-1.34
50492	23134	-3.19	-1.16
50505	23134	-5.09	-2.06
50506	23134	-4.72	-1.88
50507	23134	-4.34	-1.7
50508	23134	-3.96	-1.52
50509	23134	-3.58	-1.34
50510	23134	-3.19	-1.16
50511	23134	-2.8	-0.99
50512	23134	-2.39	-0.82
50513	23134	-1.99	-0.65
50526	23134	-3.96	-1.52
50527	23134	-3.58	-1.34
50528	23134	-3.19	-1.16
50529	23134	-2.8	-0.99
50530	23134	-2.39	-0.82
50531	23134	-1.99	-0.65
50532	23134	-1.59	-0.47
50533	23134	-1.18	-0.23
50534	23134	-0.75	0.02
50547	23134	-6.19	-2.57
50548	23134	-5.82	-2.4
50549	23134	-5.46	-2.23
50550	23134	-5.09	-2.06
50551	23134	-4.72	-1.88
50552	23134	-4.34	-1.7
50553	23134	-3.96	-1.52
50554	23134	-3.58	-1.34
50555	23134	-3.19	-1.16
50568	23138	-4.05	8.58
50569	23138	-3.88	8.21
50570	23138	-3.71	7.85
50571	23138	-3.54	7.49
50572	23138	-3.37	7.13
50573	23138	-3.19	6.77
50574	23138	-3.02	6.41
50575	23138	-2.85	6.04
50576	23138	-2.68	5.68
50589	23138	-4.05	8.58
50590	23138	-3.88	8.21
50591	23138	-3.71	7.85
50592	23138	-3.54	7.49
50593	23138	-3.37	7.13
50594	23138	-3.19	6.77
50595	23138	-3.02	6.41
50596	23138	-2.85	6.04
50597	23138	-2.68	5.68
50610	23138	-3.54	7.49
50611	23138	-3.37	7.13
50612	23138	-3.19	6.77
50613	23138	-3.02	6.41
50614	23138	-2.85	6.04
50615	23138	-2.68	5.68
50616	23138	-2.51	5.32
50617	23138	-2.34	4.96
50618	23138	-2.17	4.6
50631	23138	-2.51	5.32
50632	23138	-2.34	4.96
50633	23138	-2.17	4.6
50634	23138	-2.0	4.24
50635	23138	-1.83	3.87
50636	23138	-1.66	3.51
50637	23138	-1.49	3.15
50638	23138	-1.29	2.78
50639	23138	-1.11	2.34
50652	23138	-2.0	4.24
50653	23138	-1.83	3.87
50654	23138	-1.66	3.51
50655	23138	-1.49	3.15
50656	23138	-1.29	2.78
50657	23138	-1.11	2.34
50658	23138	-0.94	1.87
50659	23138	-0.88	1.28
50660	23138	-0.83	0.69
50673	23138	-4.05	8.58
50674	23138	-3.88	8.21
50675	23138	-3.71	7.85
50676	23138	-3.54	7.49
50677	23138	-3.37	7.13
50678	23138	-3.19	6.77
50679	23138	-3.02	6.41
50680	23138	-2.85	6.04
50681	23138	-2.68	5.68
50694	23138	-2.51	5.32
50695	23138	-2.34	4.96
50696	23138	-2.17	4.6
50697	23138	-2.0	4.24
50698	23138	-1.83	3.87
50699	23138	-1.66	3.51
50700	23138	-1.49	3.15
50701	23138	-1.29	2.78
50702	23138	-1.11	2.34
50736	23147	2.65	6.44
50737	23147	2.5	6.07
50738	23147	2.35	5.7
50739	23147	2.19	5.33
50740	23147	2.04	4.96
50741	23147	1.88	4.59
50742	23147	1.71	4.23
50743	23147	1.53	3.85
50744	23147	1.35	3.47
50757	23147	2.19	5.33
50758	23147	2.04	4.96
50759	23147	1.88	4.59
50760	23147	1.71	4.23
50761	23147	1.53	3.85
50762	23147	1.35	3.47
50763	23147	1.18	3.08
50764	23147	1.01	2.68
50765	23147	0.87	2.23
50778	23147	1.71	4.23
50779	23147	1.53	3.85
50780	23147	1.35	3.47
50781	23147	1.18	3.08
50782	23147	1.01	2.68
50783	23147	0.87	2.23
50784	23147	0.82	1.74
50785	23147	0.89	1.14
50786	23147	0.96	0.55
50799	23147	1.18	3.08
50800	23147	1.01	2.68
50801	23147	0.87	2.23
50802	23147	0.82	1.74
50803	23147	0.89	1.14
50804	23147	0.96	0.55
50805	23147	1.0	0.0
50806	23147	0.99	-0.41
50807	23147	0.95	-0.75
50820	23147	0.82	1.74
50821	23147	0.89	1.14
50822	23147	0.96	0.55
50823	23147	1.0	0.0
50824	23147	0.99	-0.41
50825	23147	0.95	-0.75
50826	23147	0.81	-1.08
50827	23147	0.61	-1.43
50828	23147	0.41	-1.78
50841	23147	1.0	0.0
50842	23147	0.99	-0.41
50843	23147	0.95	-0.75
50844	23147	0.81	-1.08
50845	23147	0.61	-1.43
50846	23147	0.41	-1.78
50847	23147	0.22	-2.13
50848	23147	0.02	-2.47
50849	23147	-0.18	-2.82
50862	23147	3.11	7.55
50863	23147	2.95	7.18
50864	23147	2.8	6.81
50865	23147	2.65	6.44
50866	23147	2.5	6.07
50867	23147	2.35	5.7
50868	23147	2.19	5.33
50869	23147	2.04	4.96
50870	23147	1.88	4.59
50883	23147	2.19	5.33
50884	23147	2.04	4.96
50885	23147	1.88	4.59
50886	23147	1.71	4.23
50887	23147	1.53	3.85
50888	23147	1.35	3.47
50889	23147	1.18	3.08
50890	23147	1.01	2.68
50891	23147	0.87	2.23
50904	23147	3.56	8.66
50905	23147	3.41	8.29
50906	23147	3.26	7.92
50907	23147	3.11	7.55
50908	23147	2.95	7.18
50909	23147	2.8	6.81
50910	23147	2.65	6.44
50911	23147	2.5	6.07
50912	23147	2.35	5.7
50925	23147	3.11	7.55
50926	23147	2.95	7.18
50927	23147	2.8	6.81
50928	23147	2.65	6.44
50929	23147	2.5	6.07
50930	23147	2.35	5.7
50931	23147	2.19	5.33
50932	23147	2.04	4.96
50933	23147	1.88	4.59
50946	23147	2.65	6.44
50947	23147	2.5	6.07
50948	23147	2.35	5.7
50949	23147	2.19	5.33
50950	23147	2.04	4.96
50951	23147	1.88	4.59
50952	23147	1.71	4.23
50953	23147	1.53	3.85
50954	23147	1.35	3.47
50967	23147	2.19	5.33
50968	23147	2.04	4.96
50969	23147	1.88	4.59
50970	23147	1.71	4.23
50971	23147	1.53	3.85
50972	23147	1.35	3.47
50973	23147	1.18	3.08
50974	23147	1.01	2.68
50975	23147	0.87	2.23
50988	23147	2.65	6.44
50989	23147	2.5	6.07
50990	23147	2.35	5.7
50991	23147	2.19	5.33
50992	23147	2.04	4.96
50993	23147	1.88	4.59
50994	23147	1.71	4.23
50995	23147	1.53	3.85
50996	23147	1.35	3.47
51009	23147	2.19	5.33
51010	23147	2.04	4.96
51011	23147	1.88	4.59
51012	23147	1.71	4.23
51013	23147	1.53	3.85
51014	23147	1.35	3.47
51015	23147	1.18	3.08
51016	23147	1.01	2.68
51017	23147	0.87	2.23
51030	23147	1.18	3.08
51031	23147	1.01	2.68
51032	23147	0.87	2.23
51033	23147	0.82	1.74
51034	23147	0.89	1.14
51035	23147	0.96	0.55
51036	23147	1.0	0.0
51037	23147	0.99	-0.41
51038	23147	0.95	-0.75
51051	23157	-7.87	-1.59
51052	23157	-7.47	-1.51
51053	23157	-7.08	-1.43
51054	23157	-6.69	-1.35
51055	23157	-6.3	-1.27
51056	23157	-5.91	-1.19
51057	23157	-5.51	-1.11
51058	23157	-5.12	-1.03
51059	23157	-4.73	-0.95
51072	23157	-5.51	-1.11
51073	23157	-5.12	-1.03
51074	23157	-4.73	-0.95
51075	23157	-4.33	-0.87
51076	23157	-3.94	-0.78
51077	23157	-3.53	-0.69
51078	23157	-3.13	-0.6
51079	23157	-2.74	-0.53
51080	23157	-2.34	-0.44
51093	23157	-4.33	-0.87
51094	23157	-3.94	-0.78
51095	23157	-3.53	-0.69
51096	23157	-3.13	-0.6
51097	23157	-2.74	-0.53
51098	23157	-2.34	-0.44
51099	23157	-1.91	-0.27
51100	23157	-1.42	-0.14
51101	23157	-0.83	-0.07
51114	23157	-9.04	-1.82
51115	23157	-8.65	-1.75
51116	23157	-8.26	-1.67
51117	23157	-7.87	-1.59
51118	23157	-7.47	-1.51
51119	23157	-7.08	-1.43
51120	23157	-6.69	-1.35
51121	23157	-6.3	-1.27
51122	23157	-5.91	-1.19
51135	23157	-7.87	-1.59
51136	23157	-7.47	-1.51
51137	23157	-7.08	-1.43
51138	23157	-6.69	-1.35
51139	23157	-6.3	-1.27
51140	23157	-5.91	-1.19
51141	23157	-5.51	-1.11
51142	23157	-5.12	-1.03
51143	23157	-4.73	-0.95
51156	23157	-6.69	-1.35
51157	23157	-6.3	-1.27
51158	23157	-5.91	-1.19
51159	23157	-5.51	-1.11
51160	23157	-5.12	-1.03
51161	23157	-4.73	-0.95
51162	23157	-4.33	-0.87
51163	23157	-3.94	-0.78
51164	23157	-3.53	-0.69
51177	23157	-5.51	-1.11
51178	23157	-5.12	-1.03
51179	23157	-4.73	-0.95
51180	23157	-4.33	-0.87
51181	23157	-3.94	-0.78
51182	23157	-3.53	-0.69
51183	23157	-3.13	-0.6
51184	23157	-2.74	-0.53
51185	23157	-2.34	-0.44
51198	23157	-4.33	-0.87
51199	23157	-3.94	-0.78
51200	23157	-3.53	-0.69
51201	23157	-3.13	-0.6
51202	23157	-2.74	-0.53
51203	23157	-2.34	-0.44
51204	23157	-1.91	-0.27
51205	23157	-1.42	-0.14
51206	23157	-0.83	-0.07
51219	23157	-9.04	-1.82
51220	23157	-8.65	-1.75
51221	23157	-8.26	-1.67
51222	23157	-7.87	-1.59
51223	23157	-7.47	-1.51
51224	23157	-7.08	-1.43
51225	23157	-6.69	-1.35
51226	23157	-6.3	-1.27
51227	23157	-5.91	-1.19
51240	23157	-6.69	-1.35
51241	23157	-6.3	-1.27
51242	23157	-5.91	-1.19
51243	23157	-5.51	-1.11
51244	23157	-5.12	-1.03
51245	23157	-4.73	-0.95
51246	23157	-4.33	-0.87
51247	23157	-3.94	-0.78
51248	23157	-3.53	-0.69
51261	23157	-3.13	-0.6
51262	23157	-2.74	-0.53
51263	23157	-2.34	-0.44
51264	23157	-1.91	-0.27
51265	23157	-1.42	-0.14
51266	23157	-0.83	-0.07
51267	23157	-0.25	-0.0
51268	23157	0.34	0.07
51269	23157	0.86	0.14
51282	23163	0.58	5.98
51283	23163	0.52	5.58
51284	23163	0.45	5.18
51285	23163	0.38	4.78
51286	23163	0.3	4.4
51287	23163	0.21	4.03
51288	23163	0.12	3.68
51289	23163	0.02	3.33
51290	23163	-0.09	2.99
51282	23164	-4.06	3.8
51283	23164	-3.75	3.53
51284	23164	-3.44	3.25
51285	23164	-3.13	2.97
51286	23164	-2.78	2.67
51287	23164	-2.42	2.37
51288	23164	-2.07	2.09
51289	23164	-1.71	1.8
51290	23164	-1.39	1.52
51303	23163	-0.2	2.65
51304	23163	-0.31	2.32
51305	23163	-0.41	1.98
51306	23163	-0.52	1.64
51307	23163	-0.63	1.3
51308	23163	-0.74	0.96
51309	23163	-0.85	0.62
51310	23163	-0.95	0.29
51311	23163	-1.06	-0.05
51303	23164	-1.08	1.26
51304	23164	-0.76	1.0
51305	23164	-0.44	0.73
51306	23164	-0.12	0.47
51307	23164	0.2	0.2
51308	23164	0.51	-0.07
51309	23164	0.83	-0.35
51310	23164	1.15	-0.63
51311	23164	1.46	-0.91
51324	23163	-0.52	1.64
51325	23163	-0.63	1.3
51326	23163	-0.74	0.96
51327	23163	-0.85	0.62
51328	23163	-0.95	0.29
51329	23163	-1.06	-0.05
51330	23163	-1.13	-0.44
51331	23163	-1.17	-0.88
51332	23163	-1.19	-1.31
51324	23164	-0.12	0.47
51325	23164	0.2	0.2
51326	23164	0.51	-0.07
51327	23164	0.83	-0.35
51328	23164	1.15	-0.63
51329	23164	1.46	-0.91
51330	23164	1.75	-1.2
51331	23164	2.03	-1.48
51332	23164	2.31	-1.77
51345	23163	-0.85	0.62
51346	23163	-0.95	0.29
51347	23163	-1.06	-0.05
51348	23163	-1.13	-0.44
51349	23163	-1.17	-0.88
51350	23163	-1.19	-1.31
51351	23163	-1.19	-1.72
51352	23163	-1.18	-2.13
51353	23163	-1.17	-2.53
51345	23164	0.83	-0.35
51346	23164	1.15	-0.63
51347	23164	1.46	-0.91
51348	23164	1.75	-1.2
51349	23164	2.03	-1.48
51350	23164	2.31	-1.77
51351	23164	2.59	-2.05
51352	23164	2.87	-2.34
51353	23164	3.16	-2.62
51366	23163	0.38	4.78
51367	23163	0.3	4.4
51368	23163	0.21	4.03
51369	23163	0.12	3.68
51370	23163	0.02	3.33
51371	23163	-0.09	2.99
51372	23163	-0.2	2.65
51373	23163	-0.31	2.32
51374	23163	-0.41	1.98
51366	23164	-3.13	2.97
51367	23164	-2.78	2.67
51368	23164	-2.42	2.37
51369	23164	-2.07	2.09
51370	23164	-1.71	1.8
51371	23164	-1.39	1.52
51372	23164	-1.08	1.26
51373	23164	-0.76	1.0
51374	23164	-0.44	0.73
51387	23167	8.44	-1.1
51388	23167	8.05	-1.05
51389	23167	7.65	-1.0
51390	23167	7.25	-0.94
51391	23167	6.86	-0.89
51392	23167	6.46	-0.84
51393	23167	6.06	-0.79
51394	23167	5.67	-0.74
51395	23167	5.27	-0.69
51408	23167	7.25	-0.94
51409	23167	6.86	-0.89
51410	23167	6.46	-0.84
51411	23167	6.06	-0.79
51412	23167	5.67	-0.74
51413	23167	5.27	-0.69
51414	23167	4.87	-0.63
51415	23167	4.48	-0.58
51416	23167	4.08	-0.53
51429	23167	7.25	-0.94
51430	23167	6.86	-0.89
51431	23167	6.46	-0.84
51432	23167	6.06	-0.79
51433	23167	5.67	-0.74
51434	23167	5.27	-0.69
51435	23167	4.87	-0.63
51436	23167	4.48	-0.58
51437	23167	4.08	-0.53
51513	23177	-5.66	6.11
51514	23177	-5.39	5.82
51515	23177	-5.12	5.53
51516	23177	-4.85	5.23
51517	23177	-4.58	4.94
51518	23177	-4.31	4.65
51519	23177	-4.03	4.35
51520	23177	-3.76	4.06
51521	23177	-3.49	3.77
51534	23177	-4.85	5.23
51535	23177	-4.58	4.94
51536	23177	-4.31	4.65
51537	23177	-4.03	4.35
51538	23177	-3.76	4.06
51539	23177	-3.49	3.77
51540	23177	-3.22	3.47
51541	23177	-2.95	3.18
51542	23177	-2.67	2.89
51555	23177	-4.03	4.35
51556	23177	-3.76	4.06
51557	23177	-3.49	3.77
51558	23177	-3.22	3.47
51559	23177	-2.95	3.18
51560	23177	-2.67	2.89
51561	23177	-2.4	2.59
51562	23177	-2.17	2.32
51563	23177	-1.96	2.06
51576	23177	-4.85	5.23
51577	23177	-4.58	4.94
51578	23177	-4.31	4.65
51579	23177	-4.03	4.35
51580	23177	-3.76	4.06
51581	23177	-3.49	3.77
51582	23177	-3.22	3.47
51583	23177	-2.95	3.18
51584	23177	-2.67	2.89
51597	23177	-4.03	4.35
51598	23177	-3.76	4.06
51599	23177	-3.49	3.77
51600	23177	-3.22	3.47
51601	23177	-2.95	3.18
51602	23177	-2.67	2.89
51603	23177	-2.4	2.59
51604	23177	-2.17	2.32
51605	23177	-1.96	2.06
51618	23177	-3.22	3.47
51619	23177	-2.95	3.18
51620	23177	-2.67	2.89
51621	23177	-2.4	2.59
51622	23177	-2.17	2.32
51623	23177	-1.96	2.06
51624	23177	-1.75	1.8
51625	23177	-1.53	1.54
51626	23177	-1.27	1.38
51639	23177	-3.22	3.47
51640	23177	-2.95	3.18
51641	23177	-2.67	2.89
51642	23177	-2.4	2.59
51643	23177	-2.17	2.32
51644	23177	-1.96	2.06
51645	23177	-1.75	1.8
51646	23177	-1.53	1.54
51647	23177	-1.27	1.38
51660	23181	-0.85	0.84
51661	23181	-0.51	1.15
51662	23181	-0.19	1.46
51663	23181	0.13	1.73
51664	23181	0.53	1.78
51665	23181	0.93	1.81
51666	23181	1.33	1.84
51667	23181	1.73	1.88
51668	23181	2.13	1.91
51723	23192	2.1	-7.73
51724	23192	1.99	-7.35
51725	23192	1.89	-6.96
51726	23192	1.78	-6.58
51727	23192	1.68	-6.19
51728	23192	1.58	-5.8
51729	23192	1.48	-5.41
51730	23192	1.38	-5.01
51731	23192	1.29	-4.61
51744	23192	1.19	-4.21
51745	23192	1.08	-3.8
51746	23192	0.98	-3.4
51747	23192	0.88	-2.99
51748	23192	0.78	-2.59
51749	23192	0.67	-2.18
51750	23192	0.54	-1.77
51751	23192	0.38	-1.41
51752	23192	0.23	-1.04
51891	23200	8.87	2.28
51892	23200	8.48	2.18
51893	23200	8.09	2.08
51894	23200	7.71	1.98
51895	23200	7.32	1.88
51896	23200	6.93	1.78
51897	23200	6.54	1.68
51898	23200	6.16	1.58
51899	23200	5.77	1.48
51891	23204	4.15	-8.72
51892	23204	3.97	-8.35
51893	23204	3.8	-7.99
51894	23204	3.63	-7.63
51895	23204	3.46	-7.27
51896	23204	3.29	-6.91
51897	23204	3.12	-6.55
51898	23204	2.94	-6.19
51899	23204	2.77	-5.83
51912	23200	6.54	1.68
51913	23200	6.16	1.58
51914	23200	5.77	1.48
51915	23200	5.38	1.38
51916	23200	4.99	1.28
51917	23200	4.61	1.17
51918	23200	4.21	1.05
51919	23200	3.86	0.92
51920	23200	3.52	0.77
51912	23204	3.12	-6.55
51913	23204	2.94	-6.19
51914	23204	2.77	-5.83
51915	23204	2.59	-5.49
51916	23204	2.43	-5.14
51917	23204	2.27	-4.81
51918	23204	2.13	-4.46
51919	23204	1.98	-4.11
51920	23204	1.85	-3.74
51933	23200	1.2	-0.04
51934	23200	0.89	-0.11
51935	23200	0.59	-0.18
51936	23200	0.24	-0.23
51937	23200	-0.12	-0.27
51938	23200	-0.49	-0.32
51939	23200	-0.88	-0.41
51940	23200	-1.27	-0.5
51941	23200	-1.66	-0.59
51933	23204	1.42	-1.71
51934	23204	1.41	-1.42
51935	23204	1.39	-1.12
51936	23204	1.37	-0.83
51937	23204	1.35	-0.54
51938	23204	1.32	-0.25
51939	23204	1.26	0.04
51940	23204	1.07	0.38
51941	23204	0.86	0.72
51954	23207	5.72	-6.99
51955	23207	5.47	-6.68
51956	23207	5.21	-6.37
51957	23207	4.96	-6.06
51958	23207	4.71	-5.75
51959	23207	4.45	-5.44
51960	23207	4.2	-5.13
51961	23207	3.95	-4.82
51962	23207	3.7	-4.51
51975	23207	4.2	-5.13
51976	23207	3.95	-4.82
51977	23207	3.7	-4.51
51978	23207	3.46	-4.21
51979	23207	3.21	-3.93
51980	23207	2.95	-3.65
51981	23207	2.68	-3.39
51982	23207	2.4	-3.14
51983	23207	2.12	-2.89
51996	23207	2.68	-3.39
51997	23207	2.4	-3.14
51998	23207	2.12	-2.89
51999	23207	1.85	-2.67
52000	23207	1.58	-2.44
52001	23207	1.3	-2.23
52002	23207	1.02	-2.01
52003	23207	0.74	-1.79
52004	23207	0.45	-1.57
52017	23221	-3.46	9.11
52018	23221	-3.31	8.73
52019	23221	-3.17	8.36
52020	23221	-3.03	7.98
52021	23221	-2.89	7.61
52022	23221	-2.75	7.24
52023	23221	-2.6	6.86
52024	23221	-2.46	6.49
52025	23221	-2.32	6.11
52038	23221	-2.6	6.86
52039	23221	-2.46	6.49
52040	23221	-2.32	6.11
52041	23221	-2.18	5.74
52042	23221	-2.02	5.37
52043	23221	-1.86	5.01
52044	23221	-1.7	4.65
52045	23221	-1.53	4.29
52046	23221	-1.35	3.93
52059	23221	-2.18	5.74
52060	23221	-2.02	5.37
52061	23221	-1.86	5.01
52062	23221	-1.7	4.65
52063	23221	-1.53	4.29
52064	23221	-1.35	3.93
52065	23221	-1.16	3.56
52066	23221	-1.0	3.17
52067	23221	-0.84	2.79
52080	23221	-0.62	2.41
52081	23221	-0.32	2.18
52082	23221	-0.02	1.97
52083	23221	0.27	1.76
52084	23221	0.57	1.56
52085	23221	0.81	1.23
52086	23221	1.01	0.82
52087	23221	1.21	0.41
52088	23221	1.41	0.0
52101	23221	-2.6	6.86
52102	23221	-2.46	6.49
52103	23221	-2.32	6.11
52104	23221	-2.18	5.74
52105	23221	-2.02	5.37
52106	23221	-1.86	5.01
52107	23221	-1.7	4.65
52108	23221	-1.53	4.29
52109	23221	-1.35	3.93
52122	23221	-2.18	5.74
52123	23221	-2.02	5.37
52124	23221	-1.86	5.01
52125	23221	-1.7	4.65
52126	23221	-1.53	4.29
52127	23221	-1.35	3.93
52128	23221	-1.16	3.56
52129	23221	-1.0	3.17
52130	23221	-0.84	2.79
52143	23221	-3.46	9.11
52144	23221	-3.31	8.73
52145	23221	-3.17	8.36
52146	23221	-3.03	7.98
52147	23221	-2.89	7.61
52148	23221	-2.75	7.24
52149	23221	-2.6	6.86
52150	23221	-2.46	6.49
52151	23221	-2.32	6.11
52164	23221	-3.03	7.98
52165	23221	-2.89	7.61
52166	23221	-2.75	7.24
52167	23221	-2.6	6.86
52168	23221	-2.46	6.49
52169	23221	-2.32	6.11
52170	23221	-2.18	5.74
52171	23221	-2.02	5.37
52172	23221	-1.86	5.01
52332	23228	-5.03	2.57
52333	23228	-4.68	2.36
52334	23228	-4.34	2.15
52335	23228	-3.99	1.93
52336	23228	-3.64	1.71
52337	23228	-3.27	1.49
52338	23228	-2.91	1.29
52339	23228	-2.6	1.09
52340	23228	-2.4	0.9
52332	23230	6.1	1.56
52333	23230	5.71	1.47
52334	23230	5.32	1.37
52335	23230	4.93	1.27
52336	23230	4.55	1.17
52337	23230	4.18	1.08
52338	23230	3.82	0.99
52339	23230	3.45	0.91
52340	23230	3.07	0.83
52353	23228	-3.99	1.93
52354	23228	-3.64	1.71
52355	23228	-3.27	1.49
52356	23228	-2.91	1.29
52357	23228	-2.6	1.09
52358	23228	-2.4	0.9
52359	23228	-2.21	0.67
52360	23228	-2.06	0.4
52361	23228	-1.93	0.09
52353	23230	4.93	1.27
52354	23230	4.55	1.17
52355	23230	4.18	1.08
52356	23230	3.82	0.99
52357	23230	3.45	0.91
52358	23230	3.07	0.83
52359	23230	2.7	0.89
52360	23230	2.44	0.93
52361	23230	2.19	1.05
52374	23228	-6.07	3.17
52375	23228	-5.72	2.98
52376	23228	-5.37	2.78
52377	23228	-5.03	2.57
52378	23228	-4.68	2.36
52379	23228	-4.34	2.15
52380	23228	-3.99	1.93
52381	23228	-3.64	1.71
52382	23228	-3.27	1.49
52374	23230	7.26	1.86
52375	23230	6.87	1.76
52376	23230	6.48	1.66
52377	23230	6.1	1.56
52378	23230	5.71	1.47
52379	23230	5.32	1.37
52380	23230	4.93	1.27
52381	23230	4.55	1.17
52382	23230	4.18	1.08
52395	23228	-5.03	2.57
52396	23228	-4.68	2.36
52397	23228	-4.34	2.15
52398	23228	-3.99	1.93
52399	23228	-3.64	1.71
52400	23228	-3.27	1.49
52401	23228	-2.91	1.29
52402	23228	-2.6	1.09
52403	23228	-2.4	0.9
52395	23230	6.1	1.56
52396	23230	5.71	1.47
52397	23230	5.32	1.37
52398	23230	4.93	1.27
52399	23230	4.55	1.17
52400	23230	4.18	1.08
52401	23230	3.82	0.99
52402	23230	3.45	0.91
52403	23230	3.07	0.83
52416	23228	-3.99	1.93
52417	23228	-3.64	1.71
52418	23228	-3.27	1.49
52419	23228	-2.91	1.29
52420	23228	-2.6	1.09
52421	23228	-2.4	0.9
52422	23228	-2.21	0.67
52423	23228	-2.06	0.4
52424	23228	-1.93	0.09
52416	23230	4.93	1.27
52417	23230	4.55	1.17
52418	23230	4.18	1.08
52419	23230	3.82	0.99
52420	23230	3.45	0.91
52421	23230	3.07	0.83
52422	23230	2.7	0.89
52423	23230	2.44	0.93
52424	23230	2.19	1.05
52437	23228	-2.21	0.67
52438	23228	-2.06	0.4
52439	23228	-1.93	0.09
52440	23228	-1.79	-0.23
52441	23228	-1.67	-0.53
52442	23228	-1.53	-0.83
52443	23228	-1.37	-1.11
52444	23228	-1.09	-1.3
52445	23228	-0.71	-1.42
52437	23230	2.7	0.89
52438	23230	2.44	0.93
52439	23230	2.19	1.05
52440	23230	1.95	1.16
52441	23230	1.71	1.27
52442	23230	1.44	1.32
52443	23230	1.14	1.23
52444	23230	0.84	1.09
52445	23230	0.54	0.96
52458	23228	-5.03	2.57
52459	23228	-4.68	2.36
52460	23228	-4.34	2.15
52461	23228	-3.99	1.93
52462	23228	-3.64	1.71
52463	23228	-3.27	1.49
52464	23228	-2.91	1.29
52465	23228	-2.6	1.09
52466	23228	-2.4	0.9
52458	23230	6.1	1.56
52459	23230	5.71	1.47
52460	23230	5.32	1.37
52461	23230	4.93	1.27
52462	23230	4.55	1.17
52463	23230	4.18	1.08
52464	23230	3.82	0.99
52465	23230	3.45	0.91
52466	23230	3.07	0.83
52479	23228	-3.99	1.93
52480	23228	-3.64	1.71
52481	23228	-3.27	1.49
52482	23228	-2.91	1.29
52483	23228	-2.6	1.09
52484	23228	-2.4	0.9
52485	23228	-2.21	0.67
52486	23228	-2.06	0.4
52487	23228	-1.93	0.09
52479	23230	4.93	1.27
52480	23230	4.55	1.17
52481	23230	4.18	1.08
52482	23230	3.82	0.99
52483	23230	3.45	0.91
52484	23230	3.07	0.83
52485	23230	2.7	0.89
52486	23230	2.44	0.93
52487	23230	2.19	1.05
52500	23233	-6.04	4.88
52501	23233	-5.73	4.63
52502	23233	-5.42	4.37
52503	23233	-5.1	4.12
52504	23233	-4.79	3.87
52505	23233	-4.48	3.62
52506	23233	-4.17	3.37
52507	23233	-3.86	3.12
52508	23233	-3.55	2.87
52521	23233	-4.17	3.37
52522	23233	-3.86	3.12
52523	23233	-3.55	2.87
52524	23233	-3.24	2.61
52525	23233	-2.93	2.36
52526	23233	-2.62	2.11
52527	23233	-2.3	1.86
52528	23233	-1.99	1.61
52529	23233	-1.74	1.37
52542	23233	-5.1	4.12
52543	23233	-4.79	3.87
52544	23233	-4.48	3.62
52545	23233	-4.17	3.37
52546	23233	-3.86	3.12
52547	23233	-3.55	2.87
52548	23233	-3.24	2.61
52549	23233	-2.93	2.36
52550	23233	-2.62	2.11
52563	23233	-2.3	1.86
52564	23233	-1.99	1.61
52565	23233	-1.74	1.37
52566	23233	-1.55	1.36
52567	23233	-1.37	1.36
52568	23233	-1.18	1.37
52569	23233	-0.99	1.39
52570	23233	-0.8	1.4
52571	23233	-0.6	1.42
52584	23233	-4.17	3.37
52585	23233	-3.86	3.12
52586	23233	-3.55	2.87
52587	23233	-3.24	2.61
52588	23233	-2.93	2.36
52589	23233	-2.62	2.11
52590	23233	-2.3	1.86
52591	23233	-1.99	1.61
52592	23233	-1.74	1.37
52605	23238	-4.13	4.14
52606	23238	-3.88	3.89
52607	23238	-3.63	3.63
52608	23238	-3.39	3.36
52609	23238	-3.15	3.08
52610	23238	-2.92	2.83
52611	23238	-2.7	2.6
52612	23238	-2.48	2.37
52613	23238	-2.26	2.15
52605	23242	-1.96	5.75
52606	23242	-1.8	5.38
52607	23242	-1.65	5.01
52608	23242	-1.48	4.64
52609	23242	-1.32	4.29
52610	23242	-1.15	3.93
52611	23242	-0.98	3.58
52612	23242	-0.81	3.26
52613	23242	-0.64	2.92
52626	23238	-3.39	3.36
52627	23238	-3.15	3.08
52628	23238	-2.92	2.83
52629	23238	-2.7	2.6
52630	23238	-2.48	2.37
52631	23238	-2.26	2.15
52632	23238	-2.04	1.91
52633	23238	-1.81	1.66
52634	23238	-1.57	1.41
52626	23242	-1.48	4.64
52627	23242	-1.32	4.29
52628	23242	-1.15	3.93
52629	23242	-0.98	3.58
52630	23242	-0.81	3.26
52631	23242	-0.64	2.92
52632	23242	-0.49	2.53
52633	23242	-0.32	2.13
52634	23242	-0.14	1.74
52647	23238	-4.13	4.14
52648	23238	-3.88	3.89
52649	23238	-3.63	3.63
52650	23238	-3.39	3.36
52651	23238	-3.15	3.08
52652	23238	-2.92	2.83
52653	23238	-2.7	2.6
52654	23238	-2.48	2.37
52655	23238	-2.26	2.15
52647	23242	-1.96	5.75
52648	23242	-1.8	5.38
52649	23242	-1.65	5.01
52650	23242	-1.48	4.64
52651	23242	-1.32	4.29
52652	23242	-1.15	3.93
52653	23242	-0.98	3.58
52654	23242	-0.81	3.26
52655	23242	-0.64	2.92
52668	23245	0.02	6.73
52669	23245	0.02	6.33
52670	23245	0.02	5.93
52671	23245	0.02	5.53
52672	23245	0.02	5.13
52673	23245	0.02	4.73
52674	23245	0.02	4.33
52675	23245	0.02	3.92
52676	23245	0.03	3.5
52689	23245	0.03	3.09
52690	23245	0.04	2.68
52691	23245	0.05	2.26
52692	23245	0.12	1.94
52693	23245	0.23	1.66
52694	23245	0.35	1.38
52695	23245	0.47	1.11
52696	23245	0.6	0.85
52697	23245	0.73	0.58
52899	23256	6.98	1.45
52900	23256	6.58	1.36
52901	23256	6.19	1.28
52902	23256	5.8	1.2
52903	23256	5.41	1.12
52904	23256	5.02	1.04
52905	23256	4.62	0.96
52906	23256	4.23	0.88
52907	23256	3.84	0.8
52920	23256	5.8	1.2
52921	23256	5.41	1.12
52922	23256	5.02	1.04
52923	23256	4.62	0.96
52924	23256	4.23	0.88
52925	23256	3.84	0.8
52926	23256	3.45	0.71
52927	23256	3.06	0.63
52928	23256	2.67	0.55
52941	23256	5.8	1.2
52942	23256	5.41	1.12
52943	23256	5.02	1.04
52944	23256	4.62	0.96
52945	23256	4.23	0.88
52946	23256	3.84	0.8
52947	23256	3.45	0.71
52948	23256	3.06	0.63
52949	23256	2.67	0.55
52962	23256	4.62	0.96
52963	23256	4.23	0.88
52964	23256	3.84	0.8
52965	23256	3.45	0.71
52966	23256	3.06	0.63
52967	23256	2.67	0.55
52968	23256	2.31	0.52
52969	23256	2.04	0.53
52970	23256	1.78	0.55
52983	23257	4.77	-8.23
52984	23257	4.57	-7.88
52985	23257	4.37	-7.53
52986	23257	4.17	-7.19
52987	23257	3.97	-6.84
52988	23257	3.77	-6.5
52989	23257	3.56	-6.15
52990	23257	3.36	-5.8
52991	23257	3.16	-5.46
52983	23261	-3.69	-8.83
52984	23261	-3.53	-8.46
52985	23261	-3.38	-8.09
52986	23261	-3.23	-7.72
52987	23261	-3.07	-7.35
52988	23261	-2.92	-6.98
52989	23261	-2.76	-6.61
52990	23261	-2.61	-6.24
52991	23261	-2.45	-5.87
53004	23257	2.96	-5.11
53005	23257	2.74	-4.77
53006	23257	2.52	-4.44
53007	23257	2.3	-4.1
53008	23257	2.07	-3.68
53009	23257	1.84	-3.22
53010	23257	1.61	-2.76
53011	23257	1.38	-2.3
53012	23257	1.14	-1.89
53004	23261	-2.3	-5.51
53005	23261	-2.15	-5.14
53006	23261	-1.99	-4.77
53007	23261	-1.84	-4.4
53008	23261	-1.68	-4.03
53009	23261	-1.53	-3.66
53010	23261	-1.35	-3.3
53011	23261	-1.13	-2.95
53012	23261	-0.88	-2.65
53025	23257	2.96	-5.11
53026	23257	2.74	-4.77
53027	23257	2.52	-4.44
53028	23257	2.3	-4.1
53029	23257	2.07	-3.68
53030	23257	1.84	-3.22
53031	23257	1.61	-2.76
53032	23257	1.38	-2.3
53033	23257	1.14	-1.89
53025	23261	-2.3	-5.51
53026	23261	-2.15	-5.14
53027	23261	-1.99	-4.77
53028	23261	-1.84	-4.4
53029	23261	-1.68	-4.03
53030	23261	-1.53	-3.66
53031	23261	-1.35	-3.3
53032	23261	-1.13	-2.95
53033	23261	-0.88	-2.65
53046	23257	2.96	-5.11
53047	23257	2.74	-4.77
53048	23257	2.52	-4.44
53049	23257	2.3	-4.1
53050	23257	2.07	-3.68
53051	23257	1.84	-3.22
53052	23257	1.61	-2.76
53053	23257	1.38	-2.3
53054	23257	1.14	-1.89
53046	23261	-2.3	-5.51
53047	23261	-2.15	-5.14
53048	23261	-1.99	-4.77
53049	23261	-1.84	-4.4
53050	23261	-1.68	-4.03
53051	23261	-1.53	-3.66
53052	23261	-1.35	-3.3
53053	23261	-1.13	-2.95
53054	23261	-0.88	-2.65
53067	23257	2.3	-4.1
53068	23257	2.07	-3.68
53069	23257	1.84	-3.22
53070	23257	1.61	-2.76
53071	23257	1.38	-2.3
53072	23257	1.14	-1.89
53073	23257	0.89	-1.48
53074	23257	0.55	-1.02
53075	23257	0.2	-0.56
53067	23261	-1.84	-4.4
53068	23261	-1.68	-4.03
53069	23261	-1.53	-3.66
53070	23261	-1.35	-3.3
53071	23261	-1.13	-2.95
53072	23261	-0.88	-2.65
53073	23261	-0.63	-2.37
53074	23261	-0.4	-2.1
53075	23261	-0.17	-1.84
53088	23257	2.3	-4.1
53089	23257	2.07	-3.68
53090	23257	1.84	-3.22
53091	23257	1.61	-2.76
53092	23257	1.38	-2.3
53093	23257	1.14	-1.89
53094	23257	0.89	-1.48
53095	23257	0.55	-1.02
53096	23257	0.2	-0.56
53088	23261	-1.84	-4.4
53089	23261	-1.68	-4.03
53090	23261	-1.53	-3.66
53091	23261	-1.35	-3.3
53092	23261	-1.13	-2.95
53093	23261	-0.88	-2.65
53094	23261	-0.63	-2.37
53095	23261	-0.4	-2.1
53096	23261	-0.17	-1.84
53109	23265	-1.07	5.14
53110	23265	-0.99	4.75
53111	23265	-0.91	4.37
53112	23265	-0.81	3.98
53113	23265	-0.68	3.63
53114	23265	-0.54	3.3
53115	23265	-0.39	2.96
53116	23265	-0.24	2.63
53117	23265	-0.08	2.29
53109	23266	-4.09	-1.97
53110	23266	-3.7	-1.82
53111	23266	-3.31	-1.66
53112	23266	-2.92	-1.5
53113	23266	-2.47	-1.39
53114	23266	-1.99	-1.3
53115	23266	-1.51	-1.21
53116	23266	-1.02	-1.11
53117	23266	-0.54	-1.01
53130	23265	-0.39	2.96
53131	23265	-0.24	2.63
53132	23265	-0.08	2.29
53133	23265	0.07	1.96
53134	23265	0.23	1.63
53135	23265	0.39	1.3
53136	23265	0.54	0.96
53137	23265	0.7	0.62
53138	23265	0.85	0.27
53130	23266	-1.51	-1.21
53131	23266	-1.02	-1.11
53132	23266	-0.54	-1.01
53133	23266	-0.05	-0.91
53134	23266	0.44	-0.81
53135	23266	0.93	-0.71
53136	23266	1.35	-0.54
53137	23266	1.7	-0.34
53138	23266	2.04	-0.14
53151	23265	-0.39	2.96
53152	23265	-0.24	2.63
53153	23265	-0.08	2.29
53154	23265	0.07	1.96
53155	23265	0.23	1.63
53156	23265	0.39	1.3
53157	23265	0.54	0.96
53158	23265	0.7	0.62
53159	23265	0.85	0.27
53151	23266	-1.51	-1.21
53152	23266	-1.02	-1.11
53153	23266	-0.54	-1.01
53154	23266	-0.05	-0.91
53155	23266	0.44	-0.81
53156	23266	0.93	-0.71
53157	23266	1.35	-0.54
53158	23266	1.7	-0.34
53159	23266	2.04	-0.14
53172	23271	-3.86	-7.32
53173	23271	-3.67	-6.96
53174	23271	-3.48	-6.61
53175	23271	-3.3	-6.25
53176	23271	-3.11	-5.9
53177	23271	-2.92	-5.55
53178	23271	-2.74	-5.19
53179	23271	-2.55	-4.84
53180	23271	-2.36	-4.48
53193	23271	-3.3	-6.25
53194	23271	-3.11	-5.9
53195	23271	-2.92	-5.55
53196	23271	-2.74	-5.19
53197	23271	-2.55	-4.84
53198	23271	-2.36	-4.48
53199	23271	-2.18	-4.13
53200	23271	-1.99	-3.78
53201	23271	-1.79	-3.42
53214	23271	-3.3	-6.25
53215	23271	-3.11	-5.9
53216	23271	-2.92	-5.55
53217	23271	-2.74	-5.19
53218	23271	-2.55	-4.84
53219	23271	-2.36	-4.48
53220	23271	-2.18	-4.13
53221	23271	-1.99	-3.78
53222	23271	-1.79	-3.42
53235	23271	-2.18	-4.13
53236	23271	-1.99	-3.78
53237	23271	-1.79	-3.42
53238	23271	-1.56	-3.08
53239	23271	-1.31	-2.8
53240	23271	-1.05	-2.53
53241	23271	-0.78	-2.26
53242	23271	-0.54	-2.08
53243	23271	-0.3	-1.91
53256	23271	-2.74	-5.19
53257	23271	-2.55	-4.84
53258	23271	-2.36	-4.48
53259	23271	-2.18	-4.13
53260	23271	-1.99	-3.78
53261	23271	-1.79	-3.42
53262	23271	-1.56	-3.08
53263	23271	-1.31	-2.8
53264	23271	-1.05	-2.53
53277	23271	-2.18	-4.13
53278	23271	-1.99	-3.78
53279	23271	-1.79	-3.42
53280	23271	-1.56	-3.08
53281	23271	-1.31	-2.8
53282	23271	-1.05	-2.53
53283	23271	-0.78	-2.26
53284	23271	-0.54	-2.08
53285	23271	-0.3	-1.91
53298	23281	0.49	-4.83
53299	23281	0.45	-4.43
53300	23281	0.41	-4.03
53301	23281	0.35	-3.62
53302	23281	0.28	-3.19
53303	23281	0.21	-2.77
53304	23281	0.19	-2.29
53305	23281	0.26	-1.75
53306	23281	0.41	-1.17
53298	23282	-4.94	-0.16
53299	23282	-4.54	-0.14
53300	23282	-4.14	-0.13
53301	23282	-3.74	-0.12
53302	23282	-3.34	-0.11
53303	23282	-2.94	-0.09
53304	23282	-2.6	-0.12
53305	23282	-2.23	-0.13
53306	23282	-1.83	-0.15
53319	23281	0.73	-7.22
53320	23281	0.69	-6.82
53321	23281	0.65	-6.42
53322	23281	0.61	-6.02
53323	23281	0.57	-5.62
53324	23281	0.53	-5.23
53325	23281	0.49	-4.83
53326	23281	0.45	-4.43
53327	23281	0.41	-4.03
53319	23282	-7.34	-0.23
53320	23282	-6.94	-0.22
53321	23282	-6.54	-0.21
53322	23282	-6.14	-0.19
53323	23282	-5.74	-0.18
53324	23282	-5.34	-0.17
53325	23282	-4.94	-0.16
53326	23282	-4.54	-0.14
53327	23282	-4.14	-0.13
53340	23281	0.61	-6.02
53341	23281	0.57	-5.62
53342	23281	0.53	-5.23
53343	23281	0.49	-4.83
53344	23281	0.45	-4.43
53345	23281	0.41	-4.03
53346	23281	0.35	-3.62
53347	23281	0.28	-3.19
53348	23281	0.21	-2.77
53340	23282	-6.14	-0.19
53341	23282	-5.74	-0.18
53342	23282	-5.34	-0.17
53343	23282	-4.94	-0.16
53344	23282	-4.54	-0.14
53345	23282	-4.14	-0.13
53346	23282	-3.74	-0.12
53347	23282	-3.34	-0.11
53348	23282	-2.94	-0.09
53361	23281	0.61	-6.02
53362	23281	0.57	-5.62
53363	23281	0.53	-5.23
53364	23281	0.49	-4.83
53365	23281	0.45	-4.43
53366	23281	0.41	-4.03
53367	23281	0.35	-3.62
53368	23281	0.28	-3.19
53369	23281	0.21	-2.77
53361	23282	-6.14	-0.19
53362	23282	-5.74	-0.18
53363	23282	-5.34	-0.17
53364	23282	-4.94	-0.16
53365	23282	-4.54	-0.14
53366	23282	-4.14	-0.13
53367	23282	-3.74	-0.12
53368	23282	-3.34	-0.11
53369	23282	-2.94	-0.09
53508	23300	-3.81	4.3
53509	23300	-3.54	4.0
53510	23300	-3.28	3.7
53511	23300	-3.01	3.4
53512	23300	-2.75	3.1
53513	23300	-2.48	2.8
53514	23300	-2.22	2.5
53515	23300	-1.96	2.18
53516	23300	-1.7	1.83
53508	23301	3.45	5.03
53509	23301	3.23	4.7
53510	23301	2.99	4.38
53511	23301	2.76	4.06
53512	23301	2.53	3.73
53513	23301	2.3	3.4
53514	23301	2.06	3.07
53515	23301	1.83	2.76
53516	23301	1.58	2.49
53529	23300	-1.21	0.89
53530	23300	-1.23	0.73
53531	23300	-1.26	0.58
53532	23300	-1.3	0.43
53533	23300	-1.29	0.34
53534	23300	-1.29	0.25
53535	23300	-1.28	0.17
53536	23300	-1.27	0.08
53537	23300	-1.26	-0.0
53529	23301	0.85	1.73
53530	23301	0.74	1.48
53531	23301	0.63	1.23
53532	23301	0.53	0.98
53533	23301	0.42	0.73
53534	23301	0.32	0.47
53535	23301	0.2	0.2
53536	23301	0.06	-0.1
53537	23301	-0.1	-0.44
53550	23300	-6.2	7.0
53551	23300	-5.93	6.7
53552	23300	-5.66	6.4
53553	23300	-5.4	6.1
53554	23300	-5.13	5.8
53555	23300	-4.87	5.5
53556	23300	-4.6	5.2
53557	23300	-4.34	4.9
53558	23300	-4.07	4.6
53550	23301	5.49	8.0
53551	23301	5.27	7.67
53552	23301	5.04	7.34
53553	23301	4.81	7.01
53554	23301	4.59	6.68
53555	23301	4.36	6.35
53556	23301	4.13	6.02
53557	23301	3.91	5.69
53558	23301	3.68	5.36
53571	23303	-3.57	1.95
53572	23303	-3.28	1.77
53573	23303	-3.02	1.59
53574	23303	-2.76	1.42
53575	23303	-2.51	1.25
53576	23303	-2.29	1.09
53577	23303	-2.07	0.92
53578	23303	-1.85	0.76
53579	23303	-1.62	0.55
53571	23306	3.69	-0.88
53572	23306	3.3	-0.79
53573	23306	2.91	-0.69
53574	23306	2.51	-0.59
53575	23306	2.09	-0.52
53576	23306	2.04	-0.5
53577	23306	1.95	-0.55
53578	23306	1.88	-0.6
53579	23306	1.83	-0.61
53592	23303	-8.77	4.8
53593	23303	-8.42	4.6
53594	23303	-8.07	4.41
53595	23303	-7.71	4.22
53596	23303	-7.36	4.03
53597	23303	-7.01	3.84
53598	23303	-6.66	3.64
53599	23303	-6.31	3.45
53600	23303	-5.96	3.26
53592	23306	9.52	-2.28
53593	23306	9.13	-2.19
53594	23306	8.74	-2.1
53595	23306	8.35	-2.0
53596	23306	7.96	-1.91
53597	23306	7.57	-1.82
53598	23306	7.19	-1.72
53599	23306	6.8	-1.63
53600	23306	6.41	-1.54
53613	23303	-3.57	1.95
53614	23303	-3.28	1.77
53615	23303	-3.02	1.59
53616	23303	-2.76	1.42
53617	23303	-2.51	1.25
53618	23303	-2.29	1.09
53619	23303	-2.07	0.92
53620	23303	-1.85	0.76
53621	23303	-1.62	0.55
53613	23306	3.69	-0.88
53614	23306	3.3	-0.79
53615	23306	2.91	-0.69
53616	23306	2.51	-0.59
53617	23306	2.09	-0.52
53618	23306	2.04	-0.5
53619	23306	1.95	-0.55
53620	23306	1.88	-0.6
53621	23306	1.83	-0.61
53823	23319	-2.91	-8.6
53824	23319	-2.78	-8.22
53825	23319	-2.65	-7.84
53826	23319	-2.52	-7.46
53827	23319	-2.4	-7.08
53828	23319	-2.27	-6.7
53829	23319	-2.14	-6.32
53830	23319	-2.01	-5.94
53831	23319	-1.88	-5.57
53823	23320	-5.03	8.81
53824	23320	-4.83	8.46
53825	23320	-4.63	8.11
53826	23320	-4.44	7.77
53827	23320	-4.24	7.42
53828	23320	-4.04	7.07
53829	23320	-3.84	6.72
53830	23320	-3.64	6.38
53831	23320	-3.44	6.03
53844	23319	-2.14	-6.32
53845	23319	-2.01	-5.94
53846	23319	-1.88	-5.57
53847	23319	-1.76	-5.19
53848	23319	-1.63	-4.81
53849	23319	-1.5	-4.43
53850	23319	-1.37	-4.05
53851	23319	-1.24	-3.67
53852	23319	-1.11	-3.29
53844	23320	-3.84	6.72
53845	23320	-3.64	6.38
53846	23320	-3.44	6.03
53847	23320	-3.24	5.68
53848	23320	-3.05	5.33
53849	23320	-2.85	4.99
53850	23320	-2.65	4.64
53851	23320	-2.45	4.29
53852	23320	-2.25	3.94
53865	23319	-1.76	-5.19
53866	23319	-1.63	-4.81
53867	23319	-1.5	-4.43
53868	23319	-1.37	-4.05
53869	23319	-1.24	-3.67
53870	23319	-1.11	-3.29
53871	23319	-0.98	-2.91
53872	23319	-0.86	-2.47
53873	23319	-0.76	-2.04
53865	23320	-3.24	5.68
53866	23320	-3.05	5.33
53867	23320	-2.85	4.99
53868	23320	-2.65	4.64
53869	23320	-2.45	4.29
53870	23320	-2.25	3.94
53871	23320	-2.05	3.6
53872	23320	-1.86	3.25
53873	23320	-1.61	2.9
53886	23319	-1.37	-4.05
53887	23319	-1.24	-3.67
53888	23319	-1.11	-3.29
53889	23319	-0.98	-2.91
53890	23319	-0.86	-2.47
53891	23319	-0.76	-2.04
53892	23319	-0.66	-1.61
53893	23319	-0.66	-1.06
53894	23319	-0.7	-0.51
53886	23320	-2.65	4.64
53887	23320	-2.45	4.29
53888	23320	-2.25	3.94
53889	23320	-2.05	3.6
53890	23320	-1.86	3.25
53891	23320	-1.61	2.9
53892	23320	-1.35	2.54
53893	23320	-1.0	2.28
53894	23320	-0.63	2.02
53907	23319	-2.14	-6.32
53908	23319	-2.01	-5.94
53909	23319	-1.88	-5.57
53910	23319	-1.76	-5.19
53911	23319	-1.63	-4.81
53912	23319	-1.5	-4.43
53913	23319	-1.37	-4.05
53914	23319	-1.24	-3.67
53915	23319	-1.11	-3.29
53907	23320	-3.84	6.72
53908	23320	-3.64	6.38
53909	23320	-3.44	6.03
53910	23320	-3.24	5.68
53911	23320	-3.05	5.33
53912	23320	-2.85	4.99
53913	23320	-2.65	4.64
53914	23320	-2.45	4.29
53915	23320	-2.25	3.94
53928	23319	-1.76	-5.19
53929	23319	-1.63	-4.81
53930	23319	-1.5	-4.43
53931	23319	-1.37	-4.05
53932	23319	-1.24	-3.67
53933	23319	-1.11	-3.29
53934	23319	-0.98	-2.91
53935	23319	-0.86	-2.47
53936	23319	-0.76	-2.04
53928	23320	-3.24	5.68
53929	23320	-3.05	5.33
53930	23320	-2.85	4.99
53931	23320	-2.65	4.64
53932	23320	-2.45	4.29
53933	23320	-2.25	3.94
53934	23320	-2.05	3.6
53935	23320	-1.86	3.25
53936	23320	-1.61	2.9
53949	23323	-1.44	-9.72
53950	23323	-1.38	-9.32
53951	23323	-1.32	-8.93
53952	23323	-1.26	-8.53
53953	23323	-1.2	-8.14
53954	23323	-1.14	-7.74
53955	23323	-1.08	-7.35
53956	23323	-1.03	-6.95
53957	23323	-0.97	-6.56
53970	23323	-0.91	-6.16
53971	23323	-0.85	-5.76
53972	23323	-0.79	-5.37
53973	23323	-0.73	-4.97
53974	23323	-0.68	-4.58
53975	23323	-0.62	-4.18
53976	23323	-0.57	-3.81
53977	23323	-0.53	-3.46
53978	23323	-0.49	-3.12
53991	23323	-1.08	-7.35
53992	23323	-1.03	-6.95
53993	23323	-0.97	-6.56
53994	23323	-0.91	-6.16
53995	23323	-0.85	-5.76
53996	23323	-0.79	-5.37
53997	23323	-0.73	-4.97
53998	23323	-0.68	-4.58
53999	23323	-0.62	-4.18
54012	23323	-0.57	-3.81
54013	23323	-0.53	-3.46
54014	23323	-0.49	-3.12
54015	23323	-0.46	-2.77
54016	23323	-0.51	-2.42
54017	23323	-0.63	-2.12
54018	23323	-0.73	-1.87
54019	23323	-0.83	-1.63
54020	23323	-0.93	-1.38
54033	23323	-1.26	-8.53
54034	23323	-1.2	-8.14
54035	23323	-1.14	-7.74
54036	23323	-1.08	-7.35
54037	23323	-1.03	-6.95
54038	23323	-0.97	-6.56
54039	23323	-0.91	-6.16
54040	23323	-0.85	-5.76
54041	23323	-0.79	-5.37
54054	23323	-1.08	-7.35
54055	23323	-1.03	-6.95
54056	23323	-0.97	-6.56
54057	23323	-0.91	-6.16
54058	23323	-0.85	-5.76
54059	23323	-0.79	-5.37
54060	23323	-0.73	-4.97
54061	23323	-0.68	-4.58
54062	23323	-0.62	-4.18
54075	23323	-1.44	-9.72
54076	23323	-1.38	-9.32
54077	23323	-1.32	-8.93
54078	23323	-1.26	-8.53
54079	23323	-1.2	-8.14
54080	23323	-1.14	-7.74
54081	23323	-1.08	-7.35
54082	23323	-1.03	-6.95
54083	23323	-0.97	-6.56
54096	23323	-1.26	-8.53
54097	23323	-1.2	-8.14
54098	23323	-1.14	-7.74
54099	23323	-1.08	-7.35
54100	23323	-1.03	-6.95
54101	23323	-0.97	-6.56
54102	23323	-0.91	-6.16
54103	23323	-0.85	-5.76
54104	23323	-0.79	-5.37
54285	23345	-6.95	-4.35
54286	23345	-6.61	-4.14
54287	23345	-6.27	-3.93
54288	23345	-5.93	-3.72
54289	23345	-5.58	-3.51
54290	23345	-5.23	-3.31
54291	23345	-4.87	-3.1
54292	23345	-4.52	-2.89
54293	23345	-4.16	-2.68
54306	23345	-4.87	-3.1
54307	23345	-4.52	-2.89
54308	23345	-4.16	-2.68
54309	23345	-3.81	-2.46
54310	23345	-3.45	-2.25
54311	23345	-3.09	-2.04
54312	23345	-2.72	-1.84
54313	23345	-2.35	-1.63
54314	23345	-1.98	-1.41
54327	23345	0.29	1.37
54328	23345	0.65	1.54
54329	23345	1.01	1.71
54330	23345	1.37	1.88
54331	23345	1.73	2.06
54332	23345	2.09	2.23
54333	23345	2.45	2.4
54334	23345	2.81	2.57
54335	23345	3.18	2.75
54348	23345	-5.93	-3.72
54349	23345	-5.58	-3.51
54350	23345	-5.23	-3.31
54351	23345	-4.87	-3.1
54352	23345	-4.52	-2.89
54353	23345	-4.16	-2.68
54354	23345	-3.81	-2.46
54355	23345	-3.45	-2.25
54356	23345	-3.09	-2.04
54369	23345	-4.87	-3.1
54370	23345	-4.52	-2.89
54371	23345	-4.16	-2.68
54372	23345	-3.81	-2.46
54373	23345	-3.45	-2.25
54374	23345	-3.09	-2.04
54375	23345	-2.72	-1.84
54376	23345	-2.35	-1.63
54377	23345	-1.98	-1.41
54390	23345	-3.81	-2.46
54391	23345	-3.45	-2.25
54392	23345	-3.09	-2.04
54393	23345	-2.72	-1.84
54394	23345	-2.35	-1.63
54395	23345	-1.98	-1.41
54396	23345	-1.62	-1.11
54397	23345	-1.29	-0.66
54398	23345	-0.98	-0.21
54411	23345	-7.97	-4.99
54412	23345	-7.63	-4.78
54413	23345	-7.29	-4.57
54414	23345	-6.95	-4.35
54415	23345	-6.61	-4.14
54416	23345	-6.27	-3.93
54417	23345	-5.93	-3.72
54418	23345	-5.58	-3.51
54419	23345	-5.23	-3.31
54432	23345	-7.97	-4.99
54433	23345	-7.63	-4.78
54434	23345	-7.29	-4.57
54435	23345	-6.95	-4.35
54436	23345	-6.61	-4.14
54437	23345	-6.27	-3.93
54438	23345	-5.93	-3.72
54439	23345	-5.58	-3.51
54440	23345	-5.23	-3.31
54453	23345	-5.93	-3.72
54454	23345	-5.58	-3.51
54455	23345	-5.23	-3.31
54456	23345	-4.87	-3.1
54457	23345	-4.52	-2.89
54458	23345	-4.16	-2.68
54459	23345	-3.81	-2.46
54460	23345	-3.45	-2.25
54461	23345	-3.09	-2.04
54474	23345	-4.87	-3.1
54475	23345	-4.52	-2.89
54476	23345	-4.16	-2.68
54477	23345	-3.81	-2.46
54478	23345	-3.45	-2.25
54479	23345	-3.09	-2.04
54480	23345	-2.72	-1.84
54481	23345	-2.35	-1.63
54482	23345	-1.98	-1.41
54537	23353	-4.66	-8.04
54538	23353	-4.46	-7.69
54539	23353	-4.26	-7.34
54540	23353	-4.06	-7.0
54541	23353	-3.86	-6.65
54542	23353	-3.66	-6.31
54543	23353	-3.46	-5.96
54544	23353	-3.26	-5.61
54545	23353	-3.06	-5.27
54537	23356	-2.77	-9.77
54538	23356	-2.66	-9.39
54539	23356	-2.55	-9.0
54540	23356	-2.45	-8.62
54541	23356	-2.34	-8.23
54542	23356	-2.24	-7.85
54543	23356	-2.14	-7.47
54544	23356	-2.05	-7.1
54545	23356	-1.95	-6.72
54558	23353	-1.16	-1.7
54559	23353	-0.91	-1.4
54560	23353	-0.65	-1.1
54561	23353	-0.4	-0.78
54562	23353	-0.17	-0.46
54563	23353	0.06	-0.15
54564	23353	0.25	0.19
54565	23353	0.44	0.54
54566	23353	0.64	0.89
54558	23356	-0.98	-2.97
54559	23356	-0.93	-2.63
54560	23356	-0.85	-2.28
54561	23356	-0.74	-1.93
54562	23356	-0.62	-1.57
54563	23356	-0.51	-1.21
54564	23356	-0.39	-0.83
54565	23356	-0.27	-0.45
54566	23356	-0.15	-0.06
54579	23353	-0.4	-0.78
54580	23353	-0.17	-0.46
54581	23353	0.06	-0.15
54582	23353	0.25	0.19
54583	23353	0.44	0.54
54584	23353	0.64	0.89
54585	23353	0.84	1.24
54586	23353	1.03	1.59
54587	23353	1.23	1.93
54579	23356	-0.74	-1.93
54580	23356	-0.62	-1.57
54581	23356	-0.51	-1.21
54582	23356	-0.39	-0.83
54583	23356	-0.27	-0.45
54584	23356	-0.15	-0.06
54585	23356	-0.04	0.32
54586	23356	0.07	0.7
54587	23356	0.19	1.09
54600	23353	-2.31	-3.84
54601	23353	-2.14	-3.48
54602	23353	-1.95	-3.11
54603	23353	-1.75	-2.75
54604	23353	-1.55	-2.39
54605	23353	-1.38	-2.03
54606	23353	-1.16	-1.7
54607	23353	-0.91	-1.4
54608	23353	-0.65	-1.1
54600	23356	-1.57	-5.22
54601	23356	-1.48	-4.85
54602	23356	-1.38	-4.47
54603	23356	-1.27	-4.09
54604	23356	-1.16	-3.71
54605	23356	-1.05	-3.33
54606	23356	-0.98	-2.97
54607	23356	-0.93	-2.63
54608	23356	-0.85	-2.28
54621	23358	1.02	0.09
54622	23358	0.91	0.45
54623	23358	0.81	0.81
54624	23358	0.7	1.17
54625	23358	0.6	1.53
54626	23358	0.49	1.89
54627	23358	0.38	2.26
54628	23358	0.12	2.59
54629	23358	-0.15	2.89
54642	23358	4.6	-7.11
54643	23358	4.38	-6.77
54644	23358	4.17	-6.43
54645	23358	3.95	-6.1
54646	23358	3.73	-5.76
54647	23358	3.53	-5.43
54648	23358	3.33	-5.1
54649	23358	3.13	-4.77
54650	23358	2.93	-4.44
54663	23358	1.67	-2.06
54664	23358	1.54	-1.7
54665	23358	1.43	-1.35
54666	23358	1.33	-1.0
54667	23358	1.23	-0.64
54668	23358	1.12	-0.27
54669	23358	1.02	0.09
54670	23358	0.91	0.45
54671	23358	0.81	0.81
54726	23369	4.57	1.84
54727	23369	4.2	1.69
54728	23369	3.82	1.54
54729	23369	3.45	1.39
54730	23369	3.12	1.27
54731	23369	2.8	1.16
54732	23369	2.48	1.06
54733	23369	2.21	1.0
54734	23369	1.95	1.02
54747	23373	-6.8	3.2
54748	23373	-6.44	3.03
54749	23373	-6.08	2.86
54750	23373	-5.71	2.69
54751	23373	-5.36	2.52
54752	23373	-5.01	2.35
54753	23373	-4.67	2.17
54754	23373	-4.34	1.99
54755	23373	-4.02	1.82
54747	23376	5.19	4.68
54748	23376	4.9	4.41
54749	23376	4.6	4.14
54750	23376	4.3	3.87
54751	23376	4.0	3.61
54752	23376	3.71	3.34
54753	23376	3.41	3.07
54754	23376	3.11	2.8
54755	23376	2.81	2.53
54747	23377	2.51	-7.12
54748	23377	2.37	-6.74
54749	23377	2.24	-6.36
54750	23377	2.11	-5.99
54751	23377	1.97	-5.61
54752	23377	1.84	-5.23
54753	23377	1.71	-4.85
54754	23377	1.58	-4.48
54755	23377	1.44	-4.1
54768	23373	-8.97	4.22
54769	23373	-8.61	4.05
54770	23373	-8.25	3.88
54771	23373	-7.89	3.71
54772	23373	-7.52	3.54
54773	23373	-7.16	3.37
54774	23373	-6.8	3.2
54775	23373	-6.44	3.03
54776	23373	-6.08	2.86
54768	23376	6.98	6.28
54769	23376	6.68	6.01
54770	23376	6.38	5.75
54771	23376	6.08	5.48
54772	23376	5.79	5.21
54773	23376	5.49	4.94
54774	23376	5.19	4.68
54775	23376	4.9	4.41
54776	23376	4.6	4.14
54768	23377	3.3	-9.38
54769	23377	3.17	-9.0
54770	23377	3.04	-8.63
54771	23377	2.9	-8.25
54772	23377	2.77	-7.87
54773	23377	2.64	-7.49
54774	23377	2.51	-7.12
54775	23377	2.37	-6.74
54776	23377	2.24	-6.36
54789	23373	-6.8	3.2
54790	23373	-6.44	3.03
54791	23373	-6.08	2.86
54792	23373	-5.71	2.69
54793	23373	-5.36	2.52
54794	23373	-5.01	2.35
54795	23373	-4.67	2.17
54796	23373	-4.34	1.99
54797	23373	-4.02	1.82
54789	23376	5.19	4.68
54790	23376	4.9	4.41
54791	23376	4.6	4.14
54792	23376	4.3	3.87
54793	23376	4.0	3.61
54794	23376	3.71	3.34
54795	23376	3.41	3.07
54796	23376	3.11	2.8
54797	23376	2.81	2.53
54789	23377	2.51	-7.12
54790	23377	2.37	-6.74
54791	23377	2.24	-6.36
54792	23377	2.11	-5.99
54793	23377	1.97	-5.61
54794	23377	1.84	-5.23
54795	23377	1.71	-4.85
54796	23377	1.58	-4.48
54797	23377	1.44	-4.1
54810	23373	-5.71	2.69
54811	23373	-5.36	2.52
54812	23373	-5.01	2.35
54813	23373	-4.67	2.17
54814	23373	-4.34	1.99
54815	23373	-4.02	1.82
54816	23373	-3.68	1.69
54817	23373	-3.35	1.58
54818	23373	-3.04	1.46
54810	23376	4.3	3.87
54811	23376	4.0	3.61
54812	23376	3.71	3.34
54813	23376	3.41	3.07
54814	23376	3.11	2.8
54815	23376	2.81	2.53
54816	23376	2.52	2.27
54817	23376	2.22	2.0
54818	23376	1.92	1.73
54810	23377	2.11	-5.99
54811	23377	1.97	-5.61
54812	23377	1.84	-5.23
54813	23377	1.71	-4.85
54814	23377	1.58	-4.48
54815	23377	1.44	-4.1
54816	23377	1.31	-3.72
54817	23377	1.18	-3.34
54818	23377	1.04	-2.97
54831	23373	-1.09	1.2
54832	23373	-0.79	0.95
54833	23373	-0.49	0.7
54834	23373	-0.19	0.45
54835	23373	0.11	0.2
54836	23373	0.41	-0.05
54837	23373	0.71	-0.3
54838	23373	1.0	-0.54
54839	23373	1.3	-0.79
54831	23376	-1.15	-0.01
54832	23376	-1.42	-0.3
54833	23376	-1.7	-0.6
54834	23376	-1.97	-0.89
54835	23376	-2.24	-1.18
54836	23376	-2.52	-1.47
54837	23376	-2.79	-1.76
54838	23376	-3.06	-2.06
54839	23376	-3.34	-2.35
54831	23377	0.25	-1.86
54832	23377	0.08	-1.66
54833	23377	-0.14	-1.38
54834	23377	-0.35	-1.1
54835	23377	-0.57	-0.82
54836	23377	-0.73	-0.49
54837	23377	-0.83	-0.1
54838	23377	-0.94	0.28
54839	23377	-1.04	0.67
54852	23373	1.59	-1.03
54853	23373	1.89	-1.28
54854	23373	2.18	-1.52
54855	23373	2.48	-1.77
54856	23373	2.79	-2.02
54857	23373	3.12	-2.27
54858	23373	3.46	-2.51
54859	23373	3.82	-2.74
54860	23373	4.22	-2.94
54852	23376	-3.61	-2.64
54853	23376	-3.88	-2.93
54854	23376	-4.16	-3.22
54855	23376	-4.43	-3.51
54856	23376	-4.7	-3.81
54857	23376	-4.98	-4.1
54858	23376	-5.25	-4.39
54859	23376	-5.52	-4.68
54860	23376	-5.8	-4.97
54852	23377	-1.14	1.06
54853	23377	-1.24	1.44
54854	23377	-1.34	1.83
54855	23377	-1.45	2.22
54856	23377	-1.55	2.61
54857	23377	-1.65	2.99
54858	23377	-1.75	3.38
54859	23377	-1.85	3.77
54860	23377	-1.96	4.15
54873	23373	-5.71	2.69
54874	23373	-5.36	2.52
54875	23373	-5.01	2.35
54876	23373	-4.67	2.17
54877	23373	-4.34	1.99
54878	23373	-4.02	1.82
54879	23373	-3.68	1.69
54880	23373	-3.35	1.58
54881	23373	-3.04	1.46
54873	23376	4.3	3.87
54874	23376	4.0	3.61
54875	23376	3.71	3.34
54876	23376	3.41	3.07
54877	23376	3.11	2.8
54878	23376	2.81	2.53
54879	23376	2.52	2.27
54880	23376	2.22	2.0
54881	23376	1.92	1.73
54873	23377	2.11	-5.99
54874	23377	1.97	-5.61
54875	23377	1.84	-5.23
54876	23377	1.71	-4.85
54877	23377	1.58	-4.48
54878	23377	1.44	-4.1
54879	23377	1.31	-3.72
54880	23377	1.18	-3.34
54881	23377	1.04	-2.97
54999	23389	6.65	2.13
55000	23389	6.27	2.01
55001	23389	5.9	1.91
55002	23389	5.55	1.82
55003	23389	5.2	1.73
55004	23389	4.87	1.65
55005	23389	4.53	1.58
55006	23389	4.19	1.51
55007	23389	3.85	1.44
55020	23389	6.65	2.13
55021	23389	6.27	2.01
55022	23389	5.9	1.91
55023	23389	5.55	1.82
55024	23389	5.2	1.73
55025	23389	4.87	1.65
55026	23389	4.53	1.58
55027	23389	4.19	1.51
55028	23389	3.85	1.44
55041	23389	6.65	2.13
55042	23389	6.27	2.01
55043	23389	5.9	1.91
55044	23389	5.55	1.82
55045	23389	5.2	1.73
55046	23389	4.87	1.65
55047	23389	4.53	1.58
55048	23389	4.19	1.51
55049	23389	3.85	1.44
55062	23389	-2.61	0.49
55063	23389	-3.07	0.37
55064	23389	-3.54	0.26
55065	23389	-4.01	0.14
55066	23389	-4.48	0.02
55067	23389	-4.95	-0.1
55068	23389	-5.42	-0.26
55069	23389	-5.86	-0.47
55070	23389	-6.2	-0.71
55104	23401	0.83	-7.89
55105	23401	0.79	-7.49
55106	23401	0.74	-7.1
55107	23401	0.69	-6.7
55108	23401	0.64	-6.29
55109	23401	0.59	-5.89
55110	23401	0.54	-5.48
55111	23401	0.49	-5.07
55112	23401	0.43	-4.66
55125	23401	0.83	-7.89
55126	23401	0.79	-7.49
55127	23401	0.74	-7.1
55128	23401	0.69	-6.7
55129	23401	0.64	-6.29
55130	23401	0.59	-5.89
55131	23401	0.54	-5.48
55132	23401	0.49	-5.07
55133	23401	0.43	-4.66
55146	23401	0.54	-5.48
55147	23401	0.49	-5.07
55148	23401	0.43	-4.66
55149	23401	0.37	-4.26
55150	23401	0.29	-3.86
55151	23401	0.22	-3.44
55152	23401	0.17	-2.96
55153	23401	0.13	-2.48
55154	23401	0.1	-1.99
55167	23401	0.37	-4.26
55168	23401	0.29	-3.86
55169	23401	0.22	-3.44
55170	23401	0.17	-2.96
55171	23401	0.13	-2.48
55172	23401	0.1	-1.99
55173	23401	0.07	-1.5
55174	23401	-0.04	-0.92
55175	23401	-0.16	-0.33
55188	23401	0.83	-7.89
55189	23401	0.79	-7.49
55190	23401	0.74	-7.1
55191	23401	0.69	-6.7
55192	23401	0.64	-6.29
55193	23401	0.59	-5.89
55194	23401	0.54	-5.48
55195	23401	0.49	-5.07
55196	23401	0.43	-4.66
55209	23401	0.83	-7.89
55210	23401	0.79	-7.49
55211	23401	0.74	-7.1
55212	23401	0.69	-6.7
55213	23401	0.64	-6.29
55214	23401	0.59	-5.89
55215	23401	0.54	-5.48
55216	23401	0.49	-5.07
55217	23401	0.43	-4.66
55230	23401	0.54	-5.48
55231	23401	0.49	-5.07
55232	23401	0.43	-4.66
55233	23401	0.37	-4.26
55234	23401	0.29	-3.86
55235	23401	0.22	-3.44
55236	23401	0.17	-2.96
55237	23401	0.13	-2.48
55238	23401	0.1	-1.99
55251	23401	0.54	-5.48
55252	23401	0.49	-5.07
55253	23401	0.43	-4.66
55254	23401	0.37	-4.26
55255	23401	0.29	-3.86
55256	23401	0.22	-3.44
55257	23401	0.17	-2.96
55258	23401	0.13	-2.48
55259	23401	0.1	-1.99
55272	23401	-0.31	0.24
55273	23401	-0.47	0.8
55274	23401	-0.62	1.37
55275	23401	-0.69	1.84
55276	23401	-0.73	2.28
55277	23401	-0.75	2.7
55278	23401	-0.77	3.1
55279	23401	-0.78	3.5
55280	23401	-0.79	3.9
55293	23401	-0.69	1.84
55294	23401	-0.73	2.28
55295	23401	-0.75	2.7
55296	23401	-0.77	3.1
55297	23401	-0.78	3.5
55298	23401	-0.79	3.9
55299	23401	-0.81	4.3
55300	23401	-0.82	4.7
55301	23401	-0.84	5.1
55314	23404	9.64	1.73
55315	23404	9.24	1.66
55316	23404	8.85	1.58
55317	23404	8.46	1.51
55318	23404	8.06	1.44
55319	23404	7.67	1.37
55320	23404	7.28	1.3
55321	23404	6.88	1.23
55322	23404	6.49	1.16
55335	23404	3.86	0.7
55336	23404	3.52	0.62
55337	23404	3.21	0.5
55338	23404	2.9	0.37
55339	23404	2.6	0.22
55340	23404	2.34	0.06
55341	23404	2.06	-0.12
55342	23404	1.78	-0.28
55343	23404	1.47	-0.43
55356	23404	2.9	0.37
55357	23404	2.6	0.22
55358	23404	2.34	0.06
55359	23404	2.06	-0.12
55360	23404	1.78	-0.28
55361	23404	1.47	-0.43
55362	23404	1.17	-0.58
55363	23404	0.86	-0.73
55364	23404	0.56	-0.88
55377	23404	2.9	0.37
55378	23404	2.6	0.22
55379	23404	2.34	0.06
55380	23404	2.06	-0.12
55381	23404	1.78	-0.28
55382	23404	1.47	-0.43
55383	23404	1.17	-0.58
55384	23404	0.86	-0.73
55385	23404	0.56	-0.88
55398	23411	-0.06	-8.43
55399	23411	-0.05	-8.03
55400	23411	-0.05	-7.63
55401	23411	-0.05	-7.23
55402	23411	-0.05	-6.83
55403	23411	-0.05	-6.43
55404	23411	-0.06	-6.03
55405	23411	-0.08	-5.64
55406	23411	-0.1	-5.25
55419	23411	-0.3	-2.58
55420	23411	-0.4	-2.28
55421	23411	-0.53	-2.0
55422	23411	-0.67	-1.73
55423	23411	-0.8	-1.46
55424	23411	-0.93	-1.2
55425	23411	-1.03	-0.92
55426	23411	-1.0	-0.56
55427	23411	-0.95	-0.19
55440	23411	-0.67	-1.73
55441	23411	-0.8	-1.46
55442	23411	-0.93	-1.2
55443	23411	-1.03	-0.92
55444	23411	-1.0	-0.56
55445	23411	-0.95	-0.19
55446	23411	-0.91	0.18
55447	23411	-0.87	0.55
55448	23411	-0.83	0.92
55461	23411	-1.03	-0.92
55462	23411	-1.0	-0.56
55463	23411	-0.95	-0.19
55464	23411	-0.91	0.18
55465	23411	-0.87	0.55
55466	23411	-0.83	0.92
55467	23411	-0.78	1.29
55468	23411	-0.74	1.66
55469	23411	-0.7	2.03
55482	23412	-4.94	2.16
55483	23412	-4.57	2.0
55484	23412	-4.21	1.84
55485	23412	-3.84	1.66
55486	23412	-3.48	1.48
55487	23412	-3.11	1.31
55488	23412	-2.74	1.14
55489	23412	-2.37	0.96
55490	23412	-1.98	0.65
55503	23412	0.68	-1.59
55504	23412	1.01	-1.9
55505	23412	1.35	-2.21
55506	23412	1.69	-2.52
55507	23412	2.09	-2.66
55508	23412	2.48	-2.73
55509	23412	2.88	-2.8
55510	23412	3.27	-2.86
55511	23412	3.66	-2.93
55524	23412	1.69	-2.52
55525	23412	2.09	-2.66
55526	23412	2.48	-2.73
55527	23412	2.88	-2.8
55528	23412	3.27	-2.86
55529	23412	3.66	-2.93
55530	23412	4.06	-3.0
55531	23412	4.45	-3.06
55532	23412	4.85	-3.13
55545	23412	-4.94	2.16
55546	23412	-4.57	2.0
55547	23412	-4.21	1.84
55548	23412	-3.84	1.66
55549	23412	-3.48	1.48
55550	23412	-3.11	1.31
55551	23412	-2.74	1.14
55552	23412	-2.37	0.96
55553	23412	-1.98	0.65
55566	23412	-4.94	2.16
55567	23412	-4.57	2.0
55568	23412	-4.21	1.84
55569	23412	-3.84	1.66
55570	23412	-3.48	1.48
55571	23412	-3.11	1.31
55572	23412	-2.74	1.14
55573	23412	-2.37	0.96
55574	23412	-1.98	0.65
55587	23412	0.68	-1.59
55588	23412	1.01	-1.9
55589	23412	1.35	-2.21
55590	23412	1.69	-2.52
55591	23412	2.09	-2.66
55592	23412	2.48	-2.73
55593	23412	2.88	-2.8
55594	23412	3.27	-2.86
55595	23412	3.66	-2.93
55608	23418	1.06	0.91
55609	23418	1.22	1.27
55610	23418	1.39	1.63
55611	23418	1.56	1.99
55612	23418	1.73	2.36
55613	23418	1.9	2.72
55614	23418	2.06	3.08
55615	23418	2.23	3.45
55616	23418	2.4	3.81
55608	23420	-1.72	2.57
55609	23420	-2.0	2.76
55610	23420	-2.26	2.95
55611	23420	-2.53	3.14
55612	23420	-2.81	3.33
55613	23420	-3.13	3.49
55614	23420	-3.6	3.56
55615	23420	-4.1	3.59
55616	23420	-4.61	3.52
55629	23429	7.07	1.68
55630	23429	6.69	1.58
55631	23429	6.31	1.48
55632	23429	5.94	1.38
55633	23429	5.56	1.29
55634	23429	5.2	1.19
55635	23429	4.83	1.1
55636	23429	4.46	1.01
55637	23429	4.09	0.92
55650	23429	5.94	1.38
55651	23429	5.56	1.29
55652	23429	5.2	1.19
55653	23429	4.83	1.1
55654	23429	4.46	1.01
55655	23429	4.09	0.92
55656	23429	3.73	0.83
55657	23429	3.36	0.77
55658	23429	3.06	0.77
55671	23429	3.73	0.83
55672	23429	3.36	0.77
55673	23429	3.06	0.77
55674	23429	2.81	0.78
55675	23429	2.54	0.78
55676	23429	2.24	0.82
55677	23429	1.94	0.92
55678	23429	1.63	1.04
55679	23429	1.33	1.15
55692	23429	7.07	1.68
55693	23429	6.69	1.58
55694	23429	6.31	1.48
55695	23429	5.94	1.38
55696	23429	5.56	1.29
55697	23429	5.2	1.19
55698	23429	4.83	1.1
55699	23429	4.46	1.01
55700	23429	4.09	0.92
55713	23429	8.24	1.96
55714	23429	7.85	1.87
55715	23429	7.46	1.77
55716	23429	7.07	1.68
55717	23429	6.69	1.58
55718	23429	6.31	1.48
55719	23429	5.94	1.38
55720	23429	5.56	1.29
55721	23429	5.2	1.19
55734	23429	7.07	1.68
55735	23429	6.69	1.58
55736	23429	6.31	1.48
55737	23429	5.94	1.38
55738	23429	5.56	1.29
55739	23429	5.2	1.19
55740	23429	4.83	1.1
55741	23429	4.46	1.01
55742	23429	4.09	0.92
55797	23438	-9.83	1.36
55798	23438	-9.44	1.31
55799	23438	-9.04	1.25
55800	23438	-8.64	1.2
55801	23438	-8.25	1.14
55802	23438	-7.85	1.09
55803	23438	-7.46	1.03
55804	23438	-7.06	0.98
55805	23438	-6.66	0.92
55818	23438	-5.08	0.7
55819	23438	-4.68	0.65
55820	23438	-4.29	0.59
55821	23438	-3.89	0.54
55822	23438	-3.49	0.49
55823	23438	-3.05	0.46
55824	23438	-2.61	0.5
55825	23438	-2.2	0.61
55826	23438	-1.79	0.74
55839	23438	-3.89	0.54
55840	23438	-3.49	0.49
55841	23438	-3.05	0.46
55842	23438	-2.61	0.5
55843	23438	-2.2	0.61
55844	23438	-1.79	0.74
55845	23438	-1.37	0.85
55846	23438	-0.91	0.95
55847	23438	-0.48	1.06
55923	23445	7.68	-4.22
55924	23445	7.33	-4.02
55925	23445	6.98	-3.83
55926	23445	6.63	-3.64
55927	23445	6.28	-3.45
55928	23445	5.93	-3.25
55929	23445	5.57	-3.06
55930	23445	5.22	-2.87
55931	23445	4.87	-2.68
55944	23445	6.63	-3.64
55945	23445	6.28	-3.45
55946	23445	5.93	-3.25
55947	23445	5.57	-3.06
55948	23445	5.22	-2.87
55949	23445	4.87	-2.68
55950	23445	4.52	-2.48
55951	23445	4.17	-2.29
55952	23445	3.83	-2.09
55965	23445	4.52	-2.48
55966	23445	4.17	-2.29
55967	23445	3.83	-2.09
55968	23445	3.49	-1.86
55969	23445	3.17	-1.63
55970	23445	2.97	-1.41
55971	23445	2.73	-1.29
55972	23445	2.5	-1.18
55973	23445	2.26	-1.06
55986	23445	6.63	-3.64
55987	23445	6.28	-3.45
55988	23445	5.93	-3.25
55989	23445	5.57	-3.06
55990	23445	5.22	-2.87
55991	23445	4.87	-2.68
55992	23445	4.52	-2.48
55993	23445	4.17	-2.29
55994	23445	3.83	-2.09
56238	23460	-0.19	8.34
56239	23460	-0.18	7.94
56240	23460	-0.17	7.54
56241	23460	-0.16	7.14
56242	23460	-0.16	6.74
56243	23460	-0.15	6.34
56244	23460	-0.14	5.94
56245	23460	-0.13	5.54
56246	23460	-0.12	5.14
56238	23461	-8.69	2.12
56239	23461	-8.3	2.02
56240	23461	-7.91	1.93
56241	23461	-7.52	1.83
56242	23461	-7.13	1.74
56243	23461	-6.74	1.64
56244	23461	-6.35	1.55
56245	23461	-5.96	1.45
56246	23461	-5.58	1.36
56259	23460	-0.14	5.94
56260	23460	-0.13	5.54
56261	23460	-0.12	5.14
56262	23460	-0.11	4.74
56263	23460	-0.1	4.34
56264	23460	-0.09	3.94
56265	23460	-0.12	3.5
56266	23460	-0.15	3.06
56267	23460	-0.16	2.59
56259	23461	-6.35	1.55
56260	23461	-5.96	1.45
56261	23461	-5.58	1.36
56262	23461	-5.19	1.26
56263	23461	-4.8	1.17
56264	23461	-4.41	1.08
56265	23461	-4.02	0.98
56266	23461	-3.63	0.89
56267	23461	-3.27	0.81
56280	23460	-0.22	9.54
56281	23460	-0.21	9.14
56282	23460	-0.2	8.74
56283	23460	-0.19	8.34
56284	23460	-0.18	7.94
56285	23460	-0.17	7.54
56286	23460	-0.16	7.14
56287	23460	-0.16	6.74
56288	23460	-0.15	6.34
56280	23461	-9.85	2.4
56281	23461	-9.46	2.31
56282	23461	-9.07	2.21
56283	23461	-8.69	2.12
56284	23461	-8.3	2.02
56285	23461	-7.91	1.93
56286	23461	-7.52	1.83
56287	23461	-7.13	1.74
56288	23461	-6.74	1.64
56301	23460	-0.14	5.94
56302	23460	-0.13	5.54
56303	23460	-0.12	5.14
56304	23460	-0.11	4.74
56305	23460	-0.1	4.34
56306	23460	-0.09	3.94
56307	23460	-0.12	3.5
56308	23460	-0.15	3.06
56309	23460	-0.16	2.59
56301	23461	-6.35	1.55
56302	23461	-5.96	1.45
56303	23461	-5.58	1.36
56304	23461	-5.19	1.26
56305	23461	-4.8	1.17
56306	23461	-4.41	1.08
56307	23461	-4.02	0.98
56308	23461	-3.63	0.89
56309	23461	-3.27	0.81
56322	23465	1.09	9.49
56323	23465	1.05	9.09
56324	23465	1.0	8.69
56325	23465	0.95	8.29
56326	23465	0.91	7.9
56327	23465	0.86	7.5
56328	23465	0.82	7.1
56329	23465	0.77	6.71
56330	23465	0.73	6.31
56343	23465	0.46	-0.34
56344	23465	0.47	-0.78
56345	23465	0.49	-1.23
56346	23465	0.48	-1.67
56347	23465	0.4	-2.07
56348	23465	0.33	-2.46
56349	23465	0.25	-2.85
56350	23465	0.17	-3.25
56351	23465	0.09	-3.64
56364	23465	0.48	-1.67
56365	23465	0.4	-2.07
56366	23465	0.33	-2.46
56367	23465	0.25	-2.85
56368	23465	0.17	-3.25
56369	23465	0.09	-3.64
56370	23465	0.02	-4.03
56371	23465	-0.06	-4.42
56372	23465	-0.14	-4.82
56385	23465	0.95	8.29
56386	23465	0.91	7.9
56387	23465	0.86	7.5
56388	23465	0.82	7.1
56389	23465	0.77	6.71
56390	23465	0.73	6.31
56391	23465	0.68	5.91
56392	23465	0.64	5.52
56393	23465	0.61	5.13
56406	23465	0.82	7.1
56407	23465	0.77	6.71
56408	23465	0.73	6.31
56409	23465	0.68	5.91
56410	23465	0.64	5.52
56411	23465	0.61	5.13
56412	23465	0.58	4.75
56413	23465	0.54	4.38
56414	23465	0.5	4.01
56427	23465	0.82	7.1
56428	23465	0.77	6.71
56429	23465	0.73	6.31
56430	23465	0.68	5.91
56431	23465	0.64	5.52
56432	23465	0.61	5.13
56433	23465	0.58	4.75
56434	23465	0.54	4.38
56435	23465	0.5	4.01
56448	23470	-4.9	1.54
56449	23470	-4.54	1.44
56450	23470	-4.18	1.34
56451	23470	-3.82	1.25
56452	23470	-3.46	1.15
56453	23470	-3.09	1.05
56454	23470	-2.71	0.95
56455	23470	-2.36	0.84
56456	23470	-2.01	0.73
56469	23476	-4.02	-2.65
56470	23476	-3.8	-2.47
56471	23476	-3.58	-2.3
56472	23476	-3.37	-2.12
56473	23476	-3.16	-1.94
56474	23476	-2.96	-1.76
56475	23476	-2.74	-1.57
56476	23476	-2.51	-1.35
56477	23476	-2.29	-1.14
56490	23481	-3.42	6.57
56491	23481	-3.24	6.22
56492	23481	-3.06	5.87
56493	23481	-2.88	5.52
56494	23481	-2.7	5.17
56495	23481	-2.52	4.82
56496	23481	-2.34	4.48
56497	23481	-2.17	4.13
56498	23481	-2.01	3.8
56511	23481	-1.36	2.64
56512	23481	-1.19	2.35
56513	23481	-1.03	2.06
56514	23481	-0.9	1.76
56515	23481	-0.76	1.46
56516	23481	-0.61	1.14
56517	23481	-0.44	0.79
56518	23481	-0.25	0.44
56519	23481	-0.06	0.09
56532	23481	-3.98	7.64
56533	23481	-3.79	7.28
56534	23481	-3.61	6.93
56535	23481	-3.42	6.57
56536	23481	-3.24	6.22
56537	23481	-3.06	5.87
56538	23481	-2.88	5.52
56539	23481	-2.7	5.17
56540	23481	-2.52	4.82
56553	23481	-3.42	6.57
56554	23481	-3.24	6.22
56555	23481	-3.06	5.87
56556	23481	-2.88	5.52
56557	23481	-2.7	5.17
56558	23481	-2.52	4.82
56559	23481	-2.34	4.48
56560	23481	-2.17	4.13
56561	23481	-2.01	3.8
56574	23481	-2.34	4.48
56575	23481	-2.17	4.13
56576	23481	-2.01	3.8
56577	23481	-1.85	3.49
56578	23481	-1.69	3.2
56579	23481	-1.52	2.93
56580	23481	-1.36	2.64
56581	23481	-1.19	2.35
56582	23481	-1.03	2.06
56595	23481	-0.9	1.76
56596	23481	-0.76	1.46
56597	23481	-0.61	1.14
56598	23481	-0.44	0.79
56599	23481	-0.25	0.44
56600	23481	-0.06	0.09
56601	23481	0.12	-0.27
56602	23481	0.31	-0.62
56603	23481	0.49	-0.98
56616	23481	-4.53	8.7
56617	23481	-4.35	8.35
56618	23481	-4.16	7.99
56619	23481	-3.98	7.64
56620	23481	-3.79	7.28
56621	23481	-3.61	6.93
56622	23481	-3.42	6.57
56623	23481	-3.24	6.22
56624	23481	-3.06	5.87
56637	23481	-3.42	6.57
56638	23481	-3.24	6.22
56639	23481	-3.06	5.87
56640	23481	-2.88	5.52
56641	23481	-2.7	5.17
56642	23481	-2.52	4.82
56643	23481	-2.34	4.48
56644	23481	-2.17	4.13
56645	23481	-2.01	3.8
56973	23498	-6.03	5.41
56974	23498	-5.73	5.14
56975	23498	-5.43	4.88
56976	23498	-5.13	4.61
56977	23498	-4.84	4.34
56978	23498	-4.53	4.08
56979	23498	-4.22	3.82
56980	23498	-3.91	3.56
56981	23498	-3.59	3.3
56994	23498	-0.55	0.52
56995	23498	-0.27	0.22
56996	23498	0.01	-0.07
56997	23498	0.29	-0.37
56998	23498	0.59	-0.65
56999	23498	0.89	-0.91
57000	23498	1.19	-1.18
57001	23498	1.49	-1.44
57002	23498	1.79	-1.71
57015	23498	0.29	-0.37
57016	23498	0.59	-0.65
57017	23498	0.89	-0.91
57018	23498	1.19	-1.18
57019	23498	1.49	-1.44
57020	23498	1.79	-1.71
57021	23498	2.09	-1.97
57022	23498	2.39	-2.24
57023	23498	2.69	-2.5
57036	23498	-6.92	6.21
57037	23498	-6.62	5.95
57038	23498	-6.32	5.68
57039	23498	-6.03	5.41
57040	23498	-5.73	5.14
57041	23498	-5.43	4.88
57042	23498	-5.13	4.61
57043	23498	-4.84	4.34
57044	23498	-4.53	4.08
57057	23498	-6.03	5.41
57058	23498	-5.73	5.14
57059	23498	-5.43	4.88
57060	23498	-5.13	4.61
57061	23498	-4.84	4.34
57062	23498	-4.53	4.08
57063	23498	-4.22	3.82
57064	23498	-3.91	3.56
57065	23498	-3.59	3.3
57078	23503	3.79	-4.73
57079	23503	3.55	-4.42
57080	23503	3.32	-4.11
57081	23503	3.1	-3.8
57082	23503	2.87	-3.5
57083	23503	2.63	-3.21
57084	23503	2.4	-2.92
57085	23503	2.16	-2.62
57086	23503	1.93	-2.33
57099	23503	3.79	-4.73
57100	23503	3.55	-4.42
57101	23503	3.32	-4.11
57102	23503	3.1	-3.8
57103	23503	2.87	-3.5
57104	23503	2.63	-3.21
57105	23503	2.4	-2.92
57106	23503	2.16	-2.62
57107	23503	1.93	-2.33
57120	23503	4.54	-5.67
57121	23503	4.29	-5.35
57122	23503	4.04	-5.04
57123	23503	3.79	-4.73
57124	23503	3.55	-4.42
57125	23503	3.32	-4.11
57126	23503	3.1	-3.8
57127	23503	2.87	-3.5
57128	23503	2.63	-3.21
57141	23503	3.1	-3.8
57142	23503	2.87	-3.5
57143	23503	2.63	-3.21
57144	23503	2.4	-2.92
57145	23503	2.16	-2.62
57146	23503	1.93	-2.33
57147	23503	1.74	-2.0
57148	23503	1.57	-1.65
57149	23503	1.54	-1.35
57162	23503	2.4	-2.92
57163	23503	2.16	-2.62
57164	23503	1.93	-2.33
57165	23503	1.74	-2.0
57166	23503	1.57	-1.65
57167	23503	1.54	-1.35
57168	23503	1.52	-1.07
57169	23503	1.51	-0.82
57170	23503	1.5	-0.57
57183	23503	4.54	-5.67
57184	23503	4.29	-5.35
57185	23503	4.04	-5.04
57186	23503	3.79	-4.73
57187	23503	3.55	-4.42
57188	23503	3.32	-4.11
57189	23503	3.1	-3.8
57190	23503	2.87	-3.5
57191	23503	2.63	-3.21
57288	23512	-2.83	-0.04
57289	23512	-2.63	0.02
57290	23512	-2.47	0.05
57291	23512	-2.3	0.02
57292	23512	-2.08	-0.08
57293	23512	-1.87	-0.18
57294	23512	-1.66	-0.28
57295	23512	-1.39	-0.34
57296	23512	-1.0	-0.31
57645	23534	1.41	-4.03
57646	23534	1.25	-3.65
57647	23534	1.08	-3.27
57648	23534	0.95	-2.89
57649	23534	0.81	-2.51
57650	23534	0.68	-2.13
57651	23534	0.53	-1.75
57652	23534	0.38	-1.37
57653	23534	0.22	-0.99
57666	23534	0.95	-2.89
57667	23534	0.81	-2.51
57668	23534	0.68	-2.13
57669	23534	0.53	-1.75
57670	23534	0.38	-1.37
57671	23534	0.22	-0.99
57672	23534	0.07	-0.61
57673	23534	-0.08	-0.22
57674	23534	-0.21	0.17
57687	23534	0.53	-1.75
57688	23534	0.38	-1.37
57689	23534	0.22	-0.99
57690	23534	0.07	-0.61
57691	23534	-0.08	-0.22
57692	23534	-0.21	0.17
57693	23534	-0.33	0.54
57694	23534	-0.46	0.92
57695	23534	-0.59	1.3
57708	23538	3.71	2.04
57709	23538	3.31	1.83
57710	23538	2.91	1.62
57711	23538	2.51	1.41
57712	23538	2.11	1.22
57713	23538	1.71	1.03
57714	23538	1.36	0.87
57715	23538	1.01	0.72
57716	23538	0.66	0.57
57708	23539	1.15	4.48
57709	23539	1.11	4.11
57710	23539	1.08	3.73
57711	23539	1.06	3.36
57712	23539	1.06	3.0
57713	23539	1.09	2.68
57714	23539	1.11	2.35
57715	23539	1.14	2.03
57716	23539	1.17	1.7
57729	23538	2.51	1.41
57730	23538	2.11	1.22
57731	23538	1.71	1.03
57732	23538	1.36	0.87
57733	23538	1.01	0.72
57734	23538	0.66	0.57
57735	23538	0.31	0.42
57736	23538	-0.04	0.27
57737	23538	-0.4	0.12
57729	23539	1.06	3.36
57730	23539	1.06	3.0
57731	23539	1.09	2.68
57732	23539	1.11	2.35
57733	23539	1.14	2.03
57734	23539	1.17	1.7
57735	23539	1.2	1.36
57736	23539	1.22	1.03
57737	23539	1.25	0.7
57750	23538	1.36	0.87
57751	23538	1.01	0.72
57752	23538	0.66	0.57
57753	23538	0.31	0.42
57754	23538	-0.04	0.27
57755	23538	-0.4	0.12
57756	23538	-0.75	-0.08
57757	23538	-1.1	-0.28
57758	23538	-1.46	-0.48
57750	23539	1.11	2.35
57751	23539	1.14	2.03
57752	23539	1.17	1.7
57753	23539	1.2	1.36
57754	23539	1.22	1.03
57755	23539	1.25	0.7
57756	23539	1.27	0.37
57757	23539	1.18	-0.02
57758	23539	1.06	-0.42
57771	23538	0.31	0.42
57772	23538	-0.04	0.27
57773	23538	-0.4	0.12
57774	23538	-0.75	-0.08
57775	23538	-1.1	-0.28
57776	23538	-1.46	-0.48
57777	23538	-1.8	-0.69
57778	23538	-2.15	-0.89
57779	23538	-2.49	-1.09
57771	23539	1.2	1.36
57772	23539	1.22	1.03
57773	23539	1.25	0.7
57774	23539	1.27	0.37
57775	23539	1.18	-0.02
57776	23539	1.06	-0.42
57777	23539	0.93	-0.82
57778	23539	0.8	-1.21
57779	23539	0.66	-1.59
57792	23538	-0.75	-0.08
57793	23538	-1.1	-0.28
57794	23538	-1.46	-0.48
57795	23538	-1.8	-0.69
57796	23538	-2.15	-0.89
57797	23538	-2.49	-1.09
57798	23538	-2.84	-1.29
57799	23538	-3.18	-1.5
57800	23538	-3.53	-1.7
57792	23539	1.27	0.37
57793	23539	1.18	-0.02
57794	23539	1.06	-0.42
57795	23539	0.93	-0.82
57796	23539	0.8	-1.21
57797	23539	0.66	-1.59
57798	23539	0.52	-1.96
57799	23539	0.38	-2.34
57800	23539	0.25	-2.72
57897	23547	2.72	-9.51
57898	23547	2.61	-9.12
57899	23547	2.5	-8.74
57900	23547	2.39	-8.35
57901	23547	2.28	-7.97
57902	23547	2.17	-7.58
57903	23547	2.06	-7.2
57904	23547	1.95	-6.81
57905	23547	1.84	-6.43
57918	23547	2.06	-7.2
57919	23547	1.95	-6.81
57920	23547	1.84	-6.43
57921	23547	1.73	-6.04
57922	23547	1.62	-5.66
57923	23547	1.51	-5.28
57924	23547	1.4	-4.89
57925	23547	1.29	-4.51
57926	23547	1.17	-4.15
57939	23547	1.09	-3.83
57940	23547	1.0	-3.51
57941	23547	0.91	-3.2
57942	23547	0.83	-2.89
57943	23547	0.76	-2.6
57944	23547	0.71	-2.33
57945	23547	0.65	-2.05
57946	23547	0.54	-1.8
57947	23547	0.43	-1.55
57960	23547	1.73	-6.04
57961	23547	1.62	-5.66
57962	23547	1.51	-5.28
57963	23547	1.4	-4.89
57964	23547	1.29	-4.51
57965	23547	1.17	-4.15
57966	23547	1.09	-3.83
57967	23547	1.0	-3.51
57968	23547	0.91	-3.2
57981	23547	1.73	-6.04
57982	23547	1.62	-5.66
57983	23547	1.51	-5.28
57984	23547	1.4	-4.89
57985	23547	1.29	-4.51
57986	23547	1.17	-4.15
57987	23547	1.09	-3.83
57988	23547	1.0	-3.51
57989	23547	0.91	-3.2
58002	23553	6.09	3.95
58003	23553	5.75	3.73
58004	23553	5.42	3.51
58005	23553	5.08	3.29
58006	23553	4.76	3.07
58007	23553	4.44	2.86
58008	23553	4.12	2.65
58009	23553	3.81	2.44
58010	23553	3.49	2.24
58023	23557	-3.99	3.24
58024	23557	-3.72	3.01
58025	23557	-3.44	2.77
58026	23557	-3.17	2.54
58027	23557	-2.89	2.31
58028	23557	-2.63	2.08
58029	23557	-2.38	1.86
58030	23557	-2.12	1.6
58031	23557	-1.86	1.34
58044	23557	-5.65	4.65
58045	23557	-5.37	4.41
58046	23557	-5.1	4.17
58047	23557	-4.82	3.94
58048	23557	-4.54	3.71
58049	23557	-4.27	3.47
58050	23557	-3.99	3.24
58051	23557	-3.72	3.01
58052	23557	-3.44	2.77
58065	23557	-4.82	3.94
58066	23557	-4.54	3.71
58067	23557	-4.27	3.47
58068	23557	-3.99	3.24
58069	23557	-3.72	3.01
58070	23557	-3.44	2.77
58071	23557	-3.17	2.54
58072	23557	-2.89	2.31
58073	23557	-2.63	2.08
58086	23557	-3.17	2.54
58087	23557	-2.89	2.31
58088	23557	-2.63	2.08
58089	23557	-2.38	1.86
58090	23557	-2.12	1.6
58091	23557	-1.86	1.34
58092	23557	-1.66	1.1
58093	23557	-1.47	0.86
58094	23557	-1.27	0.62
58107	23557	-1.07	0.38
58108	23557	-0.88	0.14
58109	23557	-0.68	-0.1
58110	23557	-0.48	-0.34
58111	23557	-0.22	-0.57
58112	23557	0.08	-0.78
58113	23557	0.39	-1.01
58114	23557	0.71	-1.24
58115	23557	1.03	-1.48
58128	23557	-6.53	5.42
58129	23557	-6.23	5.16
58130	23557	-5.94	4.9
58131	23557	-5.65	4.65
58132	23557	-5.37	4.41
58133	23557	-5.1	4.17
58134	23557	-4.82	3.94
58135	23557	-4.54	3.71
58136	23557	-4.27	3.47
58149	23557	-3.99	3.24
58150	23557	-3.72	3.01
58151	23557	-3.44	2.77
58152	23557	-3.17	2.54
58153	23557	-2.89	2.31
58154	23557	-2.63	2.08
58155	23557	-2.38	1.86
58156	23557	-2.12	1.6
58157	23557	-1.86	1.34
58170	23557	-3.17	2.54
58171	23557	-2.89	2.31
58172	23557	-2.63	2.08
58173	23557	-2.38	1.86
58174	23557	-2.12	1.6
58175	23557	-1.86	1.34
58176	23557	-1.66	1.1
58177	23557	-1.47	0.86
58178	23557	-1.27	0.62
58191	23557	-7.44	6.19
58192	23557	-7.14	5.94
58193	23557	-6.83	5.68
58194	23557	-6.53	5.42
58195	23557	-6.23	5.16
58196	23557	-5.94	4.9
58197	23557	-5.65	4.65
58198	23557	-5.37	4.41
58199	23557	-5.1	4.17
58212	23557	-6.53	5.42
58213	23557	-6.23	5.16
58214	23557	-5.94	4.9
58215	23557	-5.65	4.65
58216	23557	-5.37	4.41
58217	23557	-5.1	4.17
58218	23557	-4.82	3.94
58219	23557	-4.54	3.71
58220	23557	-4.27	3.47
58233	23557	-5.65	4.65
58234	23557	-5.37	4.41
58235	23557	-5.1	4.17
58236	23557	-4.82	3.94
58237	23557	-4.54	3.71
58238	23557	-4.27	3.47
58239	23557	-3.99	3.24
58240	23557	-3.72	3.01
58241	23557	-3.44	2.77
58254	23557	-3.17	2.54
58255	23557	-2.89	2.31
58256	23557	-2.63	2.08
58257	23557	-2.38	1.86
58258	23557	-2.12	1.6
58259	23557	-1.86	1.34
58260	23557	-1.66	1.1
58261	23557	-1.47	0.86
58262	23557	-1.27	0.62
58422	23571	3.25	7.38
58423	23571	3.09	7.02
58424	23571	2.93	6.65
58425	23571	2.77	6.29
58426	23571	2.6	5.92
58427	23571	2.44	5.55
58428	23571	2.28	5.19
58429	23571	2.11	4.82
58430	23571	1.93	4.45
58443	23571	0.58	1.85
58444	23571	0.41	1.37
58445	23571	0.21	0.91
58446	23571	-0.03	0.48
58447	23571	-0.26	0.04
58448	23571	-0.49	-0.4
58449	23571	-0.69	-0.84
58450	23571	-0.86	-1.23
58451	23571	-1.0	-1.6
58464	23579	6.73	4.76
58465	23579	6.4	4.53
58466	23579	6.08	4.29
58467	23579	5.75	4.06
58468	23579	5.42	3.83
58469	23579	5.1	3.6
58470	23579	4.77	3.37
58471	23579	4.44	3.14
58472	23579	4.12	2.91
58464	23580	7.28	-3.26
58465	23580	6.92	-3.1
58466	23580	6.55	-2.93
58467	23580	6.19	-2.77
58468	23580	5.82	-2.61
58469	23580	5.46	-2.44
58470	23580	5.09	-2.28
58471	23580	4.73	-2.11
58472	23580	4.36	-1.94
58485	23579	4.77	3.37
58486	23579	4.44	3.14
58487	23579	4.12	2.91
58488	23579	3.79	2.68
58489	23579	3.46	2.45
58490	23579	3.17	2.23
58491	23579	2.89	2.01
58492	23579	2.61	1.8
58493	23579	2.29	1.57
58485	23580	5.09	-2.28
58486	23580	4.73	-2.11
58487	23580	4.36	-1.94
58488	23580	3.99	-1.77
58489	23580	3.62	-1.6
58490	23580	3.21	-1.45
58491	23580	2.8	-1.3
58492	23580	2.38	-1.15
58493	23580	1.82	-1.17
58506	23583	-4.33	8.11
58507	23583	-4.15	7.76
58508	23583	-3.96	7.4
58509	23583	-3.77	7.05
58510	23583	-3.58	6.7
58511	23583	-3.39	6.34
58512	23583	-3.2	5.99
58513	23583	-3.01	5.64
58514	23583	-2.83	5.29
58527	23583	-3.2	5.99
58528	23583	-3.01	5.64
58529	23583	-2.83	5.29
58530	23583	-2.64	4.93
58531	23583	-2.45	4.58
58532	23583	-2.26	4.23
58533	23583	-2.07	3.88
58534	23583	-1.88	3.52
58535	23583	-1.69	3.17
58548	23583	-3.77	7.05
58549	23583	-3.58	6.7
58550	23583	-3.39	6.34
58551	23583	-3.2	5.99
58552	23583	-3.01	5.64
58553	23583	-2.83	5.29
58554	23583	-2.64	4.93
58555	23583	-2.45	4.58
58556	23583	-2.26	4.23
58569	23583	-3.77	7.05
58570	23583	-3.58	6.7
58571	23583	-3.39	6.34
58572	23583	-3.2	5.99
58573	23583	-3.01	5.64
58574	23583	-2.83	5.29
58575	23583	-2.64	4.93
58576	23583	-2.45	4.58
58577	23583	-2.26	4.23
58590	23583	-3.2	5.99
58591	23583	-3.01	5.64
58592	23583	-2.83	5.29
58593	23583	-2.64	4.93
58594	23583	-2.45	4.58
58595	23583	-2.26	4.23
58596	23583	-2.07	3.88
58597	23583	-1.88	3.52
58598	23583	-1.69	3.17
58821	23594	-0.41	9.22
58822	23594	-0.4	8.82
58823	23594	-0.38	8.42
58824	23594	-0.36	8.02
58825	23594	-0.34	7.62
58826	23594	-0.32	7.23
58827	23594	-0.31	6.83
58828	23594	-0.29	6.43
58829	23594	-0.27	6.03
58842	23594	-0.18	4.32
58843	23594	-0.16	3.89
58844	23594	-0.13	3.46
58845	23594	-0.09	3.03
58846	23594	-0.05	2.61
58847	23594	-0.11	2.11
58848	23594	-0.22	1.61
58849	23594	-0.55	1.11
58850	23594	-0.84	0.69
58863	23594	-0.36	8.02
58864	23594	-0.34	7.62
58865	23594	-0.32	7.23
58866	23594	-0.31	6.83
58867	23594	-0.29	6.43
58868	23594	-0.27	6.03
58869	23594	-0.25	5.61
58870	23594	-0.23	5.19
58871	23594	-0.21	4.76
58884	23594	-0.09	3.03
58885	23594	-0.05	2.61
58886	23594	-0.11	2.11
58887	23594	-0.22	1.61
58888	23594	-0.55	1.11
58889	23594	-0.84	0.69
58890	23594	-1.04	0.24
58891	23594	-1.24	-0.23
58892	23594	-1.27	-0.7
58905	23594	-0.31	6.83
58906	23594	-0.29	6.43
58907	23594	-0.27	6.03
58908	23594	-0.25	5.61
58909	23594	-0.23	5.19
58910	23594	-0.21	4.76
58911	23594	-0.18	4.32
58912	23594	-0.16	3.89
58913	23594	-0.13	3.46
59052	23606	7.06	4.15
59053	23606	6.71	3.94
59054	23606	6.37	3.74
59055	23606	6.03	3.54
59056	23606	5.68	3.34
59057	23606	5.34	3.13
59058	23606	4.99	2.93
59059	23606	4.65	2.73
59060	23606	4.3	2.53
59073	23606	8.09	4.75
59074	23606	7.75	4.55
59075	23606	7.4	4.35
59076	23606	7.06	4.15
59077	23606	6.71	3.94
59078	23606	6.37	3.74
59079	23606	6.03	3.54
59080	23606	5.68	3.34
59081	23606	5.34	3.13
59094	23606	6.03	3.54
59095	23606	5.68	3.34
59096	23606	5.34	3.13
59097	23606	4.99	2.93
59098	23606	4.65	2.73
59099	23606	4.3	2.53
59100	23606	3.94	2.33
59101	23606	3.56	2.12
59102	23606	3.19	1.9
59115	23606	7.06	4.15
59116	23606	6.71	3.94
59117	23606	6.37	3.74
59118	23606	6.03	3.54
59119	23606	5.68	3.34
59120	23606	5.34	3.13
59121	23606	4.99	2.93
59122	23606	4.65	2.73
59123	23606	4.3	2.53
59136	23606	2.81	1.68
59137	23606	2.44	1.48
59138	23606	2.1	1.3
59139	23606	1.75	1.16
59140	23606	1.29	1.12
59141	23606	0.71	1.15
59142	23606	0.19	1.18
59143	23606	-0.34	1.2
59144	23606	-0.86	1.11
59157	23606	7.06	4.15
59158	23606	6.71	3.94
59159	23606	6.37	3.74
59160	23606	6.03	3.54
59161	23606	5.68	3.34
59162	23606	5.34	3.13
59163	23606	4.99	2.93
59164	23606	4.65	2.73
59165	23606	4.3	2.53
59178	23606	6.03	3.54
59179	23606	5.68	3.34
59180	23606	5.34	3.13
59181	23606	4.99	2.93
59182	23606	4.65	2.73
59183	23606	4.3	2.53
59184	23606	3.94	2.33
59185	23606	3.56	2.12
59186	23606	3.19	1.9
59199	23606	4.99	2.93
59200	23606	4.65	2.73
59201	23606	4.3	2.53
59202	23606	3.94	2.33
59203	23606	3.56	2.12
59204	23606	3.19	1.9
59205	23606	2.81	1.68
59206	23606	2.44	1.48
59207	23606	2.1	1.3
59220	23606	7.06	4.15
59221	23606	6.71	3.94
59222	23606	6.37	3.74
59223	23606	6.03	3.54
59224	23606	5.68	3.34
59225	23606	5.34	3.13
59226	23606	4.99	2.93
59227	23606	4.65	2.73
59228	23606	4.3	2.53
59241	23606	2.81	1.68
59242	23606	2.44	1.48
59243	23606	2.1	1.3
59244	23606	1.75	1.16
59245	23606	1.29	1.12
59246	23606	0.71	1.15
59247	23606	0.19	1.18
59248	23606	-0.34	1.2
59249	23606	-0.86	1.11
59262	23611	7.48	-1.88
59263	23611	7.09	-1.78
59264	23611	6.7	-1.68
59265	23611	6.32	-1.58
59266	23611	5.93	-1.49
59267	23611	5.54	-1.39
59268	23611	5.15	-1.29
59269	23611	4.76	-1.19
59270	23611	4.38	-1.1
59283	23611	2.81	-0.58
59284	23611	2.7	-0.45
59285	23611	2.64	-0.32
59286	23611	2.59	-0.19
59287	23611	2.53	-0.06
59288	23611	2.48	0.06
59289	23611	2.42	0.07
59290	23611	2.35	0.09
59291	23611	2.29	0.11
59304	23611	3.98	-0.98
59305	23611	3.59	-0.84
59306	23611	3.2	-0.71
59307	23611	2.81	-0.58
59308	23611	2.7	-0.45
59309	23611	2.64	-0.32
59310	23611	2.59	-0.19
59311	23611	2.53	-0.06
59312	23611	2.48	0.06
59325	23611	2.81	-0.58
59326	23611	2.7	-0.45
59327	23611	2.64	-0.32
59328	23611	2.59	-0.19
59329	23611	2.53	-0.06
59330	23611	2.48	0.06
59331	23611	2.42	0.07
59332	23611	2.35	0.09
59333	23611	2.29	0.11
59346	23611	2.81	-0.58
59347	23611	2.7	-0.45
59348	23611	2.64	-0.32
59349	23611	2.59	-0.19
59350	23611	2.53	-0.06
59351	23611	2.48	0.06
59352	23611	2.42	0.07
59353	23611	2.35	0.09
59354	23611	2.29	0.11
59367	23611	2.59	-0.19
59368	23611	2.53	-0.06
59369	23611	2.48	0.06
59370	23611	2.42	0.07
59371	23611	2.35	0.09
59372	23611	2.29	0.11
59373	23611	2.23	0.12
59374	23611	2.17	0.14
59375	23611	2.1	0.16
59388	23617	3.78	-7.52
59389	23617	3.6	-7.16
59390	23617	3.42	-6.8
59391	23617	3.24	-6.45
59392	23617	3.06	-6.09
59393	23617	2.88	-5.73
59394	23617	2.71	-5.37
59395	23617	2.54	-5.01
59396	23617	2.37	-4.64
59409	23617	2.71	-5.37
59410	23617	2.54	-5.01
59411	23617	2.37	-4.64
59412	23617	2.2	-4.26
59413	23617	2.03	-3.88
59414	23617	1.86	-3.49
59415	23617	1.77	-3.14
59416	23617	1.69	-2.79
59417	23617	1.62	-2.45
59430	23617	1.58	-2.16
59431	23617	1.58	-1.91
59432	23617	1.6	-1.71
59433	23617	1.62	-1.52
59434	23617	1.64	-1.33
59435	23617	1.66	-1.14
59436	23617	1.6	-0.9
59437	23617	1.39	-0.56
59438	23617	1.18	-0.22
59451	23617	3.78	-7.52
59452	23617	3.6	-7.16
59453	23617	3.42	-6.8
59454	23617	3.24	-6.45
59455	23617	3.06	-6.09
59456	23617	2.88	-5.73
59457	23617	2.71	-5.37
59458	23617	2.54	-5.01
59459	23617	2.37	-4.64
59472	23617	4.32	-8.59
59473	23617	4.14	-8.23
59474	23617	3.96	-7.88
59475	23617	3.78	-7.52
59476	23617	3.6	-7.16
59477	23617	3.42	-6.8
59478	23617	3.24	-6.45
59479	23617	3.06	-6.09
59480	23617	2.88	-5.73
59493	23617	2.2	-4.26
59494	23617	2.03	-3.88
59495	23617	1.86	-3.49
59496	23617	1.77	-3.14
59497	23617	1.69	-2.79
59498	23617	1.62	-2.45
59499	23617	1.58	-2.16
59500	23617	1.58	-1.91
59501	23617	1.6	-1.71
59514	23617	4.32	-8.59
59515	23617	4.14	-8.23
59516	23617	3.96	-7.88
59517	23617	3.78	-7.52
59518	23617	3.6	-7.16
59519	23617	3.42	-6.8
59520	23617	3.24	-6.45
59521	23617	3.06	-6.09
59522	23617	2.88	-5.73
59535	23617	3.24	-6.45
59536	23617	3.06	-6.09
59537	23617	2.88	-5.73
59538	23617	2.71	-5.37
59539	23617	2.54	-5.01
59540	23617	2.37	-4.64
59541	23617	2.2	-4.26
59542	23617	2.03	-3.88
59543	23617	1.86	-3.49
59556	23625	-5.62	2.9
59557	23625	-5.27	2.72
59558	23625	-4.94	2.54
59559	23625	-4.63	2.38
59560	23625	-4.32	2.24
59561	23625	-4.01	2.1
59562	23625	-3.69	1.97
59563	23625	-3.38	1.85
59564	23625	-3.03	1.71
59577	23625	-7.75	4.0
59578	23625	-7.4	3.82
59579	23625	-7.04	3.63
59580	23625	-6.69	3.45
59581	23625	-6.33	3.27
59582	23625	-5.98	3.08
59583	23625	-5.62	2.9
59584	23625	-5.27	2.72
59585	23625	-4.94	2.54
59598	23625	-6.69	3.45
59599	23625	-6.33	3.27
59600	23625	-5.98	3.08
59601	23625	-5.62	2.9
59602	23625	-5.27	2.72
59603	23625	-4.94	2.54
59604	23625	-4.63	2.38
59605	23625	-4.32	2.24
59606	23625	-4.01	2.1
59745	23638	-0.34	-2.49
59746	23638	-0.25	-2.18
59747	23638	-0.17	-1.82
59748	23638	-0.07	-1.5
59749	23638	0.03	-1.18
59750	23638	0.13	-0.86
59751	23638	0.23	-0.53
59752	23638	0.32	-0.21
59753	23638	0.42	0.12
59766	23638	-0.34	-2.49
59767	23638	-0.25	-2.18
59768	23638	-0.17	-1.82
59769	23638	-0.07	-1.5
59770	23638	0.03	-1.18
59771	23638	0.13	-0.86
59772	23638	0.23	-0.53
59773	23638	0.32	-0.21
59774	23638	0.42	0.12
59787	23638	-0.81	-5.79
59788	23638	-0.75	-5.39
59789	23638	-0.7	-4.99
59790	23638	-0.64	-4.6
59791	23638	-0.59	-4.22
59792	23638	-0.54	-3.85
59793	23638	-0.49	-3.48
59794	23638	-0.45	-3.13
59795	23638	-0.41	-2.81
59808	23638	-0.34	-2.49
59809	23638	-0.25	-2.18
59810	23638	-0.17	-1.82
59811	23638	-0.07	-1.5
59812	23638	0.03	-1.18
59813	23638	0.13	-0.86
59814	23638	0.23	-0.53
59815	23638	0.32	-0.21
59816	23638	0.42	0.12
59829	23638	-1.31	-9.35
59830	23638	-1.25	-8.96
59831	23638	-1.2	-8.56
59832	23638	-1.14	-8.16
59833	23638	-1.09	-7.77
59834	23638	-1.03	-7.37
59835	23638	-0.98	-6.97
59836	23638	-0.92	-6.58
59837	23638	-0.86	-6.18
59850	23638	-0.98	-6.97
59851	23638	-0.92	-6.58
59852	23638	-0.86	-6.18
59853	23638	-0.81	-5.79
59854	23638	-0.75	-5.39
59855	23638	-0.7	-4.99
59856	23638	-0.64	-4.6
59857	23638	-0.59	-4.22
59858	23638	-0.54	-3.85
59976	23645	7.86	2.27
59977	23645	7.48	2.16
59978	23645	7.09	2.06
59979	23645	6.71	1.96
59980	23645	6.33	1.86
59981	23645	5.95	1.77
59982	23645	5.57	1.68
59983	23645	5.19	1.59
59984	23645	4.82	1.51
59976	23649	7.97	-0.19
59977	23649	7.58	-0.18
59978	23649	7.17	-0.18
59979	23649	6.77	-0.18
59980	23649	6.37	-0.18
59981	23649	5.97	-0.19
59982	23649	5.56	-0.21
59983	23649	5.16	-0.22
59984	23649	4.74	-0.24
59997	23645	6.71	1.96
59998	23645	6.33	1.86
59999	23645	5.95	1.77
60000	23645	5.57	1.68
60001	23645	5.19	1.59
60002	23645	4.82	1.51
60003	23645	4.46	1.42
60004	23645	4.1	1.33
60005	23645	3.78	1.2
59997	23649	6.77	-0.18
59998	23649	6.37	-0.18
59999	23649	5.97	-0.19
60000	23649	5.56	-0.21
60001	23649	5.16	-0.22
60002	23649	4.74	-0.24
60003	23649	4.33	-0.26
60004	23649	3.9	-0.27
60005	23649	3.47	-0.28
60018	23645	6.71	1.96
60019	23645	6.33	1.86
60020	23645	5.95	1.77
60021	23645	5.57	1.68
60022	23645	5.19	1.59
60023	23645	4.82	1.51
60024	23645	4.46	1.42
60025	23645	4.1	1.33
60026	23645	3.78	1.2
60018	23649	6.77	-0.18
60019	23649	6.37	-0.18
60020	23649	5.97	-0.19
60021	23649	5.56	-0.21
60022	23649	5.16	-0.22
60023	23649	4.74	-0.24
60024	23649	4.33	-0.26
60025	23649	3.9	-0.27
60026	23649	3.47	-0.28
60039	23645	6.71	1.96
60040	23645	6.33	1.86
60041	23645	5.95	1.77
60042	23645	5.57	1.68
60043	23645	5.19	1.59
60044	23645	4.82	1.51
60045	23645	4.46	1.42
60046	23645	4.1	1.33
60047	23645	3.78	1.2
60039	23649	6.77	-0.18
60040	23649	6.37	-0.18
60041	23649	5.97	-0.19
60042	23649	5.56	-0.21
60043	23649	5.16	-0.22
60044	23649	4.74	-0.24
60045	23649	4.33	-0.26
60046	23649	3.9	-0.27
60047	23649	3.47	-0.28
60060	23645	2.43	0.75
60061	23645	2.06	0.63
60062	23645	1.54	0.41
60063	23645	1.01	0.18
60064	23645	0.47	-0.06
60065	23645	-0.06	-0.29
60066	23645	-0.48	-0.49
60067	23645	-0.85	-0.67
60068	23645	-1.23	-0.77
60060	23649	1.71	-0.28
60061	23649	1.14	-0.3
60062	23649	0.55	-0.37
60063	23649	-0.05	-0.43
60064	23649	-0.64	-0.5
60065	23649	-1.23	-0.56
60066	23649	-1.69	-0.54
60067	23649	-2.09	-0.5
60068	23649	-2.48	-0.46
60312	23670	4.1	5.4
60313	23670	3.86	5.08
60314	23670	3.61	4.76
60315	23670	3.37	4.44
60316	23670	3.12	4.12
60317	23670	2.88	3.8
60318	23670	2.63	3.47
60319	23670	2.38	3.16
60320	23670	2.12	2.84
60333	23670	2.63	3.47
60334	23670	2.38	3.16
60335	23670	2.12	2.84
60336	23670	1.85	2.52
60337	23670	1.59	2.19
60338	23670	1.35	1.83
60339	23670	0.99	1.47
60340	23670	0.57	1.09
60341	23670	0.12	0.71
60354	23670	3.37	4.44
60355	23670	3.12	4.12
60356	23670	2.88	3.8
60357	23670	2.63	3.47
60358	23670	2.38	3.16
60359	23670	2.12	2.84
60360	23670	1.85	2.52
60361	23670	1.59	2.19
60362	23670	1.35	1.83
60375	23670	-0.34	0.37
60376	23670	-0.82	0.04
60377	23670	-1.3	-0.28
60378	23670	-1.58	-0.6
60379	23670	-1.78	-0.94
60380	23670	-1.99	-1.28
60381	23670	-2.2	-1.63
60382	23670	-2.4	-1.97
60383	23670	-2.61	-2.31
60396	23670	0.99	1.47
60397	23670	0.57	1.09
60398	23670	0.12	0.71
60399	23670	-0.34	0.37
60400	23670	-0.82	0.04
60401	23670	-1.3	-0.28
60402	23670	-1.58	-0.6
60403	23670	-1.78	-0.94
60404	23670	-1.99	-1.28
60417	23670	3.37	4.44
60418	23670	3.12	4.12
60419	23670	2.88	3.8
60420	23670	2.63	3.47
60421	23670	2.38	3.16
60422	23670	2.12	2.84
60423	23670	1.85	2.52
60424	23670	1.59	2.19
60425	23670	1.35	1.83
60438	23670	-1.58	-0.6
60439	23670	-1.78	-0.94
60440	23670	-1.99	-1.28
60441	23670	-2.2	-1.63
60442	23670	-2.4	-1.97
60443	23670	-2.61	-2.31
60444	23670	-2.81	-2.65
60445	23670	-3.02	-3.0
60446	23670	-3.22	-3.34
60459	23670	4.1	5.4
60460	23670	3.86	5.08
60461	23670	3.61	4.76
60462	23670	3.37	4.44
60463	23670	3.12	4.12
60464	23670	2.88	3.8
60465	23670	2.63	3.47
60466	23670	2.38	3.16
60467	23670	2.12	2.84
60480	23671	-6.56	2.25
60481	23671	-6.18	2.12
60482	23671	-5.8	1.99
60483	23671	-5.42	1.86
60484	23671	-5.04	1.73
60485	23671	-4.67	1.6
60486	23671	-4.29	1.47
60487	23671	-3.9	1.33
60488	23671	-3.52	1.18
60501	23671	-8.83	3.02
60502	23671	-8.45	2.89
60503	23671	-8.07	2.76
60504	23671	-7.69	2.63
60505	23671	-7.31	2.51
60506	23671	-6.94	2.38
60507	23671	-6.56	2.25
60508	23671	-6.18	2.12
60509	23671	-5.8	1.99
60522	23671	-6.56	2.25
60523	23671	-6.18	2.12
60524	23671	-5.8	1.99
60525	23671	-5.42	1.86
60526	23671	-5.04	1.73
60527	23671	-4.67	1.6
60528	23671	-4.29	1.47
60529	23671	-3.9	1.33
60530	23671	-3.52	1.18
60543	23676	-0.44	-1.34
60544	23676	-0.1	-0.88
60545	23676	0.23	-0.41
60546	23676	0.54	0.05
60547	23676	0.82	0.49
60548	23676	1.05	0.92
60549	23676	1.22	1.36
60550	23676	1.32	1.74
60551	23676	1.43	2.13
60564	23681	-1.84	5.1
60565	23681	-1.74	4.73
60566	23681	-1.63	4.37
60567	23681	-1.54	4.02
60568	23681	-1.44	3.69
60569	23681	-1.37	3.35
60570	23681	-1.3	3.01
60571	23681	-1.2	2.68
60572	23681	-1.1	2.36
60585	23681	-1.01	2.03
60586	23681	-0.92	1.71
60587	23681	-0.84	1.38
60588	23681	-0.76	1.06
60589	23681	-0.68	0.75
60590	23681	-0.6	0.43
60591	23681	-0.52	0.12
60592	23681	-0.42	-0.22
60593	23681	-0.27	-0.58
60606	23681	-0.11	-0.94
60607	23681	0.04	-1.3
60608	23681	0.19	-1.66
60609	23681	0.35	-2.02
60610	23681	0.5	-2.39
60611	23681	0.65	-2.75
60612	23681	0.8	-3.12
60613	23681	0.94	-3.5
60614	23681	1.08	-3.87
60627	23681	-3.29	9.58
60628	23681	-3.16	9.2
60629	23681	-3.03	8.82
60630	23681	-2.9	8.45
60631	23681	-2.77	8.07
60632	23681	-2.65	7.69
60633	23681	-2.53	7.32
60634	23681	-2.41	6.94
60635	23681	-2.3	6.57
60648	23681	-1.01	2.03
60649	23681	-0.92	1.71
60650	23681	-0.84	1.38
60651	23681	-0.76	1.06
60652	23681	-0.68	0.75
60653	23681	-0.6	0.43
60654	23681	-0.52	0.12
60655	23681	-0.42	-0.22
60656	23681	-0.27	-0.58
60753	23692	5.7	8.37
60754	23692	5.48	8.04
60755	23692	5.25	7.71
60756	23692	5.03	7.38
60757	23692	4.8	7.05
60758	23692	4.57	6.72
60759	23692	4.35	6.39
60760	23692	4.12	6.06
60761	23692	3.9	5.73
60753	23693	-9.64	2.57
60754	23693	-9.25	2.46
60755	23693	-8.86	2.36
60756	23693	-8.48	2.26
60757	23693	-8.09	2.15
60758	23693	-7.7	2.05
60759	23693	-7.32	1.95
60760	23693	-6.93	1.85
60761	23693	-6.54	1.74
60753	23694	2.51	-9.48
60754	23694	2.41	-9.1
60755	23694	2.31	-8.71
60756	23694	2.21	-8.32
60757	23694	2.1	-7.94
60758	23694	2.0	-7.55
60759	23694	1.9	-7.16
60760	23694	1.8	-6.78
60761	23694	1.69	-6.39
60774	23692	5.03	7.38
60775	23692	4.8	7.05
60776	23692	4.57	6.72
60777	23692	4.35	6.39
60778	23692	4.12	6.06
60779	23692	3.9	5.73
60780	23692	3.67	5.4
60781	23692	3.45	5.07
60782	23692	3.23	4.73
60774	23693	-8.48	2.26
60775	23693	-8.09	2.15
60776	23693	-7.7	2.05
60777	23693	-7.32	1.95
60778	23693	-6.93	1.85
60779	23693	-6.54	1.74
60780	23693	-6.16	1.64
60781	23693	-5.77	1.54
60782	23693	-5.38	1.43
60774	23694	2.21	-8.32
60775	23694	2.1	-7.94
60776	23694	2.0	-7.55
60777	23694	1.9	-7.16
60778	23694	1.8	-6.78
60779	23694	1.69	-6.39
60780	23694	1.59	-6.0
60781	23694	1.5	-5.62
60782	23694	1.42	-5.23
60795	23692	5.03	7.38
60796	23692	4.8	7.05
60797	23692	4.57	6.72
60798	23692	4.35	6.39
60799	23692	4.12	6.06
60800	23692	3.9	5.73
60801	23692	3.67	5.4
60802	23692	3.45	5.07
60803	23692	3.23	4.73
60795	23693	-8.48	2.26
60796	23693	-8.09	2.15
60797	23693	-7.7	2.05
60798	23693	-7.32	1.95
60799	23693	-6.93	1.85
60800	23693	-6.54	1.74
60801	23693	-6.16	1.64
60802	23693	-5.77	1.54
60803	23693	-5.38	1.43
60795	23694	2.21	-8.32
60796	23694	2.1	-7.94
60797	23694	2.0	-7.55
60798	23694	1.9	-7.16
60799	23694	1.8	-6.78
60800	23694	1.69	-6.39
60801	23694	1.59	-6.0
60802	23694	1.5	-5.62
60803	23694	1.42	-5.23
60816	23692	2.39	3.48
60817	23692	2.19	3.18
60818	23692	2.0	2.89
60819	23692	1.81	2.64
60820	23692	1.64	2.42
60821	23692	1.47	2.2
60822	23692	1.32	2.02
60823	23692	1.22	1.81
60824	23692	1.13	1.6
60816	23693	-3.84	1.02
60817	23693	-3.46	0.93
60818	23693	-3.12	0.86
60819	23693	-2.84	0.79
60820	23693	-2.62	0.67
60821	23693	-2.44	0.55
60822	23693	-2.28	0.45
60823	23693	-2.15	0.35
60824	23693	-2.03	0.24
60816	23694	1.15	-3.71
60817	23694	1.08	-3.36
60818	23694	1.02	-3.03
60819	23694	0.97	-2.71
60820	23694	0.97	-2.44
60821	23694	1.0	-2.14
60822	23694	1.15	-1.78
60823	23694	1.3	-1.42
60824	23694	1.45	-1.07
60837	23692	1.32	2.02
60838	23692	1.22	1.81
60839	23692	1.13	1.6
60840	23692	1.02	1.33
60841	23692	0.86	1.0
60842	23692	0.68	0.65
60843	23692	0.49	0.29
60844	23692	0.3	-0.08
60845	23692	0.1	-0.45
60837	23693	-2.28	0.45
60838	23693	-2.15	0.35
60839	23693	-2.03	0.24
60840	23693	-1.87	0.21
60841	23693	-1.62	0.26
60842	23693	-1.38	0.32
60843	23693	-1.14	0.37
60844	23693	-0.91	0.42
60845	23693	-0.67	0.47
60837	23694	1.15	-1.78
60838	23694	1.3	-1.42
60839	23694	1.45	-1.07
60840	23694	1.57	-0.73
60841	23694	1.63	-0.43
60842	23694	1.68	-0.13
60843	23694	1.69	0.18
60844	23694	1.52	0.55
60845	23694	1.36	0.91
60858	23692	1.02	1.33
60859	23692	0.86	1.0
60860	23692	0.68	0.65
60861	23692	0.49	0.29
60862	23692	0.3	-0.08
60863	23692	0.1	-0.45
60864	23692	-0.13	-0.77
60865	23692	-0.37	-1.1
60866	23692	-0.6	-1.42
60858	23693	-1.87	0.21
60859	23693	-1.62	0.26
60860	23693	-1.38	0.32
60861	23693	-1.14	0.37
60862	23693	-0.91	0.42
60863	23693	-0.67	0.47
60864	23693	-0.34	0.42
60865	23693	0.05	0.31
60866	23693	0.43	0.19
60858	23694	1.57	-0.73
60859	23694	1.63	-0.43
60860	23694	1.68	-0.13
60861	23694	1.69	0.18
60862	23694	1.52	0.55
60863	23694	1.36	0.91
60864	23694	1.2	1.28
60865	23694	1.04	1.64
60866	23694	0.87	2.01
60879	23692	4.35	6.39
60880	23692	4.12	6.06
60881	23692	3.9	5.73
60882	23692	3.67	5.4
60883	23692	3.45	5.07
60884	23692	3.23	4.73
60885	23692	3.01	4.41
60886	23692	2.8	4.09
60887	23692	2.59	3.78
60879	23693	-7.32	1.95
60880	23693	-6.93	1.85
60881	23693	-6.54	1.74
60882	23693	-6.16	1.64
60883	23693	-5.77	1.54
60884	23693	-5.38	1.43
60885	23693	-5.0	1.33
60886	23693	-4.61	1.23
60887	23693	-4.22	1.12
60879	23694	1.9	-7.16
60880	23694	1.8	-6.78
60881	23694	1.69	-6.39
60882	23694	1.59	-6.0
60883	23694	1.5	-5.62
60884	23694	1.42	-5.23
60885	23694	1.34	-4.85
60886	23694	1.27	-4.46
60887	23694	1.21	-4.08
60942	23700	7.27	2.28
60943	23700	6.89	2.16
60944	23700	6.51	2.04
60945	23700	6.13	1.92
60946	23700	5.75	1.8
60947	23700	5.36	1.68
60948	23700	4.98	1.56
60949	23700	4.6	1.44
60950	23700	4.24	1.33
60963	23700	9.56	2.99
60964	23700	9.18	2.87
60965	23700	8.8	2.75
60966	23700	8.42	2.63
60967	23700	8.04	2.51
60968	23700	7.65	2.4
60969	23700	7.27	2.28
60970	23700	6.89	2.16
60971	23700	6.51	2.04
60984	23700	7.27	2.28
60985	23700	6.89	2.16
60986	23700	6.51	2.04
60987	23700	6.13	1.92
60988	23700	5.75	1.8
60989	23700	5.36	1.68
60990	23700	4.98	1.56
60991	23700	4.6	1.44
60992	23700	4.24	1.33
61005	23707	1.43	8.17
61006	23707	1.36	7.78
61007	23707	1.29	7.39
61008	23707	1.22	6.99
61009	23707	1.15	6.6
61010	23707	1.08	6.2
61011	23707	1.02	5.81
61012	23707	0.96	5.41
61013	23707	0.9	5.0
61026	23707	1.02	5.81
61027	23707	0.96	5.41
61028	23707	0.9	5.0
61029	23707	0.85	4.59
61030	23707	0.79	4.18
61031	23707	0.76	3.78
61032	23707	0.76	3.4
61033	23707	0.8	3.06
61034	23707	0.84	2.71
61047	23707	1.43	8.17
61048	23707	1.36	7.78
61049	23707	1.29	7.39
61050	23707	1.22	6.99
61051	23707	1.15	6.6
61052	23707	1.08	6.2
61053	23707	1.02	5.81
61054	23707	0.96	5.41
61055	23707	0.9	5.0
61068	23707	1.02	5.81
61069	23707	0.96	5.41
61070	23707	0.9	5.0
61071	23707	0.85	4.59
61072	23707	0.79	4.18
61073	23707	0.76	3.78
61074	23707	0.76	3.4
61075	23707	0.8	3.06
61076	23707	0.84	2.71
61089	23707	0.88	2.37
61090	23707	0.97	1.96
61091	23707	1.12	1.49
61092	23707	1.26	1.02
61093	23707	1.4	0.55
61094	23707	1.54	0.08
61095	23707	1.65	-0.39
61096	23707	1.58	-0.89
61097	23707	1.51	-1.4
61110	23707	1.26	1.02
61111	23707	1.4	0.55
61112	23707	1.54	0.08
61113	23707	1.65	-0.39
61114	23707	1.58	-0.89
61115	23707	1.51	-1.4
61116	23707	1.43	-1.9
61117	23707	1.35	-2.4
61118	23707	1.25	-2.88
61131	23707	1.22	6.99
61132	23707	1.15	6.6
61133	23707	1.08	6.2
61134	23707	1.02	5.81
61135	23707	0.96	5.41
61136	23707	0.9	5.0
61137	23707	0.85	4.59
61138	23707	0.79	4.18
61139	23707	0.76	3.78
61152	23707	0.85	4.59
61153	23707	0.79	4.18
61154	23707	0.76	3.78
61155	23707	0.76	3.4
61156	23707	0.8	3.06
61157	23707	0.84	2.71
61158	23707	0.88	2.37
61159	23707	0.97	1.96
61160	23707	1.12	1.49
61173	23707	1.64	9.36
61174	23707	1.57	8.96
61175	23707	1.5	8.57
61176	23707	1.43	8.17
61177	23707	1.36	7.78
61178	23707	1.29	7.39
61179	23707	1.22	6.99
61180	23707	1.15	6.6
61181	23707	1.08	6.2
61194	23707	1.43	8.17
61195	23707	1.36	7.78
61196	23707	1.29	7.39
61197	23707	1.22	6.99
61198	23707	1.15	6.6
61199	23707	1.08	6.2
61200	23707	1.02	5.81
61201	23707	0.96	5.41
61202	23707	0.9	5.0
61215	23707	0.85	4.59
61216	23707	0.79	4.18
61217	23707	0.76	3.78
61218	23707	0.76	3.4
61219	23707	0.8	3.06
61220	23707	0.84	2.71
61221	23707	0.88	2.37
61222	23707	0.97	1.96
61223	23707	1.12	1.49
61236	23707	0.76	3.4
61237	23707	0.8	3.06
61238	23707	0.84	2.71
61239	23707	0.88	2.37
61240	23707	0.97	1.96
61241	23707	1.12	1.49
61242	23707	1.26	1.02
61243	23707	1.4	0.55
61244	23707	1.54	0.08
61257	23707	0.88	2.37
61258	23707	0.97	1.96
61259	23707	1.12	1.49
61260	23707	1.26	1.02
61261	23707	1.4	0.55
61262	23707	1.54	0.08
61263	23707	1.65	-0.39
61264	23707	1.58	-0.89
61265	23707	1.51	-1.4
61278	23707	1.22	6.99
61279	23707	1.15	6.6
61280	23707	1.08	6.2
61281	23707	1.02	5.81
61282	23707	0.96	5.41
61283	23707	0.9	5.0
61284	23707	0.85	4.59
61285	23707	0.79	4.18
61286	23707	0.76	3.78
61299	23711	-6.62	-3.51
61300	23711	-6.27	-3.32
61301	23711	-5.92	-3.14
61302	23711	-5.56	-2.96
61303	23711	-5.2	-2.79
61304	23711	-4.84	-2.63
61305	23711	-4.48	-2.46
61306	23711	-4.11	-2.31
61307	23711	-3.74	-2.14
61299	23713	-5.13	5.62
61300	23713	-4.86	5.32
61301	23713	-4.59	5.03
61302	23713	-4.32	4.73
61303	23713	-4.05	4.44
61304	23713	-3.78	4.14
61305	23713	-3.51	3.85
61306	23713	-3.24	3.55
61307	23713	-2.95	3.26
61320	23711	-3.35	-1.97
61321	23711	-2.97	-1.79
61322	23711	-2.59	-1.62
61323	23711	-2.28	-1.55
61324	23711	-1.98	-1.49
61325	23711	-1.67	-1.4
61326	23711	-1.36	-1.25
61327	23711	-1.07	-1.09
61328	23711	-0.76	-0.94
61320	23713	-2.64	2.96
61321	23713	-2.32	2.66
61322	23713	-2.0	2.36
61323	23713	-1.66	2.14
61324	23713	-1.31	1.95
61325	23713	-0.94	1.78
61326	23713	-0.52	1.63
61327	23713	-0.09	1.48
61328	23713	0.33	1.33
61341	23717	-1.31	1.51
61342	23717	-1.03	1.22
61343	23717	-0.76	0.93
61344	23717	-0.49	0.64
61345	23717	-0.21	0.34
61346	23717	0.06	0.05
61347	23717	0.33	-0.24
61348	23717	0.6	-0.53
61349	23717	0.88	-0.83
61719	23738	4.82	8.7
61720	23738	4.62	8.35
61721	23738	4.43	8.0
61722	23738	4.23	7.65
61723	23738	4.04	7.3
61724	23738	3.85	6.95
61725	23738	3.65	6.6
61726	23738	3.46	6.25
61727	23738	3.26	5.9
61719	23741	-7.84	5.14
61720	23741	-7.5	4.92
61721	23741	-7.17	4.7
61722	23741	-6.83	4.48
61723	23741	-6.5	4.26
61724	23741	-6.16	4.04
61725	23741	-5.83	3.82
61726	23741	-5.49	3.61
61727	23741	-5.15	3.4
61719	23742	7.66	6.12
61720	23742	7.35	5.87
61721	23742	7.03	5.62
61722	23742	6.72	5.37
61723	23742	6.41	5.12
61724	23742	6.09	4.87
61725	23742	5.78	4.62
61726	23742	5.47	4.37
61727	23742	5.16	4.12
61740	23744	7.19	-0.74
61741	23744	6.79	-0.7
61742	23744	6.39	-0.65
61743	23744	5.99	-0.61
61744	23744	5.6	-0.57
61745	23744	5.2	-0.53
61746	23744	4.8	-0.49
61747	23744	4.4	-0.45
61748	23744	4.0	-0.41
61740	23745	-0.01	7.15
61741	23745	-0.01	6.75
61742	23745	-0.01	6.35
61743	23745	-0.01	5.94
61744	23745	0.0	5.51
61745	23745	0.01	5.07
61746	23745	0.02	4.63
61747	23745	0.03	4.19
61748	23745	0.05	3.74
61761	23744	4.8	-0.49
61762	23744	4.4	-0.45
61763	23744	4.0	-0.41
61764	23744	3.61	-0.37
61765	23744	3.21	-0.33
61766	23744	2.84	-0.35
61767	23744	2.7	-0.42
61768	23744	2.58	-0.38
61769	23744	2.46	-0.35
61761	23745	0.02	4.63
61762	23745	0.03	4.19
61763	23745	0.05	3.74
61764	23745	0.04	3.31
61765	23745	0.04	2.88
61766	23745	0.06	2.44
61767	23745	0.07	1.96
61768	23745	0.08	1.49
61769	23745	0.07	1.02
61782	23744	3.61	-0.37
61783	23744	3.21	-0.33
61784	23744	2.84	-0.35
61785	23744	2.7	-0.42
61786	23744	2.58	-0.38
61787	23744	2.46	-0.35
61788	23744	2.36	-0.3
61789	23744	2.26	-0.24
61790	23744	2.15	-0.19
61782	23745	0.04	3.31
61783	23745	0.04	2.88
61784	23745	0.06	2.44
61785	23745	0.07	1.96
61786	23745	0.08	1.49
61787	23745	0.07	1.02
61788	23745	0.03	0.55
61789	23745	-0.01	0.08
61790	23745	-0.04	-0.39
61803	23744	3.61	-0.37
61804	23744	3.21	-0.33
61805	23744	2.84	-0.35
61806	23744	2.7	-0.42
61807	23744	2.58	-0.38
61808	23744	2.46	-0.35
61809	23744	2.36	-0.3
61810	23744	2.26	-0.24
61811	23744	2.15	-0.19
61803	23745	0.04	3.31
61804	23745	0.04	2.88
61805	23745	0.06	2.44
61806	23745	0.07	1.96
61807	23745	0.08	1.49
61808	23745	0.07	1.02
61809	23745	0.03	0.55
61810	23745	-0.01	0.08
61811	23745	-0.04	-0.39
61824	23744	7.19	-0.74
61825	23744	6.79	-0.7
61826	23744	6.39	-0.65
61827	23744	5.99	-0.61
61828	23744	5.6	-0.57
61829	23744	5.2	-0.53
61830	23744	4.8	-0.49
61831	23744	4.4	-0.45
61832	23744	4.0	-0.41
61824	23745	-0.01	7.15
61825	23745	-0.01	6.75
61826	23745	-0.01	6.35
61827	23745	-0.01	5.94
61828	23745	0.0	5.51
61829	23745	0.01	5.07
61830	23745	0.02	4.63
61831	23745	0.03	4.19
61832	23745	0.05	3.74
61845	23749	0.68	5.66
61846	23749	0.65	5.26
61847	23749	0.63	4.88
61848	23749	0.61	4.51
61849	23749	0.59	4.16
61850	23749	0.55	3.81
61851	23749	0.52	3.46
61852	23749	0.48	3.09
61853	23749	0.43	2.7
61866	23749	0.8	6.84
61867	23749	0.76	6.45
61868	23749	0.71	6.05
61869	23749	0.68	5.66
61870	23749	0.65	5.26
61871	23749	0.63	4.88
61872	23749	0.61	4.51
61873	23749	0.59	4.16
61874	23749	0.55	3.81
61887	23749	1.08	9.23
61888	23749	1.04	8.83
61889	23749	0.99	8.43
61890	23749	0.94	8.04
61891	23749	0.9	7.64
61892	23749	0.85	7.24
61893	23749	0.8	6.84
61894	23749	0.76	6.45
61895	23749	0.71	6.05
61908	23749	0.37	2.27
61909	23749	0.29	1.83
61910	23749	0.2	1.39
61911	23749	0.1	0.94
61912	23749	-0.0	0.49
61913	23749	-0.1	0.05
61914	23749	-0.2	-0.4
61915	23749	-0.29	-0.82
61916	23749	-0.33	-1.22
61929	23754	3.45	1.58
61930	23754	3.19	1.46
61931	23754	2.95	1.34
61932	23754	2.7	1.28
61933	23754	2.45	1.24
61934	23754	2.2	1.19
61935	23754	1.94	1.14
61936	23754	1.69	1.09
61937	23754	1.44	1.04
61929	23755	-2.46	2.5
61930	23755	-2.28	2.17
61931	23755	-2.11	1.87
61932	23755	-1.96	1.57
61933	23755	-1.82	1.3
61934	23755	-1.69	1.11
61935	23755	-1.56	0.92
61936	23755	-1.43	0.74
61937	23755	-1.3	0.55
61929	23757	1.34	3.26
61930	23757	1.25	2.79
61931	23757	1.16	2.34
61932	23757	1.08	1.92
61933	23757	1.0	1.48
61934	23757	0.89	1.04
61935	23757	0.77	0.59
61936	23757	0.66	0.15
61937	23757	0.55	-0.3
61950	23754	5.34	2.54
61951	23754	4.98	2.37
61952	23754	4.62	2.19
61953	23754	4.25	2.02
61954	23754	3.97	1.83
61955	23754	3.71	1.7
61956	23754	3.45	1.58
61957	23754	3.19	1.46
61958	23754	2.95	1.34
61950	23755	-3.95	4.46
61951	23755	-3.7	4.14
61952	23755	-3.46	3.82
61953	23755	-3.21	3.49
61954	23755	-2.95	3.16
61955	23755	-2.7	2.83
61956	23755	-2.46	2.5
61957	23755	-2.28	2.17
61958	23755	-2.11	1.87
61950	23757	1.96	5.56
61951	23757	1.83	5.18
61952	23757	1.73	4.82
61953	23757	1.66	4.5
61954	23757	1.57	4.13
61955	23757	1.45	3.7
61956	23757	1.34	3.26
61957	23757	1.25	2.79
61958	23757	1.16	2.34
61971	23754	1.94	1.14
61972	23754	1.69	1.09
61973	23754	1.44	1.04
61974	23754	1.19	0.98
61975	23754	0.94	0.92
61976	23754	0.63	0.82
61977	23754	0.29	0.69
61978	23754	-0.05	0.56
61979	23754	-0.4	0.4
61971	23755	-1.56	0.92
61972	23755	-1.43	0.74
61973	23755	-1.3	0.55
61974	23755	-1.17	0.36
61975	23755	-1.03	0.17
61976	23755	-0.87	-0.05
61977	23755	-0.7	-0.31
61978	23755	-0.51	-0.57
61979	23755	-0.3	-0.81
61971	23757	0.77	0.59
61972	23757	0.66	0.15
61973	23757	0.55	-0.3
61974	23757	0.42	-0.74
61975	23757	0.28	-1.18
61976	23757	0.12	-1.56
61977	23757	-0.04	-1.92
61978	23757	-0.2	-2.29
61979	23757	-0.36	-2.66
61992	23754	5.34	2.54
61993	23754	4.98	2.37
61994	23754	4.62	2.19
61995	23754	4.25	2.02
61996	23754	3.97	1.83
61997	23754	3.71	1.7
61998	23754	3.45	1.58
61999	23754	3.19	1.46
62000	23754	2.95	1.34
61992	23755	-3.95	4.46
61993	23755	-3.7	4.14
61994	23755	-3.46	3.82
61995	23755	-3.21	3.49
61996	23755	-2.95	3.16
61997	23755	-2.7	2.83
61998	23755	-2.46	2.5
61999	23755	-2.28	2.17
62000	23755	-2.11	1.87
61992	23757	1.96	5.56
61993	23757	1.83	5.18
61994	23757	1.73	4.82
61995	23757	1.66	4.5
61996	23757	1.57	4.13
61997	23757	1.45	3.7
61998	23757	1.34	3.26
61999	23757	1.25	2.79
62000	23757	1.16	2.34
62013	23760	4.34	1.82
62014	23760	3.97	1.66
62015	23760	3.6	1.51
62016	23760	3.23	1.35
62017	23760	2.86	1.2
62018	23760	2.49	1.04
62019	23760	2.17	0.97
62020	23760	1.86	0.89
62021	23760	1.53	0.89
62013	23761	-2.6	3.72
62014	23761	-2.33	3.42
62015	23761	-2.06	3.11
62016	23761	-1.81	2.79
62017	23761	-1.57	2.46
62018	23761	-1.34	2.13
62019	23761	-1.07	1.67
62020	23761	-0.77	1.18
62021	23761	-0.44	0.75
62034	23763	-1.93	1.3
62035	23763	-1.76	0.91
62036	23763	-1.6	0.53
62037	23763	-1.45	0.16
62038	23763	-1.29	-0.22
62039	23763	-1.13	-0.56
62040	23763	-0.99	-0.87
62041	23763	-0.78	-1.14
62042	23763	-0.43	-1.34
62055	23763	-1.93	1.3
62056	23763	-1.76	0.91
62057	23763	-1.6	0.53
62058	23763	-1.45	0.16
62059	23763	-1.29	-0.22
62060	23763	-1.13	-0.56
62061	23763	-0.99	-0.87
62062	23763	-0.78	-1.14
62063	23763	-0.43	-1.34
62244	23782	6.45	5.45
62245	23782	6.15	5.19
62246	23782	5.84	4.93
62247	23782	5.53	4.68
62248	23782	5.23	4.42
62249	23782	4.92	4.16
62250	23782	4.62	3.9
62251	23782	4.31	3.64
62252	23782	4.0	3.39
62265	23782	5.53	4.68
62266	23782	5.23	4.42
62267	23782	4.92	4.16
62268	23782	4.62	3.9
62269	23782	4.31	3.64
62270	23782	4.0	3.39
62271	23782	3.68	3.15
62272	23782	3.36	2.91
62273	23782	3.02	2.67
62286	23782	3.68	3.15
62287	23782	3.36	2.91
62288	23782	3.02	2.67
62289	23782	2.67	2.41
62290	23782	2.33	2.15
62291	23782	1.99	1.89
62292	23782	1.65	1.75
62293	23782	1.34	1.71
62294	23782	1.04	1.69
62307	23782	6.45	5.45
62308	23782	6.15	5.19
62309	23782	5.84	4.93
62310	23782	5.53	4.68
62311	23782	5.23	4.42
62312	23782	4.92	4.16
62313	23782	4.62	3.9
62314	23782	4.31	3.64
62315	23782	4.0	3.39
62412	23791	-2.05	-8.59
62413	23791	-1.96	-8.2
62414	23791	-1.86	-7.81
62415	23791	-1.77	-7.43
62416	23791	-1.68	-7.04
62417	23791	-1.59	-6.65
62418	23791	-1.51	-6.26
62419	23791	-1.43	-5.87
62420	23791	-1.36	-5.49
62412	23794	1.24	-8.57
62413	23794	1.19	-8.17
62414	23794	1.13	-7.78
62415	23794	1.07	-7.38
62416	23794	1.01	-6.99
62417	23794	0.96	-6.59
62418	23794	0.91	-6.19
62419	23794	0.87	-5.79
62420	23794	0.84	-5.39
62433	23791	-1.77	-7.43
62434	23791	-1.68	-7.04
62435	23791	-1.59	-6.65
62436	23791	-1.51	-6.26
62437	23791	-1.43	-5.87
62438	23791	-1.36	-5.49
62439	23791	-1.29	-5.11
62440	23791	-1.23	-4.73
62441	23791	-1.16	-4.36
62433	23794	1.07	-7.38
62434	23794	1.01	-6.99
62435	23794	0.96	-6.59
62436	23794	0.91	-6.19
62437	23794	0.87	-5.79
62438	23794	0.84	-5.39
62439	23794	0.8	-4.99
62440	23794	0.77	-4.58
62441	23794	0.75	-4.17
62454	23791	-2.33	-9.76
62455	23791	-2.23	-9.37
62456	23791	-2.14	-8.98
62457	23791	-2.05	-8.59
62458	23791	-1.96	-8.2
62459	23791	-1.86	-7.81
62460	23791	-1.77	-7.43
62461	23791	-1.68	-7.04
62462	23791	-1.59	-6.65
62454	23794	1.42	-9.76
62455	23794	1.36	-9.36
62456	23794	1.3	-8.96
62457	23794	1.24	-8.57
62458	23794	1.19	-8.17
62459	23794	1.13	-7.78
62460	23794	1.07	-7.38
62461	23794	1.01	-6.99
62462	23794	0.96	-6.59
62475	23791	-1.09	-4.0
62476	23791	-1.02	-3.65
62477	23791	-0.94	-3.29
62478	23791	-0.87	-2.94
62479	23791	-0.8	-2.59
62480	23791	-0.79	-2.29
62481	23791	-0.79	-1.98
62482	23791	-0.79	-1.64
62483	23791	-0.79	-1.27
62475	23794	0.71	-3.74
62476	23794	0.67	-3.31
62477	23794	0.63	-2.88
62478	23794	0.59	-2.45
62479	23794	0.38	-1.93
62480	23794	0.07	-1.42
62481	23794	-0.23	-0.92
62482	23794	-0.5	-0.48
62483	23794	-0.75	-0.07
62496	23799	-1.8	-5.57
62497	23799	-1.68	-5.19
62498	23799	-1.56	-4.81
62499	23799	-1.43	-4.43
62500	23799	-1.31	-4.05
62501	23799	-1.19	-3.67
62502	23799	-1.06	-3.29
62503	23799	-0.94	-2.92
62504	23799	-0.8	-2.62
62517	23799	-1.8	-5.57
62518	23799	-1.68	-5.19
62519	23799	-1.56	-4.81
62520	23799	-1.43	-4.43
62521	23799	-1.31	-4.05
62522	23799	-1.19	-3.67
62523	23799	-1.06	-3.29
62524	23799	-0.94	-2.92
62525	23799	-0.8	-2.62
62538	23802	3.69	7.66
62539	23802	3.52	7.3
62540	23802	3.35	6.94
62541	23802	3.17	6.58
62542	23802	3.0	6.22
62543	23802	2.83	5.86
62544	23802	2.65	5.5
62545	23802	2.48	5.14
62546	23802	2.3	4.78
62559	23802	2.13	4.42
62560	23802	1.96	4.06
62561	23802	1.78	3.7
62562	23802	1.61	3.34
62563	23802	1.44	2.98
62564	23802	1.26	2.68
62565	23802	1.09	2.39
62566	23802	0.91	2.03
62567	23802	0.65	1.58
62580	23802	1.61	3.34
62581	23802	1.44	2.98
62582	23802	1.26	2.68
62583	23802	1.09	2.39
62584	23802	0.91	2.03
62585	23802	0.65	1.58
62586	23802	0.37	1.06
62587	23802	0.09	0.54
62588	23802	-0.19	0.01
62601	23802	3.69	7.66
62602	23802	3.52	7.3
62603	23802	3.35	6.94
62604	23802	3.17	6.58
62605	23802	3.0	6.22
62606	23802	2.83	5.86
62607	23802	2.65	5.5
62608	23802	2.48	5.14
62609	23802	2.3	4.78
62622	23802	3.17	6.58
62623	23802	3.0	6.22
62624	23802	2.83	5.86
62625	23802	2.65	5.5
62626	23802	2.48	5.14
62627	23802	2.3	4.78
62628	23802	2.13	4.42
62629	23802	1.96	4.06
62630	23802	1.78	3.7
62832	23815	0.33	-3.8
62833	23815	0.29	-3.45
62834	23815	0.23	-3.15
62835	23815	0.19	-2.86
62836	23815	0.15	-2.66
62837	23815	0.13	-2.3
62838	23815	0.12	-1.94
62839	23815	0.1	-1.58
62840	23815	0.09	-1.21
62853	23815	0.33	-3.8
62854	23815	0.29	-3.45
62855	23815	0.23	-3.15
62856	23815	0.19	-2.86
62857	23815	0.15	-2.66
62858	23815	0.13	-2.3
62859	23815	0.12	-1.94
62860	23815	0.1	-1.58
62861	23815	0.09	-1.21
63063	23831	-0.73	9.56
63064	23831	-0.7	9.16
63065	23831	-0.67	8.76
63066	23831	-0.64	8.36
63067	23831	-0.61	7.96
63068	23831	-0.58	7.56
63069	23831	-0.55	7.17
63070	23831	-0.52	6.77
63071	23831	-0.49	6.37
63084	23831	-0.23	3.71
63085	23831	-0.18	3.38
63086	23831	-0.13	3.05
63087	23831	-0.09	2.73
63088	23831	-0.08	2.45
63089	23831	-0.08	2.17
63090	23831	-0.16	1.92
63091	23831	-0.25	1.67
63092	23831	-0.34	1.42
63105	23831	-0.35	4.79
63106	23831	-0.29	4.42
63107	23831	-0.25	4.06
63108	23831	-0.23	3.71
63109	23831	-0.18	3.38
63110	23831	-0.13	3.05
63111	23831	-0.09	2.73
63112	23831	-0.08	2.45
63113	23831	-0.08	2.17
63126	23831	-0.73	9.56
63127	23831	-0.7	9.16
63128	23831	-0.67	8.76
63129	23831	-0.64	8.36
63130	23831	-0.61	7.96
63131	23831	-0.58	7.56
63132	23831	-0.55	7.17
63133	23831	-0.52	6.77
63134	23831	-0.49	6.37
63252	23840	-1.14	0.94
63253	23840	-0.77	1.06
63254	23840	-0.41	1.17
63255	23840	-0.04	1.29
63256	23840	0.33	1.41
63257	23840	0.69	1.52
63258	23840	0.98	1.57
63259	23840	1.24	1.59
63260	23840	1.52	1.58
63273	23840	-5.7	0.74
63274	23840	-5.32	0.71
63275	23840	-4.94	0.67
63276	23840	-4.57	0.64
63277	23840	-4.19	0.61
63278	23840	-3.81	0.59
63279	23840	-3.43	0.56
63280	23840	-3.05	0.52
63281	23840	-2.67	0.51
63294	23840	-6.87	0.86
63295	23840	-6.47	0.82
63296	23840	-6.08	0.78
63297	23840	-5.7	0.74
63298	23840	-5.32	0.71
63299	23840	-4.94	0.67
63300	23840	-4.57	0.64
63301	23840	-4.19	0.61
63302	23840	-3.81	0.59
63315	23840	-2.25	0.59
63316	23840	-1.88	0.71
63317	23840	-1.51	0.82
63318	23840	-1.14	0.94
63319	23840	-0.77	1.06
63320	23840	-0.41	1.17
63321	23840	-0.04	1.29
63322	23840	0.33	1.41
63323	23840	0.69	1.52
63336	23840	-8.06	1.01
63337	23840	-7.66	0.96
63338	23840	-7.27	0.91
63339	23840	-6.87	0.86
63340	23840	-6.47	0.82
63341	23840	-6.08	0.78
63342	23840	-5.7	0.74
63343	23840	-5.32	0.71
63344	23840	-4.94	0.67
63546	23860	-5.02	5.53
63547	23860	-4.76	5.23
63548	23860	-4.5	4.93
63549	23860	-4.25	4.64
63550	23860	-3.99	4.35
63551	23860	-3.74	4.06
63552	23860	-3.49	3.79
63553	23860	-3.23	3.52
63554	23860	-2.97	3.25
63567	23860	-4.25	4.64
63568	23860	-3.99	4.35
63569	23860	-3.74	4.06
63570	23860	-3.49	3.79
63571	23860	-3.23	3.52
63572	23860	-2.97	3.25
63573	23860	-2.72	2.98
63574	23860	-2.47	2.7
63575	23860	-2.22	2.43
63588	23860	-6.63	7.3
63589	23860	-6.36	7.01
63590	23860	-6.09	6.71
63591	23860	-5.83	6.41
63592	23860	-5.56	6.12
63593	23860	-5.29	5.82
63594	23860	-5.02	5.53
63595	23860	-4.76	5.23
63596	23860	-4.5	4.93
63609	23860	-3.49	3.79
63610	23860	-3.23	3.52
63611	23860	-2.97	3.25
63612	23860	-2.72	2.98
63613	23860	-2.47	2.7
63614	23860	-2.22	2.43
63615	23860	-2.0	2.18
63616	23860	-1.82	1.96
63617	23860	-1.63	1.75
63630	23860	-2.72	2.98
63631	23860	-2.47	2.7
63632	23860	-2.22	2.43
63633	23860	-2.0	2.18
63634	23860	-1.82	1.96
63635	23860	-1.63	1.75
63636	23860	-1.43	1.51
63637	23860	-1.23	1.27
63638	23860	-1.03	1.04
63651	23860	-4.25	4.64
63652	23860	-3.99	4.35
63653	23860	-3.74	4.06
63654	23860	-3.49	3.79
63655	23860	-3.23	3.52
63656	23860	-2.97	3.25
63657	23860	-2.72	2.98
63658	23860	-2.47	2.7
63659	23860	-2.22	2.43
63672	23860	-3.49	3.79
63673	23860	-3.23	3.52
63674	23860	-2.97	3.25
63675	23860	-2.72	2.98
63676	23860	-2.47	2.7
63677	23860	-2.22	2.43
63678	23860	-2.0	2.18
63679	23860	-1.82	1.96
63680	23860	-1.63	1.75
63693	23860	-6.63	7.3
63694	23860	-6.36	7.01
63695	23860	-6.09	6.71
63696	23860	-5.83	6.41
63697	23860	-5.56	6.12
63698	23860	-5.29	5.82
63699	23860	-5.02	5.53
63700	23860	-4.76	5.23
63701	23860	-4.5	4.93
63714	23860	-5.02	5.53
63715	23860	-4.76	5.23
63716	23860	-4.5	4.93
63717	23860	-4.25	4.64
63718	23860	-3.99	4.35
63719	23860	-3.74	4.06
63720	23860	-3.49	3.79
63721	23860	-3.23	3.52
63722	23860	-2.97	3.25
63735	23860	-4.25	4.64
63736	23860	-3.99	4.35
63737	23860	-3.74	4.06
63738	23860	-3.49	3.79
63739	23860	-3.23	3.52
63740	23860	-2.97	3.25
63741	23860	-2.72	2.98
63742	23860	-2.47	2.7
63743	23860	-2.22	2.43
63756	23860	-3.49	3.79
63757	23860	-3.23	3.52
63758	23860	-2.97	3.25
63759	23860	-2.72	2.98
63760	23860	-2.47	2.7
63761	23860	-2.22	2.43
63762	23860	-2.0	2.18
63763	23860	-1.82	1.96
63764	23860	-1.63	1.75
63777	23860	-2.72	2.98
63778	23860	-2.47	2.7
63779	23860	-2.22	2.43
63780	23860	-2.0	2.18
63781	23860	-1.82	1.96
63782	23860	-1.63	1.75
63783	23860	-1.43	1.51
63784	23860	-1.23	1.27
63785	23860	-1.03	1.04
63798	23860	-2.0	2.18
63799	23860	-1.82	1.96
63800	23860	-1.63	1.75
63801	23860	-1.43	1.51
63802	23860	-1.23	1.27
63803	23860	-1.03	1.04
63804	23860	-0.81	0.78
63805	23860	-0.57	0.52
63806	23860	-0.33	0.27
63819	23860	-6.63	7.3
63820	23860	-6.36	7.01
63821	23860	-6.09	6.71
63822	23860	-5.83	6.41
63823	23860	-5.56	6.12
63824	23860	-5.29	5.82
63825	23860	-5.02	5.53
63826	23860	-4.76	5.23
63827	23860	-4.5	4.93
63840	23860	-2.72	2.98
63841	23860	-2.47	2.7
63842	23860	-2.22	2.43
63843	23860	-2.0	2.18
63844	23860	-1.82	1.96
63845	23860	-1.63	1.75
63846	23860	-1.43	1.51
63847	23860	-1.23	1.27
63848	23860	-1.03	1.04
63861	23864	-8.59	5.31
63862	23864	-8.25	5.1
63863	23864	-7.9	4.89
63864	23864	-7.56	4.68
63865	23864	-7.22	4.46
63866	23864	-6.88	4.25
63867	23864	-6.54	4.04
63868	23864	-6.2	3.83
63869	23864	-5.86	3.62
63882	23864	-2.73	1.22
63883	23864	-2.46	0.97
63884	23864	-2.23	0.62
63885	23864	-2.01	0.24
63886	23864	-1.79	-0.13
63887	23864	-1.57	-0.41
63888	23864	-1.34	-0.68
63889	23864	-1.1	-0.85
63890	23864	-0.87	-1.0
63903	23864	-2.73	1.22
63904	23864	-2.46	0.97
63905	23864	-2.23	0.62
63906	23864	-2.01	0.24
63907	23864	-1.79	-0.13
63908	23864	-1.57	-0.41
63909	23864	-1.34	-0.68
63910	23864	-1.1	-0.85
63911	23864	-0.87	-1.0
63924	23864	-7.56	4.68
63925	23864	-7.22	4.46
63926	23864	-6.88	4.25
63927	23864	-6.54	4.04
63928	23864	-6.2	3.83
63929	23864	-5.86	3.62
63930	23864	-5.53	3.41
63931	23864	-5.2	3.19
63932	23864	-4.87	2.96
63945	23872	-3.71	1.34
63946	23872	-3.33	1.27
63947	23872	-2.96	1.22
63948	23872	-2.59	1.18
63949	23872	-2.24	1.16
63950	23872	-1.89	1.15
63951	23872	-1.54	1.14
63952	23872	-1.19	1.14
63953	23872	-0.85	1.14
63966	23872	0.52	1.16
63967	23872	0.86	1.16
63968	23872	1.2	1.17
63969	23872	1.54	1.18
63970	23872	1.88	1.18
63971	23872	2.21	1.15
63972	23872	2.52	1.0
63973	23872	2.83	0.78
63974	23872	3.15	0.56
63987	23879	8.93	1.96
63988	23879	8.54	1.88
63989	23879	8.14	1.79
63990	23879	7.75	1.7
63991	23879	7.36	1.62
63992	23879	6.97	1.53
63993	23879	6.58	1.45
63994	23879	6.19	1.36
63995	23879	5.8	1.27
64008	23879	0.33	0.38
64009	23879	-0.17	0.37
64010	23879	-0.58	0.32
64011	23879	-0.95	0.23
64012	23879	-1.34	0.13
64013	23879	-1.72	0.02
64014	23879	-2.11	-0.08
64015	23879	-2.5	-0.19
64016	23879	-2.88	-0.29
64029	23879	8.93	1.96
64030	23879	8.54	1.88
64031	23879	8.14	1.79
64032	23879	7.75	1.7
64033	23879	7.36	1.62
64034	23879	6.97	1.53
64035	23879	6.58	1.45
64036	23879	6.19	1.36
64037	23879	5.8	1.27
64134	23890	-6.6	6.25
64135	23890	-6.31	5.98
64136	23890	-6.02	5.7
64137	23890	-5.73	5.43
64138	23890	-5.44	5.15
64139	23890	-5.15	4.88
64140	23890	-4.86	4.6
64141	23890	-4.57	4.33
64142	23890	-4.28	4.05
64155	23890	-3.99	3.78
64156	23890	-3.7	3.5
64157	23890	-3.41	3.23
64158	23890	-3.12	2.95
64159	23890	-2.83	2.68
64160	23890	-2.54	2.4
64161	23890	-2.27	2.13
64162	23890	-2.01	1.86
64163	23890	-1.86	1.59
64596	23904	1.87	7.96
64597	23904	1.78	7.57
64598	23904	1.69	7.18
64599	23904	1.6	6.79
64600	23904	1.51	6.4
64601	23904	1.42	6.01
64602	23904	1.32	5.63
64603	23904	1.23	5.24
64604	23904	1.14	4.85
64617	23904	0.92	2.15
64618	23904	1.03	1.79
64619	23904	1.15	1.44
64620	23904	1.29	1.11
64621	23904	1.44	0.78
64622	23904	1.58	0.44
64623	23904	1.73	0.09
64624	23904	1.87	-0.28
64625	23904	1.92	-0.79
64638	23904	0.8	3.23
64639	23904	0.71	2.83
64640	23904	0.77	2.47
64641	23904	0.92	2.15
64642	23904	1.03	1.79
64643	23904	1.15	1.44
64644	23904	1.29	1.11
64645	23904	1.44	0.78
64646	23904	1.58	0.44
64785	23915	-3.82	-3.37
64786	23915	-3.53	-3.15
64787	23915	-3.23	-2.92
64788	23915	-2.96	-2.71
64789	23915	-2.71	-2.5
64790	23915	-2.47	-2.3
64791	23915	-2.21	-2.11
64792	23915	-1.95	-1.91
64793	23915	-1.68	-1.69
64806	23915	-7.34	-6.49
64807	23915	-7.04	-6.23
64808	23915	-6.75	-5.96
64809	23915	-6.45	-5.7
64810	23915	-6.15	-5.43
64811	23915	-5.85	-5.17
64812	23915	-5.55	-4.9
64813	23915	-5.25	-4.64
64814	23915	-4.95	-4.37
64827	23915	-6.45	-5.7
64828	23915	-6.15	-5.43
64829	23915	-5.85	-5.17
64830	23915	-5.55	-4.9
64831	23915	-5.25	-4.64
64832	23915	-4.95	-4.37
64833	23915	-4.66	-4.11
64834	23915	-4.38	-3.85
64835	23915	-4.1	-3.61
64848	23915	-5.55	-4.9
64849	23915	-5.25	-4.64
64850	23915	-4.95	-4.37
64851	23915	-4.66	-4.11
64852	23915	-4.38	-3.85
64853	23915	-4.1	-3.61
64854	23915	-3.82	-3.37
64855	23915	-3.53	-3.15
64856	23915	-3.23	-2.92
64869	23915	-3.82	-3.37
64870	23915	-3.53	-3.15
64871	23915	-3.23	-2.92
64872	23915	-2.96	-2.71
64873	23915	-2.71	-2.5
64874	23915	-2.47	-2.3
64875	23915	-2.21	-2.11
64876	23915	-1.95	-1.91
64877	23915	-1.68	-1.69
64890	23915	-2.96	-2.71
64891	23915	-2.71	-2.5
64892	23915	-2.47	-2.3
64893	23915	-2.21	-2.11
64894	23915	-1.95	-1.91
64895	23915	-1.68	-1.69
64896	23915	-1.4	-1.46
64897	23915	-1.12	-1.23
64898	23915	-0.84	-1.01
64911	23915	-1.4	-1.46
64912	23915	-1.12	-1.23
64913	23915	-0.84	-1.01
64914	23915	-0.57	-0.78
64915	23915	-0.29	-0.55
64916	23915	-0.01	-0.32
64917	23915	0.27	-0.09
64918	23915	0.56	0.17
64919	23915	0.85	0.44
64932	23919	7.98	1.85
64933	23919	7.59	1.76
64934	23919	7.2	1.67
64935	23919	6.81	1.58
64936	23919	6.42	1.49
64937	23919	6.03	1.4
64938	23919	5.64	1.32
64939	23919	5.24	1.23
64940	23919	4.84	1.15
64953	23919	9.15	2.13
64954	23919	8.76	2.03
64955	23919	8.37	1.94
64956	23919	7.98	1.85
64957	23919	7.59	1.76
64958	23919	7.2	1.67
64959	23919	6.81	1.58
64960	23919	6.42	1.49
64961	23919	6.03	1.4
64974	23919	7.98	1.85
64975	23919	7.59	1.76
64976	23919	7.2	1.67
64977	23919	6.81	1.58
64978	23919	6.42	1.49
64979	23919	6.03	1.4
64980	23919	5.64	1.32
64981	23919	5.24	1.23
64982	23919	4.84	1.15
64995	23919	3.16	0.68
64996	23919	2.73	0.55
64997	23919	2.31	0.45
64998	23919	1.89	0.36
64999	23919	1.34	0.39
65000	23919	0.74	0.47
65001	23919	0.17	0.54
65002	23919	-0.38	0.61
65003	23919	-0.85	0.59
65016	23919	1.89	0.36
65017	23919	1.34	0.39
65018	23919	0.74	0.47
65019	23919	0.17	0.54
65020	23919	-0.38	0.61
65021	23919	-0.85	0.59
65022	23919	-1.23	0.47
65023	23919	-1.61	0.34
65024	23919	-1.99	0.22
65037	23919	7.98	1.85
65038	23919	7.59	1.76
65039	23919	7.2	1.67
65040	23919	6.81	1.58
65041	23919	6.42	1.49
65042	23919	6.03	1.4
65043	23919	5.64	1.32
65044	23919	5.24	1.23
65045	23919	4.84	1.15
65058	23919	3.16	0.68
65059	23919	2.73	0.55
65060	23919	2.31	0.45
65061	23919	1.89	0.36
65062	23919	1.34	0.39
65063	23919	0.74	0.47
65064	23919	0.17	0.54
65065	23919	-0.38	0.61
65066	23919	-0.85	0.59
65079	23919	9.15	2.13
65080	23919	8.76	2.03
65081	23919	8.37	1.94
65082	23919	7.98	1.85
65083	23919	7.59	1.76
65084	23919	7.2	1.67
65085	23919	6.81	1.58
65086	23919	6.42	1.49
65087	23919	6.03	1.4
65100	23919	3.16	0.68
65101	23919	2.73	0.55
65102	23919	2.31	0.45
65103	23919	1.89	0.36
65104	23919	1.34	0.39
65105	23919	0.74	0.47
65106	23919	0.17	0.54
65107	23919	-0.38	0.61
65108	23919	-0.85	0.59
65121	23927	1.01	5.5
65122	23927	0.94	5.11
65123	23927	0.86	4.72
65124	23927	0.79	4.32
65125	23927	0.72	3.93
65126	23927	0.65	3.54
65127	23927	0.58	3.14
65128	23927	0.5	2.75
65129	23927	0.48	2.41
65142	23927	0.58	3.14
65143	23927	0.5	2.75
65144	23927	0.48	2.41
65145	23927	0.5	2.01
65146	23927	0.61	1.57
65147	23927	0.77	1.28
65148	23927	0.92	0.99
65149	23927	1.07	0.7
65150	23927	1.22	0.41
65163	23927	0.92	0.99
65164	23927	1.07	0.7
65165	23927	1.22	0.41
65166	23927	1.37	0.13
65167	23927	1.48	-0.16
65168	23927	1.37	-0.55
65169	23927	1.26	-0.93
65170	23927	1.13	-1.31
65171	23927	1.0	-1.69
65184	23927	1.01	5.5
65185	23927	0.94	5.11
65186	23927	0.86	4.72
65187	23927	0.79	4.32
65188	23927	0.72	3.93
65189	23927	0.65	3.54
65190	23927	0.58	3.14
65191	23927	0.5	2.75
65192	23927	0.48	2.41
65205	23927	0.58	3.14
65206	23927	0.5	2.75
65207	23927	0.48	2.41
65208	23927	0.5	2.01
65209	23927	0.61	1.57
65210	23927	0.77	1.28
65211	23927	0.92	0.99
65212	23927	1.07	0.7
65213	23927	1.22	0.41
65226	23927	1.44	7.86
65227	23927	1.37	7.47
65228	23927	1.3	7.08
65229	23927	1.22	6.68
65230	23927	1.15	6.29
65231	23927	1.08	5.9
65232	23927	1.01	5.5
65233	23927	0.94	5.11
65234	23927	0.86	4.72
65247	23927	0.58	3.14
65248	23927	0.5	2.75
65249	23927	0.48	2.41
65250	23927	0.5	2.01
65251	23927	0.61	1.57
65252	23927	0.77	1.28
65253	23927	0.92	0.99
65254	23927	1.07	0.7
65255	23927	1.22	0.41
65373	23940	-5.8	-5.83
65374	23940	-5.52	-5.55
65375	23940	-5.24	-5.27
65376	23940	-4.96	-4.98
65377	23940	-4.67	-4.7
65378	23940	-4.39	-4.41
65379	23940	-4.11	-4.13
65380	23940	-3.83	-3.85
65381	23940	-3.54	-3.56
65394	23940	-4.96	-4.98
65395	23940	-4.67	-4.7
65396	23940	-4.39	-4.41
65397	23940	-4.11	-4.13
65398	23940	-3.83	-3.85
65399	23940	-3.54	-3.56
65400	23940	-3.26	-3.28
65401	23940	-2.98	-3.0
65402	23940	-2.7	-2.71
65415	23940	-3.26	-3.28
65416	23940	-2.98	-3.0
65417	23940	-2.7	-2.71
65418	23940	-2.42	-2.43
65419	23940	-2.13	-2.15
65420	23940	-1.85	-1.86
65421	23940	-1.55	-1.58
65422	23940	-1.23	-1.19
65423	23940	-0.93	-0.67
65436	23940	-5.8	-5.83
65437	23940	-5.52	-5.55
65438	23940	-5.24	-5.27
65439	23940	-4.96	-4.98
65440	23940	-4.67	-4.7
65441	23940	-4.39	-4.41
65442	23940	-4.11	-4.13
65443	23940	-3.83	-3.85
65444	23940	-3.54	-3.56
65457	23940	-4.11	-4.13
65458	23940	-3.83	-3.85
65459	23940	-3.54	-3.56
65460	23940	-3.26	-3.28
65461	23940	-2.98	-3.0
65462	23940	-2.7	-2.71
65463	23940	-2.42	-2.43
65464	23940	-2.13	-2.15
65465	23940	-1.85	-1.86
65478	23940	-3.26	-3.28
65479	23940	-2.98	-3.0
65480	23940	-2.7	-2.71
65481	23940	-2.42	-2.43
65482	23940	-2.13	-2.15
65483	23940	-1.85	-1.86
65484	23940	-1.55	-1.58
65485	23940	-1.23	-1.19
65486	23940	-0.93	-0.67
65499	23940	-4.96	-4.98
65500	23940	-4.67	-4.7
65501	23940	-4.39	-4.41
65502	23940	-4.11	-4.13
65503	23940	-3.83	-3.85
65504	23940	-3.54	-3.56
65505	23940	-3.26	-3.28
65506	23940	-2.98	-3.0
65507	23940	-2.7	-2.71
65520	23940	-4.11	-4.13
65521	23940	-3.83	-3.85
65522	23940	-3.54	-3.56
65523	23940	-3.26	-3.28
65524	23940	-2.98	-3.0
65525	23940	-2.7	-2.71
65526	23940	-2.42	-2.43
65527	23940	-2.13	-2.15
65528	23940	-1.85	-1.86
65625	23950	1.49	8.73
65626	23950	1.42	8.34
65627	23950	1.36	7.94
65628	23950	1.29	7.55
65629	23950	1.22	7.15
65630	23950	1.15	6.76
65631	23950	1.09	6.37
65632	23950	1.02	5.97
65633	23950	0.95	5.58
65625	23951	7.99	3.68
65626	23951	7.62	3.51
65627	23951	7.26	3.35
65628	23951	6.9	3.18
65629	23951	6.54	3.01
65630	23951	6.17	2.85
65631	23951	5.81	2.69
65632	23951	5.45	2.54
65633	23951	5.09	2.39
65625	23952	8.52	0.38
65626	23952	8.12	0.36
65627	23952	7.72	0.34
65628	23952	7.32	0.33
65629	23952	6.92	0.31
65630	23952	6.53	0.29
65631	23952	6.13	0.26
65632	23952	5.72	0.23
65633	23952	5.32	0.19
65625	23953	3.91	-7.98
65626	23953	3.73	-7.62
65627	23953	3.56	-7.27
65628	23953	3.38	-6.91
65629	23953	3.2	-6.55
65630	23953	3.03	-6.19
65631	23953	2.85	-5.83
65632	23953	2.68	-5.47
65633	23953	2.5	-5.11
65646	23950	0.09	2.1
65647	23950	0.03	1.76
65648	23950	-0.03	1.42
65649	23950	-0.08	1.08
65650	23950	-0.14	0.74
65651	23950	-0.2	0.38
65652	23950	-0.26	-0.01
65653	23950	-0.32	-0.41
65654	23950	-0.38	-0.8
65646	23951	1.49	0.61
65647	23951	1.03	0.35
65648	23951	0.57	0.08
65649	23951	0.11	-0.18
65650	23951	-0.29	-0.46
65651	23951	-0.68	-0.72
65652	23951	-1.03	-0.96
65653	23951	-1.39	-1.16
65654	23951	-1.76	-1.31
65646	23952	0.67	-0.31
65647	23952	0.11	-0.43
65648	23952	-0.45	-0.54
65649	23952	-1.0	-0.64
65650	23952	-1.46	-0.74
65651	23952	-1.88	-0.8
65652	23952	-2.28	-0.79
65653	23952	-2.68	-0.77
65654	23952	-3.08	-0.75
65646	23953	1.13	-1.85
65647	23953	1.09	-1.55
65648	23953	1.06	-1.25
65649	23953	1.03	-0.96
65650	23953	1.0	-0.62
65651	23953	0.97	-0.28
65652	23953	0.94	0.06
65653	23953	0.74	0.41
65654	23953	0.54	0.75
65667	23950	1.49	8.73
65668	23950	1.42	8.34
65669	23950	1.36	7.94
65670	23950	1.29	7.55
65671	23950	1.22	7.15
65672	23950	1.15	6.76
65673	23950	1.09	6.37
65674	23950	1.02	5.97
65675	23950	0.95	5.58
65667	23951	7.99	3.68
65668	23951	7.62	3.51
65669	23951	7.26	3.35
65670	23951	6.9	3.18
65671	23951	6.54	3.01
65672	23951	6.17	2.85
65673	23951	5.81	2.69
65674	23951	5.45	2.54
65675	23951	5.09	2.39
65667	23952	8.52	0.38
65668	23952	8.12	0.36
65669	23952	7.72	0.34
65670	23952	7.32	0.33
65671	23952	6.92	0.31
65672	23952	6.53	0.29
65673	23952	6.13	0.26
65674	23952	5.72	0.23
65675	23952	5.32	0.19
65667	23953	3.91	-7.98
65668	23953	3.73	-7.62
65669	23953	3.56	-7.27
65670	23953	3.38	-6.91
65671	23953	3.2	-6.55
65672	23953	3.03	-6.19
65673	23953	2.85	-5.83
65674	23953	2.68	-5.47
65675	23953	2.5	-5.11
65688	23950	1.29	7.55
65689	23950	1.22	7.15
65690	23950	1.15	6.76
65691	23950	1.09	6.37
65692	23950	1.02	5.97
65693	23950	0.95	5.58
65694	23950	0.88	5.18
65695	23950	0.82	4.79
65696	23950	0.75	4.39
65688	23951	6.9	3.18
65689	23951	6.54	3.01
65690	23951	6.17	2.85
65691	23951	5.81	2.69
65692	23951	5.45	2.54
65693	23951	5.09	2.39
65694	23951	4.73	2.25
65695	23951	4.38	2.11
65696	23951	4.04	1.97
65688	23952	7.32	0.33
65689	23952	6.92	0.31
65690	23952	6.53	0.29
65691	23952	6.13	0.26
65692	23952	5.72	0.23
65693	23952	5.32	0.19
65694	23952	4.91	0.14
65695	23952	4.5	0.1
65696	23952	4.08	0.06
65688	23953	3.38	-6.91
65689	23953	3.2	-6.55
65690	23953	3.03	-6.19
65691	23953	2.85	-5.83
65692	23953	2.68	-5.47
65693	23953	2.5	-5.11
65694	23953	2.32	-4.75
65695	23953	2.15	-4.39
65696	23953	1.97	-4.03
65709	23950	1.29	7.55
65710	23950	1.22	7.15
65711	23950	1.15	6.76
65712	23950	1.09	6.37
65713	23950	1.02	5.97
65714	23950	0.95	5.58
65715	23950	0.88	5.18
65716	23950	0.82	4.79
65717	23950	0.75	4.39
65709	23951	6.9	3.18
65710	23951	6.54	3.01
65711	23951	6.17	2.85
65712	23951	5.81	2.69
65713	23951	5.45	2.54
65714	23951	5.09	2.39
65715	23951	4.73	2.25
65716	23951	4.38	2.11
65717	23951	4.04	1.97
65709	23952	7.32	0.33
65710	23952	6.92	0.31
65711	23952	6.53	0.29
65712	23952	6.13	0.26
65713	23952	5.72	0.23
65714	23952	5.32	0.19
65715	23952	4.91	0.14
65716	23952	4.5	0.1
65717	23952	4.08	0.06
65709	23953	3.38	-6.91
65710	23953	3.2	-6.55
65711	23953	3.03	-6.19
65712	23953	2.85	-5.83
65713	23953	2.68	-5.47
65714	23953	2.5	-5.11
65715	23953	2.32	-4.75
65716	23953	2.15	-4.39
65717	23953	1.97	-4.03
65730	23950	1.69	9.91
65731	23950	1.63	9.52
65732	23950	1.56	9.13
65733	23950	1.49	8.73
65734	23950	1.42	8.34
65735	23950	1.36	7.94
65736	23950	1.29	7.55
65737	23950	1.22	7.15
65738	23950	1.15	6.76
65730	23951	9.08	4.18
65731	23951	8.71	4.02
65732	23951	8.35	3.85
65733	23951	7.99	3.68
65734	23951	7.62	3.51
65735	23951	7.26	3.35
65736	23951	6.9	3.18
65737	23951	6.54	3.01
65738	23951	6.17	2.85
65730	23952	9.72	0.43
65731	23952	9.32	0.41
65732	23952	8.92	0.4
65733	23952	8.52	0.38
65734	23952	8.12	0.36
65735	23952	7.72	0.34
65736	23952	7.32	0.33
65737	23952	6.92	0.31
65738	23952	6.53	0.29
65730	23953	4.43	-9.06
65731	23953	4.26	-8.7
65732	23953	4.08	-8.34
65733	23953	3.91	-7.98
65734	23953	3.73	-7.62
65735	23953	3.56	-7.27
65736	23953	3.38	-6.91
65737	23953	3.2	-6.55
65738	23953	3.03	-6.19
65898	23961	5.08	-2.23
65899	23961	4.69	-2.05
65900	23961	4.31	-1.86
65901	23961	3.92	-1.68
65902	23961	3.53	-1.49
65903	23961	3.16	-1.3
65904	23961	2.78	-1.11
65905	23961	2.4	-0.92
65906	23961	2.03	-0.73
65919	23961	5.08	-2.23
65920	23961	4.69	-2.05
65921	23961	4.31	-1.86
65922	23961	3.92	-1.68
65923	23961	3.53	-1.49
65924	23961	3.16	-1.3
65925	23961	2.78	-1.11
65926	23961	2.4	-0.92
65927	23961	2.03	-0.73
65940	23961	3.92	-1.68
65941	23961	3.53	-1.49
65942	23961	3.16	-1.3
65943	23961	2.78	-1.11
65944	23961	2.4	-0.92
65945	23961	2.03	-0.73
65946	23961	1.64	-0.54
65947	23961	1.15	-0.4
65948	23961	0.71	-0.23
66129	23971	4.96	-6.33
66130	23971	4.71	-6.02
66131	23971	4.47	-5.7
66132	23971	4.22	-5.39
66133	23971	3.97	-5.07
66134	23971	3.73	-4.76
66135	23971	3.48	-4.44
66136	23971	3.23	-4.13
66137	23971	2.98	-3.82
66150	23971	4.96	-6.33
66151	23971	4.71	-6.02
66152	23971	4.47	-5.7
66153	23971	4.22	-5.39
66154	23971	3.97	-5.07
66155	23971	3.73	-4.76
66156	23971	3.48	-4.44
66157	23971	3.23	-4.13
66158	23971	2.98	-3.82
66171	23971	4.96	-6.33
66172	23971	4.71	-6.02
66173	23971	4.47	-5.7
66174	23971	4.22	-5.39
66175	23971	3.97	-5.07
66176	23971	3.73	-4.76
66177	23971	3.48	-4.44
66178	23971	3.23	-4.13
66179	23971	2.98	-3.82
66192	23971	4.22	-5.39
66193	23971	3.97	-5.07
66194	23971	3.73	-4.76
66195	23971	3.48	-4.44
66196	23971	3.23	-4.13
66197	23971	2.98	-3.82
66198	23971	2.72	-3.51
66199	23971	2.45	-3.19
66200	23971	2.18	-2.87
66297	23986	0.29	-0.73
66298	23986	-0.1	-0.86
66299	23986	-0.49	-0.99
66300	23986	-0.89	-1.12
66301	23986	-1.28	-1.25
66302	23986	-1.67	-1.38
66303	23986	-2.06	-1.52
66304	23986	-2.45	-1.61
66305	23986	-2.83	-1.6
66318	23986	9.62	1.09
66319	23986	9.22	1.05
66320	23986	8.83	1.0
66321	23986	8.43	0.96
66322	23986	8.03	0.91
66323	23986	7.64	0.87
66324	23986	7.24	0.82
66325	23986	6.85	0.77
66326	23986	6.46	0.71
66339	23986	6.08	0.66
66340	23986	5.7	0.61
66341	23986	5.32	0.56
66342	23986	4.94	0.5
66343	23986	4.56	0.43
66344	23986	4.18	0.36
66345	23986	3.79	0.28
66346	23986	3.41	0.21
66347	23986	3.02	0.14
66360	23986	4.94	0.5
66361	23986	4.56	0.43
66362	23986	4.18	0.36
66363	23986	3.79	0.28
66364	23986	3.41	0.21
66365	23986	3.02	0.14
66366	23986	2.63	0.06
66367	23986	2.24	-0.07
66368	23986	1.85	-0.2
66381	23986	4.94	0.5
66382	23986	4.56	0.43
66383	23986	4.18	0.36
66384	23986	3.79	0.28
66385	23986	3.41	0.21
66386	23986	3.02	0.14
66387	23986	2.63	0.06
66388	23986	2.24	-0.07
66389	23986	1.85	-0.2
66402	23986	0.29	-0.73
66403	23986	-0.1	-0.86
66404	23986	-0.49	-0.99
66405	23986	-0.89	-1.12
66406	23986	-1.28	-1.25
66407	23986	-1.67	-1.38
66408	23986	-2.06	-1.52
66409	23986	-2.45	-1.61
66410	23986	-2.83	-1.6
66654	23998	-9.89	1.27
66655	23998	-9.5	1.22
66656	23998	-9.1	1.17
66657	23998	-8.7	1.12
66658	23998	-8.3	1.07
66659	23998	-7.91	1.01
66660	23998	-7.51	0.96
66661	23998	-7.11	0.91
66662	23998	-6.72	0.86
66675	23998	-6.32	0.81
66676	23998	-5.92	0.76
66677	23998	-5.53	0.71
66678	23998	-5.13	0.66
66679	23998	-4.73	0.61
66680	23998	-4.34	0.56
66681	23998	-3.94	0.51
66682	23998	-3.61	0.49
66683	23998	-3.28	0.48
66696	23998	-1.69	0.08
66697	23998	-1.55	-0.03
66698	23998	-1.41	-0.14
66699	23998	-1.28	-0.24
66700	23998	-1.11	-0.36
66701	23998	-0.75	-0.52
66702	23998	-0.38	-0.69
66703	23998	0.01	-0.75
66704	23998	0.41	-0.77
66717	24007	-4.81	0.26
66718	24007	-4.43	0.2
66719	24007	-4.07	0.15
66720	24007	-3.71	0.12
66721	24007	-3.36	0.08
66722	24007	-3.01	0.05
66723	24007	-2.66	0.05
66724	24007	-2.32	0.13
66725	24007	-1.99	0.21
66738	24007	-8.36	0.57
66739	24007	-7.96	0.55
66740	24007	-7.56	0.52
66741	24007	-7.17	0.49
66742	24007	-6.77	0.46
66743	24007	-6.37	0.44
66744	24007	-5.97	0.4
66745	24007	-5.58	0.36
66746	24007	-5.19	0.31
66759	24007	-5.97	0.4
66760	24007	-5.58	0.36
66761	24007	-5.19	0.31
66762	24007	-4.81	0.26
66763	24007	-4.43	0.2
66764	24007	-4.07	0.15
66765	24007	-3.71	0.12
66766	24007	-3.36	0.08
66767	24007	-3.01	0.05
66780	24007	-3.71	0.12
66781	24007	-3.36	0.08
66782	24007	-3.01	0.05
66783	24007	-2.66	0.05
66784	24007	-2.32	0.13
66785	24007	-1.99	0.21
66786	24007	-1.68	0.31
66787	24007	-1.37	0.43
66788	24007	-1.06	0.56
66801	24007	-7.17	0.49
66802	24007	-6.77	0.46
66803	24007	-6.37	0.44
66804	24007	-5.97	0.4
66805	24007	-5.58	0.36
66806	24007	-5.19	0.31
66807	24007	-4.81	0.26
66808	24007	-4.43	0.2
66809	24007	-4.07	0.15
66822	24007	-1.68	0.31
66823	24007	-1.37	0.43
66824	24007	-1.06	0.56
66825	24007	-0.75	0.69
66826	24007	-0.42	0.81
66827	24007	-0.07	0.93
66828	24007	0.31	1.05
66829	24007	0.73	1.16
66830	24007	1.14	1.18
66843	24007	-4.81	0.26
66844	24007	-4.43	0.2
66845	24007	-4.07	0.15
66846	24007	-3.71	0.12
66847	24007	-3.36	0.08
66848	24007	-3.01	0.05
66849	24007	-2.66	0.05
66850	24007	-2.32	0.13
66851	24007	-1.99	0.21
66864	24007	-9.56	0.66
66865	24007	-9.16	0.63
66866	24007	-8.76	0.6
66867	24007	-8.36	0.57
66868	24007	-7.96	0.55
66869	24007	-7.56	0.52
66870	24007	-7.17	0.49
66871	24007	-6.77	0.46
66872	24007	-6.37	0.44
66885	24007	-8.36	0.57
66886	24007	-7.96	0.55
66887	24007	-7.56	0.52
66888	24007	-7.17	0.49
66889	24007	-6.77	0.46
66890	24007	-6.37	0.44
66891	24007	-5.97	0.4
66892	24007	-5.58	0.36
66893	24007	-5.19	0.31
66906	24007	-3.71	0.12
66907	24007	-3.36	0.08
66908	24007	-3.01	0.05
66909	24007	-2.66	0.05
66910	24007	-2.32	0.13
66911	24007	-1.99	0.21
66912	24007	-1.68	0.31
66913	24007	-1.37	0.43
66914	24007	-1.06	0.56
66927	24009	-2.72	-7.03
66928	24009	-2.57	-6.66
66929	24009	-2.43	-6.28
66930	24009	-2.29	-5.91
66931	24009	-2.14	-5.54
66932	24009	-2.0	-5.16
66933	24009	-1.85	-4.79
66934	24009	-1.71	-4.42
66935	24009	-1.57	-4.06
66948	24009	-1.43	-3.74
66949	24009	-1.29	-3.44
66950	24009	-1.15	-3.14
66951	24009	-1.02	-2.83
66952	24009	-0.86	-2.56
66953	24009	-0.69	-2.3
66954	24009	-0.52	-2.05
66955	24009	-0.35	-1.8
66956	24009	-0.18	-1.55
67200	24021	5.49	-3.11
67201	24021	5.15	-2.91
67202	24021	4.81	-2.69
67203	24021	4.48	-2.47
67204	24021	4.19	-2.26
67205	24021	3.89	-2.05
67206	24021	3.61	-1.82
67207	24021	3.32	-1.59
67208	24021	3.03	-1.36
67221	24021	7.58	-4.29
67222	24021	7.23	-4.1
67223	24021	6.88	-3.9
67224	24021	6.53	-3.7
67225	24021	6.19	-3.51
67226	24021	5.84	-3.31
67227	24021	5.49	-3.11
67228	24021	5.15	-2.91
67229	24021	4.81	-2.69
67242	24021	-0.13	1.64
67243	24021	-0.5	1.79
67244	24021	-0.88	1.94
67245	24021	-1.25	2.1
67246	24021	-1.63	2.25
67247	24021	-2.01	2.4
67248	24021	-2.38	2.55
67249	24021	-2.76	2.7
67250	24021	-3.13	2.84
67263	24021	5.49	-3.11
67264	24021	5.15	-2.91
67265	24021	4.81	-2.69
67266	24021	4.48	-2.47
67267	24021	4.19	-2.26
67268	24021	3.89	-2.05
67269	24021	3.61	-1.82
67270	24021	3.32	-1.59
67271	24021	3.03	-1.36
67284	24021	7.58	-4.29
67285	24021	7.23	-4.1
67286	24021	6.88	-3.9
67287	24021	6.53	-3.7
67288	24021	6.19	-3.51
67289	24021	5.84	-3.31
67290	24021	5.49	-3.11
67291	24021	5.15	-2.91
67292	24021	4.81	-2.69
67305	24027	-6.96	-2.3
67306	24027	-6.58	-2.17
67307	24027	-6.2	-2.05
67308	24027	-5.82	-1.92
67309	24027	-5.44	-1.8
67310	24027	-5.06	-1.67
67311	24027	-4.68	-1.54
67312	24027	-4.3	-1.42
67313	24027	-3.92	-1.29
67305	24028	0.86	-7.11
67306	24028	0.81	-6.71
67307	24028	0.77	-6.32
67308	24028	0.71	-5.92
67309	24028	0.65	-5.52
67310	24028	0.58	-5.13
67311	24028	0.51	-4.73
67312	24028	0.43	-4.32
67313	24028	0.35	-3.91
67326	24027	-5.82	-1.92
67327	24027	-5.44	-1.8
67328	24027	-5.06	-1.67
67329	24027	-4.68	-1.54
67330	24027	-4.3	-1.42
67331	24027	-3.92	-1.29
67332	24027	-3.54	-1.17
67333	24027	-3.17	-1.05
67334	24027	-2.84	-0.97
67326	24028	0.71	-5.92
67327	24028	0.65	-5.52
67328	24028	0.58	-5.13
67329	24028	0.51	-4.73
67330	24028	0.43	-4.32
67331	24028	0.35	-3.91
67332	24028	0.27	-3.48
67333	24028	0.21	-3.05
67334	24028	0.18	-2.57
67347	24027	-6.96	-2.3
67348	24027	-6.58	-2.17
67349	24027	-6.2	-2.05
67350	24027	-5.82	-1.92
67351	24027	-5.44	-1.8
67352	24027	-5.06	-1.67
67353	24027	-4.68	-1.54
67354	24027	-4.3	-1.42
67355	24027	-3.92	-1.29
67347	24028	0.86	-7.11
67348	24028	0.81	-6.71
67349	24028	0.77	-6.32
67350	24028	0.71	-5.92
67351	24028	0.65	-5.52
67352	24028	0.58	-5.13
67353	24028	0.51	-4.73
67354	24028	0.43	-4.32
67355	24028	0.35	-3.91
67368	24027	-5.82	-1.92
67369	24027	-5.44	-1.8
67370	24027	-5.06	-1.67
67371	24027	-4.68	-1.54
67372	24027	-4.3	-1.42
67373	24027	-3.92	-1.29
67374	24027	-3.54	-1.17
67375	24027	-3.17	-1.05
67376	24027	-2.84	-0.97
67368	24028	0.71	-5.92
67369	24028	0.65	-5.52
67370	24028	0.58	-5.13
67371	24028	0.51	-4.73
67372	24028	0.43	-4.32
67373	24028	0.35	-3.91
67374	24028	0.27	-3.48
67375	24028	0.21	-3.05
67376	24028	0.18	-2.57
67389	24027	-4.68	-1.54
67390	24027	-4.3	-1.42
67391	24027	-3.92	-1.29
67392	24027	-3.54	-1.17
67393	24027	-3.17	-1.05
67394	24027	-2.84	-0.97
67395	24027	-2.52	-0.88
67396	24027	-2.22	-0.84
67397	24027	-1.95	-0.86
67389	24028	0.51	-4.73
67390	24028	0.43	-4.32
67391	24028	0.35	-3.91
67392	24028	0.27	-3.48
67393	24028	0.21	-3.05
67394	24028	0.18	-2.57
67395	24028	0.16	-2.1
67396	24028	0.02	-1.54
67397	24028	-0.11	-1.03
67410	24027	-3.54	-1.17
67411	24027	-3.17	-1.05
67412	24027	-2.84	-0.97
67413	24027	-2.52	-0.88
67414	24027	-2.22	-0.84
67415	24027	-1.95	-0.86
67416	24027	-1.69	-0.88
67417	24027	-1.42	-0.9
67418	24027	-1.16	-0.92
67410	24028	0.27	-3.48
67411	24028	0.21	-3.05
67412	24028	0.18	-2.57
67413	24028	0.16	-2.1
67414	24028	0.02	-1.54
67415	24028	-0.11	-1.03
67416	24028	-0.24	-0.52
67417	24028	-0.36	-0.01
67418	24028	-0.49	0.51
67431	24027	-6.96	-2.3
67432	24027	-6.58	-2.17
67433	24027	-6.2	-2.05
67434	24027	-5.82	-1.92
67435	24027	-5.44	-1.8
67436	24027	-5.06	-1.67
67437	24027	-4.68	-1.54
67438	24027	-4.3	-1.42
67439	24027	-3.92	-1.29
67431	24028	0.86	-7.11
67432	24028	0.81	-6.71
67433	24028	0.77	-6.32
67434	24028	0.71	-5.92
67435	24028	0.65	-5.52
67436	24028	0.58	-5.13
67437	24028	0.51	-4.73
67438	24028	0.43	-4.32
67439	24028	0.35	-3.91
67452	24033	4.11	-1.54
67453	24033	3.73	-1.38
67454	24033	3.34	-1.21
67455	24033	2.96	-1.05
67456	24033	2.57	-0.88
67457	24033	2.15	-0.73
67458	24033	1.71	-0.58
67459	24033	1.28	-0.43
67460	24033	0.84	-0.28
67473	24033	2.96	-1.05
67474	24033	2.57	-0.88
67475	24033	2.15	-0.73
67476	24033	1.71	-0.58
67477	24033	1.28	-0.43
67478	24033	0.84	-0.28
67479	24033	0.4	-0.13
67480	24033	-0.02	0.03
67481	24033	-0.43	0.19
67494	24033	0.4	-0.13
67495	24033	-0.02	0.03
67496	24033	-0.43	0.19
67497	24033	-0.84	0.34
67498	24033	-1.25	0.5
67499	24033	-1.64	0.66
67500	24033	-2.02	0.83
67501	24033	-2.39	1.0
67502	24033	-2.77	1.17
67536	24044	3.26	4.66
67537	24044	3.04	4.32
67538	24044	2.82	3.97
67539	24044	2.61	3.62
67540	24044	2.41	3.26
67541	24044	2.22	2.91
67542	24044	2.05	2.56
67543	24044	1.88	2.2
67544	24044	1.73	1.82
67557	24044	1.49	0.4
67558	24044	1.46	0.03
67559	24044	1.42	-0.33
67560	24044	1.36	-0.68
67561	24044	1.27	-1.03
67562	24044	1.16	-1.37
67563	24044	0.91	-1.64
67564	24044	0.64	-1.89
67565	24044	0.37	-2.14
67578	24044	5.31	7.63
67579	24044	5.08	7.3
67580	24044	4.85	6.97
67581	24044	4.62	6.64
67582	24044	4.39	6.31
67583	24044	4.16	5.98
67584	24044	3.94	5.66
67585	24044	3.71	5.33
67586	24044	3.48	5.0
67599	24044	4.62	6.64
67600	24044	4.39	6.31
67601	24044	4.16	5.98
67602	24044	3.94	5.66
67603	24044	3.71	5.33
67604	24044	3.48	5.0
67605	24044	3.26	4.66
67606	24044	3.04	4.32
67607	24044	2.82	3.97
67620	24044	3.26	4.66
67621	24044	3.04	4.32
67622	24044	2.82	3.97
67623	24044	2.61	3.62
67624	24044	2.41	3.26
67625	24044	2.22	2.91
67626	24044	2.05	2.56
67627	24044	1.88	2.2
67628	24044	1.73	1.82
67641	24044	1.49	0.4
67642	24044	1.46	0.03
67643	24044	1.42	-0.33
67644	24044	1.36	-0.68
67645	24044	1.27	-1.03
67646	24044	1.16	-1.37
67647	24044	0.91	-1.64
67648	24044	0.64	-1.89
67649	24044	0.37	-2.14
67662	24044	2.61	3.62
67663	24044	2.41	3.26
67664	24044	2.22	2.91
67665	24044	2.05	2.56
67666	24044	1.88	2.2
67667	24044	1.73	1.82
67668	24044	1.63	1.44
67669	24044	1.56	1.14
67670	24044	1.53	0.77
67683	24044	1.49	0.4
67684	24044	1.46	0.03
67685	24044	1.42	-0.33
67686	24044	1.36	-0.68
67687	24044	1.27	-1.03
67688	24044	1.16	-1.37
67689	24044	0.91	-1.64
67690	24044	0.64	-1.89
67691	24044	0.37	-2.14
67704	24052	-3.82	-0.24
67705	24052	-3.46	-0.21
67706	24052	-3.09	-0.17
67707	24052	-2.71	-0.14
67708	24052	-2.32	-0.06
67709	24052	-1.92	0.08
67710	24052	-1.49	0.21
67711	24052	-1.06	0.35
67712	24052	-0.67	0.42
67725	24052	-0.29	0.44
67726	24052	0.11	0.45
67727	24052	0.51	0.45
67728	24052	0.91	0.46
67729	24052	1.31	0.47
67730	24052	1.71	0.48
67731	24052	2.11	0.49
67732	24052	2.51	0.5
67733	24052	2.91	0.51
67746	24052	-6.16	-0.42
67747	24052	-5.76	-0.39
67748	24052	-5.36	-0.36
67749	24052	-4.96	-0.34
67750	24052	-4.56	-0.31
67751	24052	-4.19	-0.28
67752	24052	-3.82	-0.24
67753	24052	-3.46	-0.21
67754	24052	-3.09	-0.17
67830	24068	-5.25	2.54
67831	24068	-4.91	2.41
67832	24068	-4.57	2.27
67833	24068	-4.23	2.13
67834	24068	-3.9	2.0
67835	24068	-3.56	1.87
67836	24068	-3.21	1.73
67837	24068	-2.84	1.6
67838	24068	-2.46	1.46
67851	24068	-4.23	2.13
67852	24068	-3.9	2.0
67853	24068	-3.56	1.87
67854	24068	-3.21	1.73
67855	24068	-2.84	1.6
67856	24068	-2.46	1.46
67857	24068	-2.09	1.32
67858	24068	-1.69	1.13
67859	24068	-1.28	0.92
67872	24068	-0.88	0.71
67873	24068	-0.47	0.5
67874	24068	-0.07	0.29
67875	24068	0.33	0.09
67876	24068	0.69	-0.09
67877	24068	1.05	-0.26
67878	24068	1.41	-0.44
67879	24068	1.76	-0.61
67880	24068	2.12	-0.79
68229	24080	-8.41	-2.09
68230	24080	-8.02	-1.99
68231	24080	-7.63	-1.89
68232	24080	-7.24	-1.8
68233	24080	-6.85	-1.7
68234	24080	-6.46	-1.61
68235	24080	-6.08	-1.51
68236	24080	-5.69	-1.41
68237	24080	-5.3	-1.32
68250	24080	-8.41	-2.09
68251	24080	-8.02	-1.99
68252	24080	-7.63	-1.89
68253	24080	-7.24	-1.8
68254	24080	-6.85	-1.7
68255	24080	-6.46	-1.61
68256	24080	-6.08	-1.51
68257	24080	-5.69	-1.41
68258	24080	-5.3	-1.32
68271	24080	-4.91	-1.22
68272	24080	-4.52	-1.12
68273	24080	-4.14	-1.03
68274	24080	-3.75	-0.93
68275	24080	-3.36	-0.84
68276	24080	-2.99	-0.81
68277	24080	-2.65	-0.81
68278	24080	-2.2	-0.69
68279	24080	-1.7	-0.49
68292	24085	-6.11	5.86
68293	24085	-5.82	5.59
68294	24085	-5.53	5.31
68295	24085	-5.25	5.03
68296	24085	-4.96	4.76
68297	24085	-4.67	4.48
68298	24085	-4.38	4.2
68299	24085	-4.09	3.93
68300	24085	-3.8	3.65
68292	24089	8.4	3.12
68293	24089	8.02	2.98
68294	24089	7.65	2.84
68295	24089	7.27	2.7
68296	24089	6.9	2.56
68297	24089	6.52	2.42
68298	24089	6.15	2.28
68299	24089	5.77	2.14
68300	24089	5.4	2.0
68313	24085	-5.25	5.03
68314	24085	-4.96	4.76
68315	24085	-4.67	4.48
68316	24085	-4.38	4.2
68317	24085	-4.09	3.93
68318	24085	-3.8	3.65
68319	24085	-3.51	3.37
68320	24085	-3.23	3.09
68321	24085	-2.94	2.82
68313	24089	7.27	2.7
68314	24089	6.9	2.56
68315	24089	6.52	2.42
68316	24089	6.15	2.28
68317	24089	5.77	2.14
68318	24089	5.4	2.0
68319	24089	5.03	1.86
68320	24089	4.67	1.72
68321	24089	4.32	1.59
68334	24085	-4.38	4.2
68335	24085	-4.09	3.93
68336	24085	-3.8	3.65
68337	24085	-3.51	3.37
68338	24085	-3.23	3.09
68339	24085	-2.94	2.82
68340	24085	-2.65	2.54
68341	24085	-2.37	2.29
68342	24085	-2.15	2.1
68334	24089	6.15	2.28
68335	24089	5.77	2.14
68336	24089	5.4	2.0
68337	24089	5.03	1.86
68338	24089	4.67	1.72
68339	24089	4.32	1.59
68340	24089	3.97	1.46
68341	24089	3.62	1.33
68342	24089	3.3	1.23
68355	24085	-6.98	6.69
68356	24085	-6.69	6.42
68357	24085	-6.4	6.14
68358	24085	-6.11	5.86
68359	24085	-5.82	5.59
68360	24085	-5.53	5.31
68361	24085	-5.25	5.03
68362	24085	-4.96	4.76
68363	24085	-4.67	4.48
68355	24089	9.52	3.53
68356	24089	9.15	3.39
68357	24089	8.77	3.26
68358	24089	8.4	3.12
68359	24089	8.02	2.98
68360	24089	7.65	2.84
68361	24089	7.27	2.7
68362	24089	6.9	2.56
68363	24089	6.52	2.42
68376	24085	-5.25	5.03
68377	24085	-4.96	4.76
68378	24085	-4.67	4.48
68379	24085	-4.38	4.2
68380	24085	-4.09	3.93
68381	24085	-3.8	3.65
68382	24085	-3.51	3.37
68383	24085	-3.23	3.09
68384	24085	-2.94	2.82
68376	24089	7.27	2.7
68377	24089	6.9	2.56
68378	24089	6.52	2.42
68379	24089	6.15	2.28
68380	24089	5.77	2.14
68381	24089	5.4	2.0
68382	24089	5.03	1.86
68383	24089	4.67	1.72
68384	24089	4.32	1.59
68397	24085	-6.98	6.69
68398	24085	-6.69	6.42
68399	24085	-6.4	6.14
68400	24085	-6.11	5.86
68401	24085	-5.82	5.59
68402	24085	-5.53	5.31
68403	24085	-5.25	5.03
68404	24085	-4.96	4.76
68405	24085	-4.67	4.48
68397	24089	9.52	3.53
68398	24089	9.15	3.39
68399	24089	8.77	3.26
68400	24089	8.4	3.12
68401	24089	8.02	2.98
68402	24089	7.65	2.84
68403	24089	7.27	2.7
68404	24089	6.9	2.56
68405	24089	6.52	2.42
68418	24085	-3.51	3.37
68419	24085	-3.23	3.09
68420	24085	-2.94	2.82
68421	24085	-2.65	2.54
68422	24085	-2.37	2.29
68423	24085	-2.15	2.1
68424	24085	-1.93	1.9
68425	24085	-1.77	1.67
68426	24085	-1.61	1.45
68418	24089	5.03	1.86
68419	24089	4.67	1.72
68420	24089	4.32	1.59
68421	24089	3.97	1.46
68422	24089	3.62	1.33
68423	24089	3.3	1.23
68424	24089	2.98	1.12
68425	24089	2.67	1.02
68426	24089	2.36	0.92
68523	24096	9.62	1.61
68524	24096	9.22	1.55
68525	24096	8.83	1.48
68526	24096	8.44	1.42
68527	24096	8.04	1.35
68528	24096	7.65	1.28
68529	24096	7.25	1.22
68530	24096	6.86	1.15
68531	24096	6.46	1.08
68544	24096	2.77	0.68
68545	24096	2.51	0.68
68546	24096	2.27	0.73
68547	24096	2.03	0.79
68548	24096	1.8	0.85
68549	24096	1.57	0.91
68550	24096	1.34	0.96
68551	24096	1.11	1.01
68552	24096	0.88	1.06
68565	24096	9.62	1.61
68566	24096	9.22	1.55
68567	24096	8.83	1.48
68568	24096	8.44	1.42
68569	24096	8.04	1.35
68570	24096	7.65	1.28
68571	24096	7.25	1.22
68572	24096	6.86	1.15
68573	24096	6.46	1.08
68586	24096	8.44	1.42
68587	24096	8.04	1.35
68588	24096	7.65	1.28
68589	24096	7.25	1.22
68590	24096	6.86	1.15
68591	24096	6.46	1.08
68592	24096	6.07	1.02
68593	24096	5.67	0.95
68594	24096	5.28	0.89
68607	24096	7.25	1.22
68608	24096	6.86	1.15
68609	24096	6.46	1.08
68610	24096	6.07	1.02
68611	24096	5.67	0.95
68612	24096	5.28	0.89
68613	24096	4.89	0.83
68614	24096	4.5	0.79
68615	24096	4.11	0.77
68628	24096	2.77	0.68
68629	24096	2.51	0.68
68630	24096	2.27	0.73
68631	24096	2.03	0.79
68632	24096	1.8	0.85
68633	24096	1.57	0.91
68634	24096	1.34	0.96
68635	24096	1.11	1.01
68636	24096	0.88	1.06
68649	24096	8.44	1.42
68650	24096	8.04	1.35
68651	24096	7.65	1.28
68652	24096	7.25	1.22
68653	24096	6.86	1.15
68654	24096	6.46	1.08
68655	24096	6.07	1.02
68656	24096	5.67	0.95
68657	24096	5.28	0.89
68670	24096	8.44	1.42
68671	24096	8.04	1.35
68672	24096	7.65	1.28
68673	24096	7.25	1.22
68674	24096	6.86	1.15
68675	24096	6.46	1.08
68676	24096	6.07	1.02
68677	24096	5.67	0.95
68678	24096	5.28	0.89
68691	24096	7.25	1.22
68692	24096	6.86	1.15
68693	24096	6.46	1.08
68694	24096	6.07	1.02
68695	24096	5.67	0.95
68696	24096	5.28	0.89
68697	24096	4.89	0.83
68698	24096	4.5	0.79
68699	24096	4.11	0.77
68712	24103	8.83	-2.65
68713	24103	8.45	-2.54
68714	24103	8.07	-2.42
68715	24103	7.68	-2.31
68716	24103	7.3	-2.19
68717	24103	6.92	-2.08
68718	24103	6.53	-1.96
68719	24103	6.13	-1.85
68720	24103	5.73	-1.73
68733	24103	-0.42	-0.66
68734	24103	-0.72	-0.68
68735	24103	-1.0	-0.7
68736	24103	-1.28	-0.71
68737	24103	-1.55	-0.72
68738	24103	-1.82	-0.72
68739	24103	-2.09	-0.73
68740	24103	-2.37	-0.73
68741	24103	-2.64	-0.72
68754	24103	-1.28	-0.71
68755	24103	-1.55	-0.72
68756	24103	-1.82	-0.72
68757	24103	-2.09	-0.73
68758	24103	-2.37	-0.73
68759	24103	-2.64	-0.72
68760	24103	-2.92	-0.72
68761	24103	-3.24	-0.7
68762	24103	-3.59	-0.68
68775	24103	-1.28	-0.71
68776	24103	-1.55	-0.72
68777	24103	-1.82	-0.72
68778	24103	-2.09	-0.73
68779	24103	-2.37	-0.73
68780	24103	-2.64	-0.72
68781	24103	-2.92	-0.72
68782	24103	-3.24	-0.7
68783	24103	-3.59	-0.68
68796	24103	-2.09	-0.73
68797	24103	-2.37	-0.73
68798	24103	-2.64	-0.72
68799	24103	-2.92	-0.72
68800	24103	-3.24	-0.7
68801	24103	-3.59	-0.68
68802	24103	-3.93	-0.66
68803	24103	-4.24	-0.63
68804	24103	-4.54	-0.6
68817	24103	-2.92	-0.72
68818	24103	-3.24	-0.7
68819	24103	-3.59	-0.68
68820	24103	-3.93	-0.66
68821	24103	-4.24	-0.63
68822	24103	-4.54	-0.6
68823	24103	-4.81	-0.56
68824	24103	-5.05	-0.49
68825	24103	-5.26	-0.39
68838	24107	4.16	6.75
68839	24107	3.95	6.41
68840	24107	3.74	6.07
68841	24107	3.53	5.73
68842	24107	3.32	5.39
68843	24107	3.11	5.05
68844	24107	2.9	4.71
68845	24107	2.69	4.37
68846	24107	2.48	4.03
68859	24112	0.35	-3.07
68860	24112	0.33	-2.64
68861	24112	0.29	-2.23
68862	24112	0.17	-1.81
68863	24112	-0.04	-1.43
68864	24112	-0.28	-1.02
68865	24112	-0.5	-0.63
68866	24112	-0.73	-0.24
68867	24112	-0.9	0.08
68880	24112	0.36	-4.35
68881	24112	0.36	-3.94
68882	24112	0.36	-3.5
68883	24112	0.35	-3.07
68884	24112	0.33	-2.64
68885	24112	0.29	-2.23
68886	24112	0.17	-1.81
68887	24112	-0.04	-1.43
68888	24112	-0.28	-1.02
68901	24112	0.72	-9.14
68902	24112	0.69	-8.74
68903	24112	0.66	-8.34
68904	24112	0.63	-7.94
68905	24112	0.59	-7.54
68906	24112	0.56	-7.14
68907	24112	0.53	-6.74
68908	24112	0.5	-6.35
68909	24112	0.47	-5.95
68985	24126	-1.03	-1.35
68986	24126	-1.12	-0.88
68987	24126	-1.2	-0.42
68988	24126	-1.29	0.05
68989	24126	-1.22	0.49
68990	24126	-1.09	0.89
68991	24126	-0.97	1.29
68992	24126	-0.83	1.68
68993	24126	-0.68	2.05
68985	24127	0.76	-0.12
68986	24127	0.42	-0.28
68987	24127	0.08	-0.44
68988	24127	-0.24	-0.53
68989	24127	-0.63	-0.58
68990	24127	-1.02	-0.63
68991	24127	-1.42	-0.68
68992	24127	-1.82	-0.73
68993	24127	-2.21	-0.78
69006	24126	-1.29	0.05
69007	24126	-1.22	0.49
69008	24126	-1.09	0.89
69009	24126	-0.97	1.29
69010	24126	-0.83	1.68
69011	24126	-0.68	2.05
69012	24126	-0.54	2.42
69013	24126	-0.39	2.8
69014	24126	-0.25	3.17
69006	24127	-0.24	-0.53
69007	24127	-0.63	-0.58
69008	24127	-1.02	-0.63
69009	24127	-1.42	-0.68
69010	24127	-1.82	-0.73
69011	24127	-2.21	-0.78
69012	24127	-2.61	-0.82
69013	24127	-3.01	-0.87
69014	24127	-3.41	-0.92
69027	24133	-8.35	-2.0
69028	24133	-7.96	-1.91
69029	24133	-7.58	-1.82
69030	24133	-7.19	-1.72
69031	24133	-6.8	-1.63
69032	24133	-6.41	-1.54
69033	24133	-6.02	-1.44
69034	24133	-5.63	-1.35
69035	24133	-5.25	-1.26
69048	24133	-6.02	-1.44
69049	24133	-5.63	-1.35
69050	24133	-5.25	-1.26
69051	24133	-4.88	-1.17
69052	24133	-4.51	-1.08
69053	24133	-4.14	-0.99
69054	24133	-3.77	-0.9
69055	24133	-3.41	-0.8
69056	24133	-3.1	-0.71
69426	24167	-6.22	-0.35
69427	24167	-5.82	-0.33
69428	24167	-5.43	-0.33
69429	24167	-5.03	-0.33
69430	24167	-4.64	-0.34
69431	24167	-4.29	-0.34
69432	24167	-3.94	-0.35
69433	24167	-3.6	-0.35
69434	24167	-3.23	-0.35
69426	24168	-2.83	-5.01
69427	24168	-2.64	-4.66
69428	24168	-2.46	-4.31
69429	24168	-2.29	-3.95
69430	24168	-2.12	-3.59
69431	24168	-1.94	-3.19
69432	24168	-1.75	-2.79
69433	24168	-1.55	-2.38
69434	24168	-1.34	-1.97
69447	24167	-8.61	-0.48
69448	24167	-8.21	-0.46
69449	24167	-7.82	-0.44
69450	24167	-7.42	-0.41
69451	24167	-7.02	-0.39
69452	24167	-6.62	-0.37
69453	24167	-6.22	-0.35
69454	24167	-5.82	-0.33
69455	24167	-5.43	-0.33
69447	24168	-4.02	-7.1
69448	24168	-3.82	-6.75
69449	24168	-3.62	-6.4
69450	24168	-3.42	-6.05
69451	24168	-3.23	-5.71
69452	24168	-3.03	-5.36
69453	24168	-2.83	-5.01
69454	24168	-2.64	-4.66
69455	24168	-2.46	-4.31
69468	24167	-7.42	-0.41
69469	24167	-7.02	-0.39
69470	24167	-6.62	-0.37
69471	24167	-6.22	-0.35
69472	24167	-5.82	-0.33
69473	24167	-5.43	-0.33
69474	24167	-5.03	-0.33
69475	24167	-4.64	-0.34
69476	24167	-4.29	-0.34
69468	24168	-3.42	-6.05
69469	24168	-3.23	-5.71
69470	24168	-3.03	-5.36
69471	24168	-2.83	-5.01
69472	24168	-2.64	-4.66
69473	24168	-2.46	-4.31
69474	24168	-2.29	-3.95
69475	24168	-2.12	-3.59
69476	24168	-1.94	-3.19
69489	24167	-9.81	-0.55
69490	24167	-9.41	-0.53
69491	24167	-9.01	-0.5
69492	24167	-8.61	-0.48
69493	24167	-8.21	-0.46
69494	24167	-7.82	-0.44
69495	24167	-7.42	-0.41
69496	24167	-7.02	-0.39
69497	24167	-6.62	-0.37
69489	24168	-4.61	-8.14
69490	24168	-4.41	-7.8
69491	24168	-4.21	-7.45
69492	24168	-4.02	-7.1
69493	24168	-3.82	-6.75
69494	24168	-3.62	-6.4
69495	24168	-3.42	-6.05
69496	24168	-3.23	-5.71
69497	24168	-3.03	-5.36
69510	24167	-8.61	-0.48
69511	24167	-8.21	-0.46
69512	24167	-7.82	-0.44
69513	24167	-7.42	-0.41
69514	24167	-7.02	-0.39
69515	24167	-6.62	-0.37
69516	24167	-6.22	-0.35
69517	24167	-5.82	-0.33
69518	24167	-5.43	-0.33
69510	24168	-4.02	-7.1
69511	24168	-3.82	-6.75
69512	24168	-3.62	-6.4
69513	24168	-3.42	-6.05
69514	24168	-3.23	-5.71
69515	24168	-3.03	-5.36
69516	24168	-2.83	-5.01
69517	24168	-2.64	-4.66
69518	24168	-2.46	-4.31
69531	24172	-8.78	4.15
69532	24172	-8.42	3.98
69533	24172	-8.06	3.81
69534	24172	-7.7	3.63
69535	24172	-7.35	3.45
69536	24172	-7.0	3.27
69537	24172	-6.64	3.09
69538	24172	-6.3	2.91
69539	24172	-5.95	2.72
69552	24172	-0.05	1.31
69553	24172	0.43	1.32
69554	24172	0.91	1.32
69555	24172	1.39	1.31
69556	24172	1.85	1.13
69557	24172	2.31	0.94
69558	24172	2.77	0.74
69559	24172	3.22	0.54
69560	24172	3.54	0.28
69678	24187	-1.02	4.88
69679	24187	-0.94	4.49
69680	24187	-0.88	4.1
69681	24187	-0.84	3.69
69682	24187	-0.79	3.25
69683	24187	-0.68	2.78
69684	24187	-0.56	2.3
69685	24187	-0.42	1.82
69686	24187	-0.14	1.3
69678	24188	2.65	-4.17
69679	24188	2.43	-3.83
69680	24188	2.22	-3.49
69681	24188	2.0	-3.16
69682	24188	1.79	-2.82
69683	24188	1.57	-2.48
69684	24188	1.36	-2.14
69685	24188	1.12	-1.81
69686	24188	0.8	-1.65
69699	24187	-1.51	7.23
69700	24187	-1.43	6.84
69701	24187	-1.35	6.45
69702	24187	-1.27	6.06
69703	24187	-1.19	5.67
69704	24187	-1.1	5.28
69705	24187	-1.02	4.88
69706	24187	-0.94	4.49
69707	24187	-0.88	4.1
69699	24188	3.93	-6.2
69700	24188	3.72	-5.86
69701	24188	3.5	-5.52
69702	24188	3.29	-5.18
69703	24188	3.07	-4.84
69704	24188	2.86	-4.51
69705	24188	2.65	-4.17
69706	24188	2.43	-3.83
69707	24188	2.22	-3.49
69720	24187	-1.76	8.41
69721	24187	-1.68	8.02
69722	24187	-1.6	7.62
69723	24187	-1.51	7.23
69724	24187	-1.43	6.84
69725	24187	-1.35	6.45
69726	24187	-1.27	6.06
69727	24187	-1.19	5.67
69728	24187	-1.1	5.28
69720	24188	4.58	-7.21
69721	24188	4.36	-6.87
69722	24188	4.15	-6.53
69723	24188	3.93	-6.2
69724	24188	3.72	-5.86
69725	24188	3.5	-5.52
69726	24188	3.29	-5.18
69727	24188	3.07	-4.84
69728	24188	2.86	-4.51
69741	24187	-1.27	6.06
69742	24187	-1.19	5.67
69743	24187	-1.1	5.28
69744	24187	-1.02	4.88
69745	24187	-0.94	4.49
69746	24187	-0.88	4.1
69747	24187	-0.84	3.69
69748	24187	-0.79	3.25
69749	24187	-0.68	2.78
69741	24188	3.29	-5.18
69742	24188	3.07	-4.84
69743	24188	2.86	-4.51
69744	24188	2.65	-4.17
69745	24188	2.43	-3.83
69746	24188	2.22	-3.49
69747	24188	2.0	-3.16
69748	24188	1.79	-2.82
69749	24188	1.57	-2.48
69762	24187	-1.27	6.06
69763	24187	-1.19	5.67
69764	24187	-1.1	5.28
69765	24187	-1.02	4.88
69766	24187	-0.94	4.49
69767	24187	-0.88	4.1
69768	24187	-0.84	3.69
69769	24187	-0.79	3.25
69770	24187	-0.68	2.78
69762	24188	3.29	-5.18
69763	24188	3.07	-4.84
69764	24188	2.86	-4.51
69765	24188	2.65	-4.17
69766	24188	2.43	-3.83
69767	24188	2.22	-3.49
69768	24188	2.0	-3.16
69769	24188	1.79	-2.82
69770	24188	1.57	-2.48
69783	24192	-6.17	-3.98
69784	24192	-5.84	-3.77
69785	24192	-5.51	-3.55
69786	24192	-5.18	-3.33
69787	24192	-4.86	-3.11
69788	24192	-4.53	-2.89
69789	24192	-4.2	-2.68
69790	24192	-3.87	-2.47
69791	24192	-3.53	-2.25
69804	24192	-5.18	-3.33
69805	24192	-4.86	-3.11
69806	24192	-4.53	-2.89
69807	24192	-4.2	-2.68
69808	24192	-3.87	-2.47
69809	24192	-3.53	-2.25
69810	24192	-3.21	-2.04
69811	24192	-2.92	-1.86
69812	24192	-2.62	-1.68
69825	24192	-2.33	-1.49
69826	24192	-2.02	-1.31
69827	24192	-1.72	-1.13
69828	24192	-1.41	-0.96
69829	24192	-1.11	-0.78
69830	24192	-0.8	-0.6
69831	24192	-0.5	-0.42
69832	24192	-0.2	-0.24
69833	24192	0.1	-0.06
69846	24193	3.45	0.76
69847	24193	3.06	0.67
69848	24193	2.67	0.58
69849	24193	2.24	0.49
69850	24193	1.67	0.46
69851	24193	1.37	0.4
69852	24193	1.04	0.34
69853	24193	0.72	0.28
69854	24193	0.39	0.22
69867	24193	2.24	0.49
69868	24193	1.67	0.46
69869	24193	1.37	0.4
69870	24193	1.04	0.34
69871	24193	0.72	0.28
69872	24193	0.39	0.22
69873	24193	0.06	0.16
69874	24193	-0.3	0.1
69875	24193	-0.69	0.01
69888	24193	9.31	2.04
69889	24193	8.92	1.95
69890	24193	8.53	1.87
69891	24193	8.14	1.78
69892	24193	7.75	1.7
69893	24193	7.36	1.61
69894	24193	6.97	1.53
69895	24193	6.58	1.44
69896	24193	6.18	1.36
69909	24193	9.31	2.04
69910	24193	8.92	1.95
69911	24193	8.53	1.87
69912	24193	8.14	1.78
69913	24193	7.75	1.7
69914	24193	7.36	1.61
69915	24193	6.97	1.53
69916	24193	6.58	1.44
69917	24193	6.18	1.36
70014	24204	7.53	-2.85
70015	24204	7.16	-2.71
70016	24204	6.79	-2.56
70017	24204	6.41	-2.42
70018	24204	6.04	-2.28
70019	24204	5.66	-2.14
70020	24204	5.29	-2.0
70021	24204	4.9	-1.84
70022	24204	4.5	-1.65
70014	24205	-0.22	8.22
70015	24205	-0.21	7.82
70016	24205	-0.2	7.43
70017	24205	-0.19	7.03
70018	24205	-0.18	6.63
70019	24205	-0.17	6.23
70020	24205	-0.16	5.83
70021	24205	-0.15	5.43
70022	24205	-0.14	5.03
70035	24204	2.89	-0.88
70036	24204	2.48	-0.69
70037	24204	2.04	-0.51
70038	24204	1.56	-0.36
70039	24204	1.1	-0.2
70040	24204	0.63	-0.03
70041	24204	0.17	0.13
70042	24204	-0.29	0.29
70043	24204	-0.73	0.47
70035	24205	-0.09	3.43
70036	24205	-0.08	3.03
70037	24205	-0.05	2.65
70038	24205	0.01	2.37
70039	24205	0.07	2.13
70040	24205	0.13	1.88
70041	24205	0.19	1.63
70042	24205	0.25	1.39
70043	24205	0.31	1.14
70056	24204	7.53	-2.85
70057	24204	7.16	-2.71
70058	24204	6.79	-2.56
70059	24204	6.41	-2.42
70060	24204	6.04	-2.28
70061	24204	5.66	-2.14
70062	24204	5.29	-2.0
70063	24204	4.9	-1.84
70064	24204	4.5	-1.65
70056	24205	-0.22	8.22
70057	24205	-0.21	7.82
70058	24205	-0.2	7.43
70059	24205	-0.19	7.03
70060	24205	-0.18	6.63
70061	24205	-0.17	6.23
70062	24205	-0.16	5.83
70063	24205	-0.15	5.43
70064	24205	-0.14	5.03
70077	24204	6.41	-2.42
70078	24204	6.04	-2.28
70079	24204	5.66	-2.14
70080	24204	5.29	-2.0
70081	24204	4.9	-1.84
70082	24204	4.5	-1.65
70083	24204	4.1	-1.47
70084	24204	3.7	-1.27
70085	24204	3.29	-1.08
70077	24205	-0.19	7.03
70078	24205	-0.18	6.63
70079	24205	-0.17	6.23
70080	24205	-0.16	5.83
70081	24205	-0.15	5.43
70082	24205	-0.14	5.03
70083	24205	-0.12	4.63
70084	24205	-0.11	4.23
70085	24205	-0.1	3.83
70098	24212	4.37	0.63
70099	24212	3.95	0.56
70100	24212	3.53	0.5
70101	24212	3.1	0.45
70102	24212	2.68	0.39
70103	24212	2.25	0.33
70104	24212	1.79	0.11
70105	24212	1.3	-0.21
70106	24212	0.84	-0.46
70119	24212	9.22	1.29
70120	24212	8.82	1.24
70121	24212	8.42	1.18
70122	24212	8.03	1.13
70123	24212	7.63	1.07
70124	24212	7.23	1.02
70125	24212	6.83	0.97
70126	24212	6.42	0.92
70127	24212	6.01	0.87
70140	24212	6.83	0.97
70141	24212	6.42	0.92
70142	24212	6.01	0.87
70143	24212	5.6	0.82
70144	24212	5.19	0.76
70145	24212	4.77	0.69
70146	24212	4.37	0.63
70147	24212	3.95	0.56
70148	24212	3.53	0.5
70203	24221	2.82	8.87
70204	24221	2.7	8.48
70205	24221	2.58	8.1
70206	24221	2.46	7.72
70207	24221	2.33	7.34
70208	24221	2.21	6.96
70209	24221	2.09	6.58
70210	24221	1.97	6.2
70211	24221	1.85	5.82
70224	24221	2.46	7.72
70225	24221	2.33	7.34
70226	24221	2.21	6.96
70227	24221	2.09	6.58
70228	24221	1.97	6.2
70229	24221	1.85	5.82
70230	24221	1.73	5.44
70231	24221	1.61	5.05
70232	24221	1.49	4.67
70245	24221	2.46	7.72
70246	24221	2.33	7.34
70247	24221	2.21	6.96
70248	24221	2.09	6.58
70249	24221	1.97	6.2
70250	24221	1.85	5.82
70251	24221	1.73	5.44
70252	24221	1.61	5.05
70253	24221	1.49	4.67
70266	24221	2.09	6.58
70267	24221	1.97	6.2
70268	24221	1.85	5.82
70269	24221	1.73	5.44
70270	24221	1.61	5.05
70271	24221	1.49	4.67
70272	24221	1.37	4.29
70273	24221	1.24	3.91
70274	24221	1.1	3.52
70287	24221	1.73	5.44
70288	24221	1.61	5.05
70289	24221	1.49	4.67
70290	24221	1.37	4.29
70291	24221	1.24	3.91
70292	24221	1.1	3.52
70293	24221	0.95	3.12
70294	24221	0.81	2.71
70295	24221	0.71	2.26
70308	24221	2.46	7.72
70309	24221	2.33	7.34
70310	24221	2.21	6.96
70311	24221	2.09	6.58
70312	24221	1.97	6.2
70313	24221	1.85	5.82
70314	24221	1.73	5.44
70315	24221	1.61	5.05
70316	24221	1.49	4.67
70329	24221	2.09	6.58
70330	24221	1.97	6.2
70331	24221	1.85	5.82
70332	24221	1.73	5.44
70333	24221	1.61	5.05
70334	24221	1.49	4.67
70335	24221	1.37	4.29
70336	24221	1.24	3.91
70337	24221	1.1	3.52
70350	24221	0.95	3.12
70351	24221	0.81	2.71
70352	24221	0.71	2.26
70353	24221	0.69	1.76
70354	24221	0.73	1.23
70355	24221	0.73	0.75
70356	24221	0.72	0.28
70357	24221	0.67	-0.16
70358	24221	0.55	-0.54
70371	24221	1.73	5.44
70372	24221	1.61	5.05
70373	24221	1.49	4.67
70374	24221	1.37	4.29
70375	24221	1.24	3.91
70376	24221	1.1	3.52
70377	24221	0.95	3.12
70378	24221	0.81	2.71
70379	24221	0.71	2.26
70392	24225	-7.14	-0.94
70393	24225	-6.74	-0.89
70394	24225	-6.35	-0.83
70395	24225	-5.95	-0.78
70396	24225	-5.55	-0.73
70397	24225	-5.16	-0.67
70398	24225	-4.75	-0.6
70399	24225	-4.35	-0.53
70400	24225	-3.93	-0.46
70392	24228	5.47	-4.95
70393	24228	5.18	-4.68
70394	24228	4.88	-4.41
70395	24228	4.58	-4.14
70396	24228	4.28	-3.88
70397	24228	3.98	-3.62
70398	24228	3.67	-3.37
70399	24228	3.36	-3.13
70400	24228	3.04	-2.9
70413	24225	-5.95	-0.78
70414	24225	-5.55	-0.73
70415	24225	-5.16	-0.67
70416	24225	-4.75	-0.6
70417	24225	-4.35	-0.53
70418	24225	-3.93	-0.46
70419	24225	-3.51	-0.39
70420	24225	-3.06	-0.25
70421	24225	-2.59	-0.09
70413	24228	4.58	-4.14
70414	24228	4.28	-3.88
70415	24228	3.98	-3.62
70416	24228	3.67	-3.37
70417	24228	3.36	-3.13
70418	24228	3.04	-2.9
70419	24228	2.75	-2.69
70420	24228	2.49	-2.49
70421	24228	2.24	-2.29
70434	24225	-4.75	-0.6
70435	24225	-4.35	-0.53
70436	24225	-3.93	-0.46
70437	24225	-3.51	-0.39
70438	24225	-3.06	-0.25
70439	24225	-2.59	-0.09
70440	24225	-2.14	0.06
70441	24225	-1.67	0.16
70442	24225	-1.07	0.16
70434	24228	3.67	-3.37
70435	24228	3.36	-3.13
70436	24228	3.04	-2.9
70437	24228	2.75	-2.69
70438	24228	2.49	-2.49
70439	24228	2.24	-2.29
70440	24228	2.01	-2.11
70441	24228	1.78	-1.95
70442	24228	1.55	-1.86
70455	24225	-8.33	-1.1
70456	24225	-7.93	-1.04
70457	24225	-7.54	-0.99
70458	24225	-7.14	-0.94
70459	24225	-6.74	-0.89
70460	24225	-6.35	-0.83
70461	24225	-5.95	-0.78
70462	24225	-5.55	-0.73
70463	24225	-5.16	-0.67
70455	24228	6.36	-5.75
70456	24228	6.07	-5.48
70457	24228	5.77	-5.22
70458	24228	5.47	-4.95
70459	24228	5.18	-4.68
70460	24228	4.88	-4.41
70461	24228	4.58	-4.14
70462	24228	4.28	-3.88
70463	24228	3.98	-3.62
70476	24225	-7.14	-0.94
70477	24225	-6.74	-0.89
70478	24225	-6.35	-0.83
70479	24225	-5.95	-0.78
70480	24225	-5.55	-0.73
70481	24225	-5.16	-0.67
70482	24225	-4.75	-0.6
70483	24225	-4.35	-0.53
70484	24225	-3.93	-0.46
70476	24228	5.47	-4.95
70477	24228	5.18	-4.68
70478	24228	4.88	-4.41
70479	24228	4.58	-4.14
70480	24228	4.28	-3.88
70481	24228	3.98	-3.62
70482	24228	3.67	-3.37
70483	24228	3.36	-3.13
70484	24228	3.04	-2.9
70497	24225	-5.95	-0.78
70498	24225	-5.55	-0.73
70499	24225	-5.16	-0.67
70500	24225	-4.75	-0.6
70501	24225	-4.35	-0.53
70502	24225	-3.93	-0.46
70503	24225	-3.51	-0.39
70504	24225	-3.06	-0.25
70505	24225	-2.59	-0.09
70497	24228	4.58	-4.14
70498	24228	4.28	-3.88
70499	24228	3.98	-3.62
70500	24228	3.67	-3.37
70501	24228	3.36	-3.13
70502	24228	3.04	-2.9
70503	24228	2.75	-2.69
70504	24228	2.49	-2.49
70505	24228	2.24	-2.29
70518	24225	-9.52	-1.25
70519	24225	-9.12	-1.2
70520	24225	-8.73	-1.15
70521	24225	-8.33	-1.1
70522	24225	-7.93	-1.04
70523	24225	-7.54	-0.99
70524	24225	-7.14	-0.94
70525	24225	-6.74	-0.89
70526	24225	-6.35	-0.83
70518	24228	7.25	-6.56
70519	24228	6.96	-6.29
70520	24228	6.66	-6.02
70521	24228	6.36	-5.75
70522	24228	6.07	-5.48
70523	24228	5.77	-5.22
70524	24228	5.47	-4.95
70525	24228	5.18	-4.68
70526	24228	4.88	-4.41
70539	24225	-7.14	-0.94
70540	24225	-6.74	-0.89
70541	24225	-6.35	-0.83
70542	24225	-5.95	-0.78
70543	24225	-5.55	-0.73
70544	24225	-5.16	-0.67
70545	24225	-4.75	-0.6
70546	24225	-4.35	-0.53
70547	24225	-3.93	-0.46
70539	24228	5.47	-4.95
70540	24228	5.18	-4.68
70541	24228	4.88	-4.41
70542	24228	4.58	-4.14
70543	24228	4.28	-3.88
70544	24228	3.98	-3.62
70545	24228	3.67	-3.37
70546	24228	3.36	-3.13
70547	24228	3.04	-2.9
70560	24225	-2.14	0.06
70561	24225	-1.67	0.16
70562	24225	-1.07	0.16
70563	24225	-0.47	0.16
70564	24225	0.13	0.16
70565	24225	0.67	0.19
70566	24225	1.06	0.24
70567	24225	1.46	0.29
70568	24225	1.86	0.33
70560	24228	2.01	-2.11
70561	24228	1.78	-1.95
70562	24228	1.55	-1.86
70563	24228	1.32	-1.77
70564	24228	1.09	-1.69
70565	24228	0.86	-1.6
70566	24228	0.63	-1.51
70567	24228	0.41	-1.42
70568	24228	0.19	-1.33
70581	24225	-4.75	-0.6
70582	24225	-4.35	-0.53
70583	24225	-3.93	-0.46
70584	24225	-3.51	-0.39
70585	24225	-3.06	-0.25
70586	24225	-2.59	-0.09
70587	24225	-2.14	0.06
70588	24225	-1.67	0.16
70589	24225	-1.07	0.16
70581	24228	3.67	-3.37
70582	24228	3.36	-3.13
70583	24228	3.04	-2.9
70584	24228	2.75	-2.69
70585	24228	2.49	-2.49
70586	24228	2.24	-2.29
70587	24228	2.01	-2.11
70588	24228	1.78	-1.95
70589	24228	1.55	-1.86
70602	24225	-0.47	0.16
70603	24225	0.13	0.16
70604	24225	0.67	0.19
70605	24225	1.06	0.24
70606	24225	1.46	0.29
70607	24225	1.86	0.33
70608	24225	2.26	0.38
70609	24225	2.65	0.43
70610	24225	3.05	0.48
70602	24228	1.32	-1.77
70603	24228	1.09	-1.69
70604	24228	0.86	-1.6
70605	24228	0.63	-1.51
70606	24228	0.41	-1.42
70607	24228	0.19	-1.33
70608	24228	-0.02	-1.24
70609	24228	-0.27	-1.07
70610	24228	-0.54	-0.77
70623	24225	1.06	0.24
70624	24225	1.46	0.29
70625	24225	1.86	0.33
70626	24225	2.26	0.38
70627	24225	2.65	0.43
70628	24225	3.05	0.48
70629	24225	3.45	0.52
70630	24225	3.84	0.57
70631	24225	4.24	0.62
70623	24228	0.63	-1.51
70624	24228	0.41	-1.42
70625	24228	0.19	-1.33
70626	24228	-0.02	-1.24
70627	24228	-0.27	-1.07
70628	24228	-0.54	-0.77
70629	24228	-0.81	-0.48
70630	24228	-1.08	-0.19
70631	24228	-1.36	0.11
70644	24229	-3.19	1.43
70645	24229	-2.83	1.27
70646	24229	-2.46	1.08
70647	24229	-2.09	0.86
70648	24229	-1.65	0.65
70649	24229	-1.11	0.45
70650	24229	-0.62	0.25
70651	24229	-0.15	0.06
70652	24229	0.23	-0.1
70665	24229	-2.09	0.86
70666	24229	-1.65	0.65
70667	24229	-1.11	0.45
70668	24229	-0.62	0.25
70669	24229	-0.15	0.06
70670	24229	0.23	-0.1
70671	24229	0.61	-0.26
70672	24229	0.97	-0.42
70673	24229	1.34	-0.58
70686	24229	-8.67	3.88
70687	24229	-8.31	3.72
70688	24229	-7.94	3.56
70689	24229	-7.58	3.39
70690	24229	-7.21	3.23
70691	24229	-6.85	3.07
70692	24229	-6.48	2.9
70693	24229	-6.12	2.74
70694	24229	-5.75	2.57
70707	24229	-5.39	2.41
70708	24229	-5.02	2.25
70709	24229	-4.66	2.08
70710	24229	-4.29	1.92
70711	24229	-3.92	1.76
70712	24229	-3.56	1.59
70713	24229	-3.19	1.43
70714	24229	-2.83	1.27
70715	24229	-2.46	1.08
70728	24229	-5.39	2.41
70729	24229	-5.02	2.25
70730	24229	-4.66	2.08
70731	24229	-4.29	1.92
70732	24229	-3.92	1.76
70733	24229	-3.56	1.59
70734	24229	-3.19	1.43
70735	24229	-2.83	1.27
70736	24229	-2.46	1.08
70791	24245	-8.44	-2.27
70792	24245	-8.05	-2.17
70793	24245	-7.67	-2.06
70794	24245	-7.28	-1.96
70795	24245	-6.89	-1.86
70796	24245	-6.51	-1.75
70797	24245	-6.12	-1.65
70798	24245	-5.73	-1.54
70799	24245	-5.35	-1.44
70833	24252	-1.94	8.25
70834	24252	-1.85	7.86
70835	24252	-1.75	7.47
70836	24252	-1.66	7.08
70837	24252	-1.57	6.69
70838	24252	-1.48	6.3
70839	24252	-1.39	5.91
70840	24252	-1.3	5.52
70841	24252	-1.21	5.13
70854	24252	-0.84	3.57
70855	24252	-0.75	3.19
70856	24252	-0.66	2.8
70857	24252	-0.62	2.37
70858	24252	-0.6	1.94
70859	24252	-0.59	1.5
70860	24252	-0.61	1.08
70861	24252	-0.64	0.67
70862	24252	-0.67	0.26
70875	24252	-2.21	9.42
70876	24252	-2.12	9.03
70877	24252	-2.03	8.64
70878	24252	-1.94	8.25
70879	24252	-1.85	7.86
70880	24252	-1.75	7.47
70881	24252	-1.66	7.08
70882	24252	-1.57	6.69
70883	24252	-1.48	6.3
71253	24275	-3.23	-2.73
71254	24275	-2.95	-2.51
71255	24275	-2.68	-2.29
71256	24275	-2.4	-2.06
71257	24275	-2.11	-1.84
71258	24275	-1.86	-1.65
71259	24275	-1.63	-1.48
71260	24275	-1.41	-1.31
71261	24275	-1.19	-1.13
71379	24290	-3.86	4.79
71380	24290	-3.64	4.46
71381	24290	-3.42	4.13
71382	24290	-3.21	3.82
71383	24290	-3.0	3.5
71384	24290	-2.8	3.18
71385	24290	-2.6	2.88
71386	24290	-2.42	2.6
71387	24290	-2.26	2.34
71400	24290	-3.21	3.82
71401	24290	-3.0	3.5
71402	24290	-2.8	3.18
71403	24290	-2.6	2.88
71404	24290	-2.42	2.6
71405	24290	-2.26	2.34
71406	24290	-2.09	2.09
71407	24290	-1.9	1.71
71408	24290	-1.69	1.32
71421	24290	-2.09	2.09
71422	24290	-1.9	1.71
71423	24290	-1.69	1.32
71424	24290	-1.48	0.92
71425	24290	-1.27	0.52
71426	24290	-1.06	0.12
71427	24290	-0.85	-0.28
71428	24290	-0.64	-0.68
71429	24290	-0.43	-1.08
71442	24290	-3.86	4.79
71443	24290	-3.64	4.46
71444	24290	-3.42	4.13
71445	24290	-3.21	3.82
71446	24290	-3.0	3.5
71447	24290	-2.8	3.18
71448	24290	-2.6	2.88
71449	24290	-2.42	2.6
71450	24290	-2.26	2.34
71463	24290	-5.94	7.7
71464	24290	-5.7	7.38
71465	24290	-5.46	7.06
71466	24290	-5.23	6.74
71467	24290	-4.99	6.42
71468	24290	-4.76	6.09
71469	24290	-4.53	5.77
71470	24290	-4.31	5.44
71471	24290	-4.08	5.12
71484	24295	0.17	-3.13
71485	24295	0.16	-2.8
71486	24295	0.15	-2.47
71487	24295	0.13	-2.15
71488	24295	0.11	-1.82
71489	24295	0.09	-1.5
71490	24295	0.07	-1.18
71491	24295	0.05	-0.86
71492	24295	0.02	-0.54
71505	24295	0.17	-4.19
71506	24295	0.17	-3.84
71507	24295	0.17	-3.46
71508	24295	0.17	-3.13
71509	24295	0.16	-2.8
71510	24295	0.15	-2.47
71511	24295	0.13	-2.15
71512	24295	0.11	-1.82
71513	24295	0.09	-1.5
71526	24295	0.17	-3.13
71527	24295	0.16	-2.8
71528	24295	0.15	-2.47
71529	24295	0.13	-2.15
71530	24295	0.11	-1.82
71531	24295	0.09	-1.5
71532	24295	0.07	-1.18
71533	24295	0.05	-0.86
71534	24295	0.02	-0.54
71547	24295	0.17	-4.19
71548	24295	0.17	-3.84
71549	24295	0.17	-3.46
71550	24295	0.17	-3.13
71551	24295	0.16	-2.8
71552	24295	0.15	-2.47
71553	24295	0.13	-2.15
71554	24295	0.11	-1.82
71555	24295	0.09	-1.5
71568	24298	0.46	0.8
71569	24298	0.88	0.78
71570	24298	1.28	0.74
71571	24298	1.67	0.7
71572	24298	2.07	0.67
71573	24298	2.47	0.63
71574	24298	2.87	0.59
71575	24298	3.27	0.55
71576	24298	3.67	0.52
71589	24298	-4.09	-0.03
71590	24298	-3.78	-0.06
71591	24298	-3.46	-0.09
71592	24298	-3.09	-0.11
71593	24298	-2.68	-0.12
71594	24298	-2.43	-0.04
71595	24298	-2.23	0.09
71596	24298	-2.04	0.22
71597	24298	-1.84	0.36
72030	24328	9.63	0.68
72031	24328	9.23	0.65
72032	24328	8.83	0.63
72033	24328	8.43	0.6
72034	24328	8.03	0.57
72035	24328	7.63	0.54
72036	24328	7.24	0.51
72037	24328	6.84	0.48
72038	24328	6.44	0.46
72051	24328	8.43	0.6
72052	24328	8.03	0.57
72053	24328	7.63	0.54
72054	24328	7.24	0.51
72055	24328	6.84	0.48
72056	24328	6.44	0.46
72057	24328	6.04	0.43
72058	24328	5.64	0.4
72059	24328	5.24	0.37
72072	24328	7.24	0.51
72073	24328	6.84	0.48
72074	24328	6.44	0.46
72075	24328	6.04	0.43
72076	24328	5.64	0.4
72077	24328	5.24	0.37
72078	24328	4.84	0.34
72079	24328	4.44	0.31
72080	24328	4.04	0.3
72093	24328	8.43	0.6
72094	24328	8.03	0.57
72095	24328	7.63	0.54
72096	24328	7.24	0.51
72097	24328	6.84	0.48
72098	24328	6.44	0.46
72099	24328	6.04	0.43
72100	24328	5.64	0.4
72101	24328	5.24	0.37
72114	24328	7.24	0.51
72115	24328	6.84	0.48
72116	24328	6.44	0.46
72117	24328	6.04	0.43
72118	24328	5.64	0.4
72119	24328	5.24	0.37
72120	24328	4.84	0.34
72121	24328	4.44	0.31
72122	24328	4.04	0.3
72135	24328	6.04	0.43
72136	24328	5.64	0.4
72137	24328	5.24	0.37
72138	24328	4.84	0.34
72139	24328	4.44	0.31
72140	24328	4.04	0.3
72141	24328	3.62	0.31
72142	24328	3.25	0.37
72143	24328	2.87	0.43
72156	24334	-1.22	8.1
72157	24334	-1.16	7.71
72158	24334	-1.1	7.31
72159	24334	-1.03	6.92
72160	24334	-0.96	6.53
72161	24334	-0.88	6.13
72162	24334	-0.79	5.74
72163	24334	-0.71	5.34
72164	24334	-0.62	4.93
72156	24335	5.37	-6.9
72157	24335	5.13	-6.59
72158	24335	4.88	-6.27
72159	24335	4.64	-5.95
72160	24335	4.39	-5.64
72161	24335	4.15	-5.32
72162	24335	3.9	-5.01
72163	24335	3.65	-4.69
72164	24335	3.41	-4.38
72177	24334	0.08	2.28
72178	24334	0.17	1.85
72179	24334	0.18	1.32
72180	24334	0.22	0.89
72181	24334	0.26	0.45
72182	24334	0.29	0.02
72183	24334	0.34	-0.41
72184	24334	0.4	-0.82
72185	24334	0.46	-1.23
72177	24335	1.69	-2.17
72178	24335	1.53	-1.81
72179	24335	1.5	-1.49
72180	24335	1.51	-1.17
72181	24335	1.51	-0.85
72182	24335	1.52	-0.53
72183	24335	1.52	-0.2
72184	24335	1.51	0.18
72185	24335	1.5	0.55
72198	24334	-1.4	9.29
72199	24334	-1.34	8.89
72200	24334	-1.28	8.5
72201	24334	-1.22	8.1
72202	24334	-1.16	7.71
72203	24334	-1.1	7.31
72204	24334	-1.03	6.92
72205	24334	-0.96	6.53
72206	24334	-0.88	6.13
72198	24335	6.11	-7.85
72199	24335	5.87	-7.53
72200	24335	5.62	-7.22
72201	24335	5.37	-6.9
72202	24335	5.13	-6.59
72203	24335	4.88	-6.27
72204	24335	4.64	-5.95
72205	24335	4.39	-5.64
72206	24335	4.15	-5.32
72219	24334	-1.22	8.1
72220	24334	-1.16	7.71
72221	24334	-1.1	7.31
72222	24334	-1.03	6.92
72223	24334	-0.96	6.53
72224	24334	-0.88	6.13
72225	24334	-0.79	5.74
72226	24334	-0.71	5.34
72227	24334	-0.62	4.93
72219	24335	5.37	-6.9
72220	24335	5.13	-6.59
72221	24335	4.88	-6.27
72222	24335	4.64	-5.95
72223	24335	4.39	-5.64
72224	24335	4.15	-5.32
72225	24335	3.9	-5.01
72226	24335	3.65	-4.69
72227	24335	3.41	-4.38
72240	24334	0.08	2.28
72241	24334	0.17	1.85
72242	24334	0.18	1.32
72243	24334	0.22	0.89
72244	24334	0.26	0.45
72245	24334	0.29	0.02
72246	24334	0.34	-0.41
72247	24334	0.4	-0.82
72248	24334	0.46	-1.23
72240	24335	1.69	-2.17
72241	24335	1.53	-1.81
72242	24335	1.5	-1.49
72243	24335	1.51	-1.17
72244	24335	1.51	-0.85
72245	24335	1.52	-0.53
72246	24335	1.52	-0.2
72247	24335	1.51	0.18
72248	24335	1.5	0.55
72261	24334	-1.03	6.92
72262	24334	-0.96	6.53
72263	24334	-0.88	6.13
72264	24334	-0.79	5.74
72265	24334	-0.71	5.34
72266	24334	-0.62	4.93
72267	24334	-0.53	4.55
72268	24334	-0.43	4.17
72269	24334	-0.33	3.79
72261	24335	4.64	-5.95
72262	24335	4.39	-5.64
72263	24335	4.15	-5.32
72264	24335	3.9	-5.01
72265	24335	3.65	-4.69
72266	24335	3.41	-4.38
72267	24335	3.16	-4.06
72268	24335	2.92	-3.75
72269	24335	2.67	-3.43
72282	24334	-0.79	5.74
72283	24334	-0.71	5.34
72284	24334	-0.62	4.93
72285	24334	-0.53	4.55
72286	24334	-0.43	4.17
72287	24334	-0.33	3.79
72288	24334	-0.23	3.42
72289	24334	-0.13	3.04
72290	24334	-0.03	2.66
72282	24335	3.9	-5.01
72283	24335	3.65	-4.69
72284	24335	3.41	-4.38
72285	24335	3.16	-4.06
72286	24335	2.92	-3.75
72287	24335	2.67	-3.43
72288	24335	2.43	-3.11
72289	24335	2.18	-2.8
72290	24335	1.93	-2.48
72303	24334	-1.4	9.29
72304	24334	-1.34	8.89
72305	24334	-1.28	8.5
72306	24334	-1.22	8.1
72307	24334	-1.16	7.71
72308	24334	-1.1	7.31
72309	24334	-1.03	6.92
72310	24334	-0.96	6.53
72311	24334	-0.88	6.13
72303	24335	6.11	-7.85
72304	24335	5.87	-7.53
72305	24335	5.62	-7.22
72306	24335	5.37	-6.9
72307	24335	5.13	-6.59
72308	24335	4.88	-6.27
72309	24335	4.64	-5.95
72310	24335	4.39	-5.64
72311	24335	4.15	-5.32
72324	24334	-1.03	6.92
72325	24334	-0.96	6.53
72326	24334	-0.88	6.13
72327	24334	-0.79	5.74
72328	24334	-0.71	5.34
72329	24334	-0.62	4.93
72330	24334	-0.53	4.55
72331	24334	-0.43	4.17
72332	24334	-0.33	3.79
72324	24335	4.64	-5.95
72325	24335	4.39	-5.64
72326	24335	4.15	-5.32
72327	24335	3.9	-5.01
72328	24335	3.65	-4.69
72329	24335	3.41	-4.38
72330	24335	3.16	-4.06
72331	24335	2.92	-3.75
72332	24335	2.67	-3.43
72345	24334	0.08	2.28
72346	24334	0.17	1.85
72347	24334	0.18	1.32
72348	24334	0.22	0.89
72349	24334	0.26	0.45
72350	24334	0.29	0.02
72351	24334	0.34	-0.41
72352	24334	0.4	-0.82
72353	24334	0.46	-1.23
72345	24335	1.69	-2.17
72346	24335	1.53	-1.81
72347	24335	1.5	-1.49
72348	24335	1.51	-1.17
72349	24335	1.51	-0.85
72350	24335	1.52	-0.53
72351	24335	1.52	-0.2
72352	24335	1.51	0.18
72353	24335	1.5	0.55
72366	24334	-0.79	5.74
72367	24334	-0.71	5.34
72368	24334	-0.62	4.93
72369	24334	-0.53	4.55
72370	24334	-0.43	4.17
72371	24334	-0.33	3.79
72372	24334	-0.23	3.42
72373	24334	-0.13	3.04
72374	24334	-0.03	2.66
72366	24335	3.9	-5.01
72367	24335	3.65	-4.69
72368	24335	3.41	-4.38
72369	24335	3.16	-4.06
72370	24335	2.92	-3.75
72371	24335	2.67	-3.43
72372	24335	2.43	-3.11
72373	24335	2.18	-2.8
72374	24335	1.93	-2.48
72387	24338	-5.66	7.59
72388	24338	-5.42	7.27
72389	24338	-5.18	6.95
72390	24338	-4.95	6.63
72391	24338	-4.71	6.31
72392	24338	-4.47	5.99
72393	24338	-4.23	5.67
72394	24338	-3.99	5.35
72395	24338	-3.75	5.03
72387	24341	-1.68	-9.15
72388	24341	-1.61	-8.76
72389	24341	-1.54	-8.37
72390	24341	-1.47	-7.97
72391	24341	-1.39	-7.58
72392	24341	-1.32	-7.19
72393	24341	-1.25	-6.79
72394	24341	-1.18	-6.4
72395	24341	-1.1	-6.01
72408	24338	-5.66	7.59
72409	24338	-5.42	7.27
72410	24338	-5.18	6.95
72411	24338	-4.95	6.63
72412	24338	-4.71	6.31
72413	24338	-4.47	5.99
72414	24338	-4.23	5.67
72415	24338	-3.99	5.35
72416	24338	-3.75	5.03
72408	24341	-1.68	-9.15
72409	24341	-1.61	-8.76
72410	24341	-1.54	-8.37
72411	24341	-1.47	-7.97
72412	24341	-1.39	-7.58
72413	24341	-1.32	-7.19
72414	24341	-1.25	-6.79
72415	24341	-1.18	-6.4
72416	24341	-1.1	-6.01
72429	24338	-2.11	2.65
72430	24338	-1.83	2.3
72431	24338	-1.58	1.98
72432	24338	-1.28	1.66
72433	24338	-0.82	1.32
72434	24338	-0.36	0.93
72435	24338	0.09	0.53
72436	24338	0.48	0.17
72437	24338	0.71	-0.16
72429	24341	-0.56	-3.23
72430	24341	-0.45	-2.81
72431	24341	-0.38	-2.4
72432	24341	-0.36	-1.96
72433	24341	-0.4	-1.52
72434	24341	-0.48	-1.09
72435	24341	-0.57	-0.65
72436	24341	-0.66	-0.21
72437	24341	-0.74	0.19
72450	24350	-6.07	-3.21
72451	24350	-5.71	-3.02
72452	24350	-5.36	-2.82
72453	24350	-5.0	-2.62
72454	24350	-4.64	-2.42
72455	24350	-4.28	-2.22
72456	24350	-3.91	-2.02
72457	24350	-3.55	-1.82
72458	24350	-3.19	-1.62
72471	24350	-7.13	-3.78
72472	24350	-6.77	-3.59
72473	24350	-6.42	-3.4
72474	24350	-6.07	-3.21
72475	24350	-5.71	-3.02
72476	24350	-5.36	-2.82
72477	24350	-5.0	-2.62
72478	24350	-4.64	-2.42
72479	24350	-4.28	-2.22
72492	24350	-3.91	-2.02
72493	24350	-3.55	-1.82
72494	24350	-3.19	-1.62
72495	24350	-2.83	-1.42
72496	24350	-2.47	-1.21
72497	24350	-2.11	-0.95
72498	24350	-1.75	-0.64
72499	24350	-1.39	-0.33
72500	24350	-1.03	-0.02
72513	24350	-2.83	-1.42
72514	24350	-2.47	-1.21
72515	24350	-2.11	-0.95
72516	24350	-1.75	-0.64
72517	24350	-1.39	-0.33
72518	24350	-1.03	-0.02
72519	24350	-0.67	0.29
72520	24350	-0.31	0.6
72521	24350	0.06	0.91
72534	24350	-0.67	0.29
72535	24350	-0.31	0.6
72536	24350	0.06	0.91
72537	24350	0.42	1.22
72538	24350	0.8	1.47
72539	24350	1.17	1.61
72540	24350	1.54	1.76
72541	24350	1.92	1.91
72542	24350	2.29	2.05
72765	24378	-3.42	-3.61
72766	24378	-3.15	-3.37
72767	24378	-2.88	-3.15
72768	24378	-2.61	-2.94
72769	24378	-2.34	-2.73
72770	24378	-2.09	-2.52
72771	24378	-1.9	-2.32
72772	24378	-1.73	-2.12
72773	24378	-1.65	-1.94
72786	24378	-2.61	-2.94
72787	24378	-2.34	-2.73
72788	24378	-2.09	-2.52
72789	24378	-1.9	-2.32
72790	24378	-1.73	-2.12
72791	24378	-1.65	-1.94
72792	24378	-1.57	-1.75
72793	24378	-1.49	-1.57
72794	24378	-1.39	-1.39
72807	24378	-6.84	-6.96
72808	24378	-6.56	-6.68
72809	24378	-6.28	-6.39
72810	24378	-6.0	-6.11
72811	24378	-5.72	-5.82
72812	24378	-5.44	-5.54
72813	24378	-5.16	-5.25
72814	24378	-4.88	-4.96
72815	24378	-4.6	-4.68
72828	24378	-3.42	-3.61
72829	24378	-3.15	-3.37
72830	24378	-2.88	-3.15
72831	24378	-2.61	-2.94
72832	24378	-2.34	-2.73
72833	24378	-2.09	-2.52
72834	24378	-1.9	-2.32
72835	24378	-1.73	-2.12
72836	24378	-1.65	-1.94
72849	24378	-6.84	-6.96
72850	24378	-6.56	-6.68
72851	24378	-6.28	-6.39
72852	24378	-6.0	-6.11
72853	24378	-5.72	-5.82
72854	24378	-5.44	-5.54
72855	24378	-5.16	-5.25
72856	24378	-4.88	-4.96
72857	24378	-4.6	-4.68
73017	24387	-9.73	2.57
73018	24387	-9.34	2.47
73019	24387	-8.95	2.37
73020	24387	-8.57	2.26
73021	24387	-8.18	2.16
73022	24387	-7.79	2.06
73023	24387	-7.41	1.96
73024	24387	-7.02	1.85
73025	24387	-6.63	1.75
73038	24387	-6.24	1.65
73039	24387	-5.86	1.55
73040	24387	-5.47	1.45
73041	24387	-5.08	1.34
73042	24387	-4.7	1.24
73043	24387	-4.31	1.14
73044	24387	-3.92	1.04
73045	24387	-3.54	0.93
73046	24387	-3.15	0.83
73059	24387	-8.57	2.26
73060	24387	-8.18	2.16
73061	24387	-7.79	2.06
73062	24387	-7.41	1.96
73063	24387	-7.02	1.85
73064	24387	-6.63	1.75
73065	24387	-6.24	1.65
73066	24387	-5.86	1.55
73067	24387	-5.47	1.45
73080	24387	-3.92	1.04
73081	24387	-3.54	0.93
73082	24387	-3.15	0.83
73083	24387	-2.79	0.74
73084	24387	-2.55	0.6
73085	24387	-2.36	0.43
73086	24387	-2.26	0.2
73087	24387	-2.16	-0.01
73088	24387	-2.06	-0.23
73101	24387	-9.73	2.57
73102	24387	-9.34	2.47
73103	24387	-8.95	2.37
73104	24387	-8.57	2.26
73105	24387	-8.18	2.16
73106	24387	-7.79	2.06
73107	24387	-7.41	1.96
73108	24387	-7.02	1.85
73109	24387	-6.63	1.75
73122	24387	-8.57	2.26
73123	24387	-8.18	2.16
73124	24387	-7.79	2.06
73125	24387	-7.41	1.96
73126	24387	-7.02	1.85
73127	24387	-6.63	1.75
73128	24387	-6.24	1.65
73129	24387	-5.86	1.55
73130	24387	-5.47	1.45
73332	24395	-0.64	-7.53
73333	24395	-0.61	-7.13
73334	24395	-0.58	-6.74
73335	24395	-0.55	-6.35
73336	24395	-0.52	-5.97
73337	24395	-0.49	-5.58
73338	24395	-0.47	-5.19
73339	24395	-0.46	-4.8
73340	24395	-0.45	-4.43
73332	24397	3.42	-6.33
73333	24397	3.24	-5.98
73334	24397	3.06	-5.63
73335	24397	2.89	-5.29
73336	24397	2.72	-4.94
73337	24397	2.55	-4.61
73338	24397	2.38	-4.26
73339	24397	2.22	-3.9
73340	24397	2.07	-3.54
73353	24395	-0.83	-9.91
73354	24395	-0.8	-9.51
73355	24395	-0.77	-9.12
73356	24395	-0.73	-8.72
73357	24395	-0.7	-8.32
73358	24395	-0.67	-7.92
73359	24395	-0.64	-7.53
73360	24395	-0.61	-7.13
73361	24395	-0.58	-6.74
73353	24397	4.54	-8.44
73354	24397	4.35	-8.09
73355	24397	4.16	-7.74
73356	24397	3.97	-7.38
73357	24397	3.78	-7.03
73358	24397	3.6	-6.68
73359	24397	3.42	-6.33
73360	24397	3.24	-5.98
73361	24397	3.06	-5.63
73374	24395	-0.4	-2.99
73375	24395	-0.39	-2.62
73376	24395	-0.37	-2.26
73377	24395	-0.35	-1.91
73378	24395	-0.33	-1.56
73379	24395	-0.3	-1.22
73380	24395	-0.26	-0.87
73381	24395	-0.23	-0.52
73382	24395	-0.2	-0.17
73374	24397	1.49	-2.07
73375	24397	1.39	-1.7
73376	24397	1.3	-1.33
73377	24397	1.21	-0.97
73378	24397	1.11	-0.6
73379	24397	1.02	-0.23
73380	24397	0.93	0.14
73381	24397	0.83	0.51
73382	24397	0.74	0.88
73395	24399	-0.91	-0.79
73396	24399	-0.63	-0.61
73397	24399	-0.35	-0.41
73398	24399	-0.03	-0.16
73399	24399	0.28	0.09
73400	24399	0.6	0.33
73401	24399	0.91	0.58
73402	24399	1.22	0.83
73403	24399	1.54	1.08
73395	24400	-2.14	-0.03
73396	24400	-1.86	0.04
73397	24400	-1.57	0.11
73398	24400	-1.25	0.17
73399	24400	-0.93	0.23
73400	24400	-0.6	0.3
73401	24400	-0.27	0.35
73402	24400	0.11	0.37
73403	24400	0.51	0.4
73416	24399	-4.75	-3.68
73417	24399	-4.43	-3.44
73418	24399	-4.11	-3.21
73419	24399	-3.77	-2.98
73420	24399	-3.43	-2.74
73421	24399	-3.08	-2.5
73422	24399	-2.74	-2.21
73423	24399	-2.4	-1.92
73424	24399	-2.09	-1.65
73416	24400	-6.25	-0.63
73417	24400	-5.85	-0.58
73418	24400	-5.47	-0.54
73419	24400	-5.09	-0.49
73420	24400	-4.73	-0.45
73421	24400	-4.37	-0.4
73422	24400	-4.01	-0.36
73423	24400	-3.67	-0.33
73424	24400	-3.35	-0.29
73437	24399	-6.65	-5.15
73438	24399	-6.33	-4.91
73439	24399	-6.02	-4.66
73440	24399	-5.7	-4.42
73441	24399	-5.38	-4.17
73442	24399	-5.07	-3.93
73443	24399	-4.75	-3.68
73444	24399	-4.43	-3.44
73445	24399	-4.11	-3.21
73437	24400	-8.63	-0.87
73438	24400	-8.24	-0.83
73439	24400	-7.84	-0.79
73440	24400	-7.44	-0.75
73441	24400	-7.04	-0.71
73442	24400	-6.64	-0.67
73443	24400	-6.25	-0.63
73444	24400	-5.85	-0.58
73445	24400	-5.47	-0.54
73458	24399	-4.75	-3.68
73459	24399	-4.43	-3.44
73460	24399	-4.11	-3.21
73461	24399	-3.77	-2.98
73462	24399	-3.43	-2.74
73463	24399	-3.08	-2.5
73464	24399	-2.74	-2.21
73465	24399	-2.4	-1.92
73466	24399	-2.09	-1.65
73458	24400	-6.25	-0.63
73459	24400	-5.85	-0.58
73460	24400	-5.47	-0.54
73461	24400	-5.09	-0.49
73462	24400	-4.73	-0.45
73463	24400	-4.37	-0.4
73464	24400	-4.01	-0.36
73465	24400	-3.67	-0.33
73466	24400	-3.35	-0.29
73479	24399	-5.7	-4.42
73480	24399	-5.38	-4.17
73481	24399	-5.07	-3.93
73482	24399	-4.75	-3.68
73483	24399	-4.43	-3.44
73484	24399	-4.11	-3.21
73485	24399	-3.77	-2.98
73486	24399	-3.43	-2.74
73487	24399	-3.08	-2.5
73479	24400	-7.44	-0.75
73480	24400	-7.04	-0.71
73481	24400	-6.64	-0.67
73482	24400	-6.25	-0.63
73483	24400	-5.85	-0.58
73484	24400	-5.47	-0.54
73485	24400	-5.09	-0.49
73486	24400	-4.73	-0.45
73487	24400	-4.37	-0.4
73500	24403	6.94	4.77
73501	24403	6.61	4.54
73502	24403	6.28	4.32
73503	24403	5.95	4.09
73504	24403	5.62	3.86
73505	24403	5.29	3.64
73506	24403	4.96	3.41
73507	24403	4.64	3.18
73508	24403	4.31	2.96
73521	24403	7.93	5.45
73522	24403	7.6	5.22
73523	24403	7.27	4.99
73524	24403	6.94	4.77
73525	24403	6.61	4.54
73526	24403	6.28	4.32
73527	24403	5.95	4.09
73528	24403	5.62	3.86
73529	24403	5.29	3.64
73542	24403	2.97	2.05
73543	24403	2.59	1.84
73544	24403	2.21	1.62
73545	24403	1.84	1.4
73546	24403	1.45	0.97
73547	24403	1.08	0.5
73548	24403	0.7	0.03
73549	24403	0.33	-0.44
73550	24403	0.01	-0.74
73563	24403	4.96	3.41
73564	24403	4.64	3.18
73565	24403	4.31	2.96
73566	24403	3.98	2.73
73567	24403	3.65	2.5
73568	24403	3.32	2.28
73569	24403	2.97	2.05
73570	24403	2.59	1.84
73571	24403	2.21	1.62
73689	24415	2.78	-3.62
73690	24415	2.51	-3.29
73691	24415	2.25	-2.97
73692	24415	2.0	-2.65
73693	24415	1.73	-2.32
73694	24415	1.47	-2.0
73695	24415	1.22	-1.65
73696	24415	1.03	-1.23
73697	24415	0.84	-0.82
73710	24415	0.65	-0.38
73711	24415	0.48	0.15
73712	24415	0.25	0.44
73713	24415	0.02	0.74
73714	24415	-0.24	1.04
73715	24415	-0.5	1.35
73716	24415	-0.76	1.65
73717	24415	-1.02	1.95
73718	24415	-1.28	2.26
73731	24415	0.02	0.74
73732	24415	-0.24	1.04
73733	24415	-0.5	1.35
73734	24415	-0.76	1.65
73735	24415	-1.02	1.95
73736	24415	-1.28	2.26
73737	24415	-1.54	2.56
73738	24415	-1.8	2.86
73739	24415	-2.06	3.17
73752	24415	2.78	-3.62
73753	24415	2.51	-3.29
73754	24415	2.25	-2.97
73755	24415	2.0	-2.65
73756	24415	1.73	-2.32
73757	24415	1.47	-2.0
73758	24415	1.22	-1.65
73759	24415	1.03	-1.23
73760	24415	0.84	-0.82
73773	24415	2.78	-3.62
73774	24415	2.51	-3.29
73775	24415	2.25	-2.97
73776	24415	2.0	-2.65
73777	24415	1.73	-2.32
73778	24415	1.47	-2.0
73779	24415	1.22	-1.65
73780	24415	1.03	-1.23
73781	24415	0.84	-0.82
73857	24425	-3.32	-0.36
73858	24425	-2.91	-0.37
73859	24425	-2.48	-0.38
73860	24425	-2.02	-0.49
73861	24425	-1.55	-0.62
73862	24425	-1.08	-0.74
73863	24425	-0.62	-0.88
73864	24425	-0.18	-1.01
73865	24425	0.27	-1.15
73878	24425	-0.62	-0.88
73879	24425	-0.18	-1.01
73880	24425	0.27	-1.15
73881	24425	0.64	-1.27
73882	24425	0.99	-1.39
73883	24425	1.33	-1.5
73884	24425	1.68	-1.6
73885	24425	2.07	-1.59
73886	24425	2.46	-1.47
73899	24425	-5.74	-0.51
73900	24425	-5.34	-0.48
73901	24425	-4.95	-0.44
73902	24425	-4.54	-0.41
73903	24425	-4.13	-0.39
73904	24425	-3.72	-0.36
73905	24425	-3.32	-0.36
73906	24425	-2.91	-0.37
73907	24425	-2.48	-0.38
73920	24425	-5.74	-0.51
73921	24425	-5.34	-0.48
73922	24425	-4.95	-0.44
73923	24425	-4.54	-0.41
73924	24425	-4.13	-0.39
73925	24425	-3.72	-0.36
73926	24425	-3.32	-0.36
73927	24425	-2.91	-0.37
73928	24425	-2.48	-0.38
73941	24425	-4.54	-0.41
73942	24425	-4.13	-0.39
73943	24425	-3.72	-0.36
73944	24425	-3.32	-0.36
73945	24425	-2.91	-0.37
73946	24425	-2.48	-0.38
73947	24425	-2.02	-0.49
73948	24425	-1.55	-0.62
73949	24425	-1.08	-0.74
73962	24425	-5.74	-0.51
73963	24425	-5.34	-0.48
73964	24425	-4.95	-0.44
73965	24425	-4.54	-0.41
73966	24425	-4.13	-0.39
73967	24425	-3.72	-0.36
73968	24425	-3.32	-0.36
73969	24425	-2.91	-0.37
73970	24425	-2.48	-0.38
73983	24425	-4.54	-0.41
73984	24425	-4.13	-0.39
73985	24425	-3.72	-0.36
73986	24425	-3.32	-0.36
73987	24425	-2.91	-0.37
73988	24425	-2.48	-0.38
73989	24425	-2.02	-0.49
73990	24425	-1.55	-0.62
73991	24425	-1.08	-0.74
74004	24425	-3.32	-0.36
74005	24425	-2.91	-0.37
74006	24425	-2.48	-0.38
74007	24425	-2.02	-0.49
74008	24425	-1.55	-0.62
74009	24425	-1.08	-0.74
74010	24425	-0.62	-0.88
74011	24425	-0.18	-1.01
74012	24425	0.27	-1.15
74298	24450	-3.34	9.49
74299	24450	-3.21	9.11
74300	24450	-3.07	8.73
74301	24450	-2.94	8.36
74302	24450	-2.81	7.98
74303	24450	-2.68	7.6
74304	24450	-2.54	7.23
74305	24450	-2.41	6.85
74306	24450	-2.28	6.47
74319	24450	-2.15	6.09
74320	24450	-2.01	5.72
74321	24450	-1.88	5.34
74322	24450	-1.75	4.97
74323	24450	-1.61	4.61
74324	24450	-1.48	4.25
74325	24450	-1.36	3.88
74326	24450	-1.24	3.52
74327	24450	-1.13	3.18
74340	24450	-1.75	4.97
74341	24450	-1.61	4.61
74342	24450	-1.48	4.25
74343	24450	-1.36	3.88
74344	24450	-1.24	3.52
74345	24450	-1.13	3.18
74346	24450	-1.02	2.86
74347	24450	-0.88	2.55
74348	24450	-0.72	2.3
74361	24450	0.18	1.53
74362	24450	0.41	1.34
74363	24450	0.64	1.1
74364	24450	0.88	0.85
74365	24450	1.11	0.59
74366	24450	1.32	0.32
74367	24450	1.42	-0.07
74368	24450	1.5	-0.46
74369	24450	1.58	-0.85
74382	24450	-3.34	9.49
74383	24450	-3.21	9.11
74384	24450	-3.07	8.73
74385	24450	-2.94	8.36
74386	24450	-2.81	7.98
74387	24450	-2.68	7.6
74388	24450	-2.54	7.23
74389	24450	-2.41	6.85
74390	24450	-2.28	6.47
74403	24450	-2.54	7.23
74404	24450	-2.41	6.85
74405	24450	-2.28	6.47
74406	24450	-2.15	6.09
74407	24450	-2.01	5.72
74408	24450	-1.88	5.34
74409	24450	-1.75	4.97
74410	24450	-1.61	4.61
74411	24450	-1.48	4.25
74424	24450	-2.15	6.09
74425	24450	-2.01	5.72
74426	24450	-1.88	5.34
74427	24450	-1.75	4.97
74428	24450	-1.61	4.61
74429	24450	-1.48	4.25
74430	24450	-1.36	3.88
74431	24450	-1.24	3.52
74432	24450	-1.13	3.18
74445	24450	-1.75	4.97
74446	24450	-1.61	4.61
74447	24450	-1.48	4.25
74448	24450	-1.36	3.88
74449	24450	-1.24	3.52
74450	24450	-1.13	3.18
74451	24450	-1.02	2.86
74452	24450	-0.88	2.55
74453	24450	-0.72	2.3
74466	24450	-1.36	3.88
74467	24450	-1.24	3.52
74468	24450	-1.13	3.18
74469	24450	-1.02	2.86
74470	24450	-0.88	2.55
74471	24450	-0.72	2.3
74472	24450	-0.5	2.1
74473	24450	-0.27	1.91
74474	24450	-0.05	1.72
74487	24450	-1.02	2.86
74488	24450	-0.88	2.55
74489	24450	-0.72	2.3
74490	24450	-0.5	2.1
74491	24450	-0.27	1.91
74492	24450	-0.05	1.72
74493	24450	0.18	1.53
74494	24450	0.41	1.34
74495	24450	0.64	1.1
74508	24450	-2.54	7.23
74509	24450	-2.41	6.85
74510	24450	-2.28	6.47
74511	24450	-2.15	6.09
74512	24450	-2.01	5.72
74513	24450	-1.88	5.34
74514	24450	-1.75	4.97
74515	24450	-1.61	4.61
74516	24450	-1.48	4.25
74529	24450	-1.36	3.88
74530	24450	-1.24	3.52
74531	24450	-1.13	3.18
74532	24450	-1.02	2.86
74533	24450	-0.88	2.55
74534	24450	-0.72	2.3
74535	24450	-0.5	2.1
74536	24450	-0.27	1.91
74537	24450	-0.05	1.72
74550	24455	6.85	0.42
74551	24455	6.45	0.39
74552	24455	6.06	0.37
74553	24455	5.66	0.35
74554	24455	5.26	0.32
74555	24455	4.86	0.3
74556	24455	4.46	0.26
74557	24455	4.09	0.21
74558	24455	3.74	0.13
74571	24455	6.85	0.42
74572	24455	6.45	0.39
74573	24455	6.06	0.37
74574	24455	5.66	0.35
74575	24455	5.26	0.32
74576	24455	4.86	0.3
74577	24455	4.46	0.26
74578	24455	4.09	0.21
74579	24455	3.74	0.13
74592	24455	3.39	0.05
74593	24455	3.03	-0.05
74594	24455	2.68	-0.15
74595	24455	2.43	-0.22
74596	24455	2.18	-0.3
74597	24455	1.92	-0.38
74598	24455	1.6	-0.5
74599	24455	1.28	-0.63
74600	24455	0.97	-0.76
75033	24478	-6.77	-2.84
75034	24478	-6.4	-2.68
75035	24478	-6.03	-2.53
75036	24478	-5.66	-2.37
75037	24478	-5.3	-2.22
75038	24478	-4.93	-2.06
75039	24478	-4.56	-1.91
75040	24478	-4.19	-1.74
75041	24478	-3.83	-1.56
75054	24478	-5.66	-2.37
75055	24478	-5.3	-2.22
75056	24478	-4.93	-2.06
75057	24478	-4.56	-1.91
75058	24478	-4.19	-1.74
75059	24478	-3.83	-1.56
75060	24478	-3.45	-1.38
75061	24478	-3.19	-1.18
75062	24478	-2.97	-0.99
75075	24478	-7.88	-3.3
75076	24478	-7.51	-3.14
75077	24478	-7.14	-2.99
75078	24478	-6.77	-2.84
75079	24478	-6.4	-2.68
75080	24478	-6.03	-2.53
75081	24478	-5.66	-2.37
75082	24478	-5.3	-2.22
75083	24478	-4.93	-2.06
75096	24478	-5.66	-2.37
75097	24478	-5.3	-2.22
75098	24478	-4.93	-2.06
75099	24478	-4.56	-1.91
75100	24478	-4.19	-1.74
75101	24478	-3.83	-1.56
75102	24478	-3.45	-1.38
75103	24478	-3.19	-1.18
75104	24478	-2.97	-0.99
75117	24480	0.8	-2.24
75118	24480	0.55	-1.73
75119	24480	0.34	-1.25
75120	24480	0.15	-0.8
75121	24480	-0.05	-0.34
75122	24480	-0.22	0.1
75123	24480	-0.35	0.48
75124	24480	-0.48	0.86
75125	24480	-0.61	1.23
75117	24483	1.68	1.58
75118	24483	1.5	1.29
75119	24483	1.44	0.87
75120	24483	1.35	0.37
75121	24483	1.25	-0.13
75122	24483	1.16	-0.62
75123	24483	1.06	-1.12
75124	24483	0.95	-1.59
75125	24483	0.79	-2.02
75138	24480	0.15	-0.8
75139	24480	-0.05	-0.34
75140	24480	-0.22	0.1
75141	24480	-0.35	0.48
75142	24480	-0.48	0.86
75143	24480	-0.61	1.23
75144	24480	-0.73	1.61
75145	24480	-0.86	1.99
75146	24480	-0.99	2.37
75138	24483	1.35	0.37
75139	24483	1.25	-0.13
75140	24483	1.16	-0.62
75141	24483	1.06	-1.12
75142	24483	0.95	-1.59
75143	24483	0.79	-2.02
75144	24483	0.45	-2.25
75145	24483	0.11	-2.46
75146	24483	-0.23	-2.66
75159	24480	2.03	-5.64
75160	24480	1.89	-5.26
75161	24480	1.76	-4.88
75162	24480	1.62	-4.51
75163	24480	1.49	-4.13
75164	24480	1.35	-3.75
75165	24480	1.21	-3.38
75166	24480	1.08	-3.0
75167	24480	0.94	-2.62
75159	24483	4.25	4.11
75160	24483	3.97	3.83
75161	24483	3.68	3.55
75162	24483	3.39	3.28
75163	24483	3.1	3.0
75164	24483	2.82	2.72
75165	24483	2.53	2.44
75166	24483	2.24	2.16
75167	24483	1.95	1.87
75180	24480	0.8	-2.24
75181	24480	0.55	-1.73
75182	24480	0.34	-1.25
75183	24480	0.15	-0.8
75184	24480	-0.05	-0.34
75185	24480	-0.22	0.1
75186	24480	-0.35	0.48
75187	24480	-0.48	0.86
75188	24480	-0.61	1.23
75180	24483	1.68	1.58
75181	24483	1.5	1.29
75182	24483	1.44	0.87
75183	24483	1.35	0.37
75184	24483	1.25	-0.13
75185	24483	1.16	-0.62
75186	24483	1.06	-1.12
75187	24483	0.95	-1.59
75188	24483	0.79	-2.02
75201	24480	0.15	-0.8
75202	24480	-0.05	-0.34
75203	24480	-0.22	0.1
75204	24480	-0.35	0.48
75205	24480	-0.48	0.86
75206	24480	-0.61	1.23
75207	24480	-0.73	1.61
75208	24480	-0.86	1.99
75209	24480	-0.99	2.37
75201	24483	1.35	0.37
75202	24483	1.25	-0.13
75203	24483	1.16	-0.62
75204	24483	1.06	-1.12
75205	24483	0.95	-1.59
75206	24483	0.79	-2.02
75207	24483	0.45	-2.25
75208	24483	0.11	-2.46
75209	24483	-0.23	-2.66
75222	24480	2.03	-5.64
75223	24480	1.89	-5.26
75224	24480	1.76	-4.88
75225	24480	1.62	-4.51
75226	24480	1.49	-4.13
75227	24480	1.35	-3.75
75228	24480	1.21	-3.38
75229	24480	1.08	-3.0
75230	24480	0.94	-2.62
75222	24483	4.25	4.11
75223	24483	3.97	3.83
75224	24483	3.68	3.55
75225	24483	3.39	3.28
75226	24483	3.1	3.0
75227	24483	2.82	2.72
75228	24483	2.53	2.44
75229	24483	2.24	2.16
75230	24483	1.95	1.87
75243	24484	-1.06	-2.42
75244	24484	-0.82	-2.09
75245	24484	-0.6	-1.71
75246	24484	-0.4	-1.3
75247	24484	-0.21	-0.94
75248	24484	-0.01	-0.59
75249	24484	0.18	-0.23
75250	24484	0.37	0.13
75251	24484	0.54	0.49
75453	24499	2.27	0.81
75454	24499	2.03	0.78
75455	24499	1.83	0.72
75456	24499	1.64	0.64
75457	24499	1.46	0.54
75458	24499	1.28	0.43
75459	24499	1.04	0.44
75460	24499	0.74	0.47
75461	24499	0.44	0.5
75453	24500	1.53	-0.61
75454	24500	1.13	-0.68
75455	24500	0.74	-0.74
75456	24500	0.35	-0.81
75457	24500	-0.04	-0.88
75458	24500	-0.43	-0.95
75459	24500	-0.82	-1.01
75460	24500	-1.21	-1.07
75461	24500	-1.6	-1.11
75474	24499	2.27	0.81
75475	24499	2.03	0.78
75476	24499	1.83	0.72
75477	24499	1.64	0.64
75478	24499	1.46	0.54
75479	24499	1.28	0.43
75480	24499	1.04	0.44
75481	24499	0.74	0.47
75482	24499	0.44	0.5
75474	24500	1.53	-0.61
75475	24500	1.13	-0.68
75476	24500	0.74	-0.74
75477	24500	0.35	-0.81
75478	24500	-0.04	-0.88
75479	24500	-0.43	-0.95
75480	24500	-0.82	-1.01
75481	24500	-1.21	-1.07
75482	24500	-1.6	-1.11
75495	24499	5.05	1.36
75496	24499	4.7	1.28
75497	24499	4.35	1.2
75498	24499	3.98	1.13
75499	24499	3.61	1.07
75500	24499	3.3	0.98
75501	24499	3.05	0.88
75502	24499	2.78	0.85
75503	24499	2.53	0.83
75495	24500	5.07	-0.46
75496	24500	4.66	-0.46
75497	24500	4.26	-0.48
75498	24500	3.86	-0.49
75499	24500	3.46	-0.51
75500	24500	3.07	-0.52
75501	24500	2.69	-0.49
75502	24500	2.31	-0.47
75503	24500	1.92	-0.54
75516	24502	8.1	3.26
75517	24502	7.73	3.11
75518	24502	7.36	2.96
75519	24502	6.99	2.81
75520	24502	6.62	2.66
75521	24502	6.24	2.51
75522	24502	5.87	2.36
75523	24502	5.5	2.21
75524	24502	5.13	2.07
75516	24503	6.19	-5.55
75517	24503	5.89	-5.28
75518	24503	5.59	-5.01
75519	24503	5.3	-4.74
75520	24503	5.02	-4.47
75521	24503	4.73	-4.2
75522	24503	4.46	-3.93
75523	24503	4.18	-3.67
75524	24503	3.91	-3.4
75516	24504	-7.01	4.06
75517	24504	-6.66	3.86
75518	24504	-6.31	3.66
75519	24504	-5.97	3.46
75520	24504	-5.62	3.26
75521	24504	-5.28	3.06
75522	24504	-4.93	2.86
75523	24504	-4.58	2.66
75524	24504	-4.23	2.47
75537	24502	4.76	1.92
75538	24502	4.39	1.77
75539	24502	4.02	1.62
75540	24502	3.64	1.47
75541	24502	3.22	1.35
75542	24502	2.86	1.31
75543	24502	2.63	1.22
75544	24502	2.38	1.15
75545	24502	2.06	1.17
75537	24503	3.64	-3.14
75538	24503	3.36	-2.89
75539	24503	3.09	-2.64
75540	24503	2.82	-2.39
75541	24503	2.6	-2.17
75542	24503	2.34	-1.94
75543	24503	2.04	-1.68
75544	24503	1.74	-1.47
75545	24503	1.46	-1.39
75537	24504	-3.86	2.28
75538	24504	-3.49	2.09
75539	24504	-3.12	1.89
75540	24504	-2.74	1.69
75541	24504	-2.37	1.48
75542	24504	-1.99	1.28
75543	24504	-1.6	1.1
75544	24504	-1.13	0.87
75545	24504	-0.57	0.64
75558	24502	8.1	3.26
75559	24502	7.73	3.11
75560	24502	7.36	2.96
75561	24502	6.99	2.81
75562	24502	6.62	2.66
75563	24502	6.24	2.51
75564	24502	5.87	2.36
75565	24502	5.5	2.21
75566	24502	5.13	2.07
75558	24503	6.19	-5.55
75559	24503	5.89	-5.28
75560	24503	5.59	-5.01
75561	24503	5.3	-4.74
75562	24503	5.02	-4.47
75563	24503	4.73	-4.2
75564	24503	4.46	-3.93
75565	24503	4.18	-3.67
75566	24503	3.91	-3.4
75558	24504	-7.01	4.06
75559	24504	-6.66	3.86
75560	24504	-6.31	3.66
75561	24504	-5.97	3.46
75562	24504	-5.62	3.26
75563	24504	-5.28	3.06
75564	24504	-4.93	2.86
75565	24504	-4.58	2.66
75566	24504	-4.23	2.47
75579	24502	6.99	2.81
75580	24502	6.62	2.66
75581	24502	6.24	2.51
75582	24502	5.87	2.36
75583	24502	5.5	2.21
75584	24502	5.13	2.07
75585	24502	4.76	1.92
75586	24502	4.39	1.77
75587	24502	4.02	1.62
75579	24503	5.3	-4.74
75580	24503	5.02	-4.47
75581	24503	4.73	-4.2
75582	24503	4.46	-3.93
75583	24503	4.18	-3.67
75584	24503	3.91	-3.4
75585	24503	3.64	-3.14
75586	24503	3.36	-2.89
75587	24503	3.09	-2.64
75579	24504	-5.97	3.46
75580	24504	-5.62	3.26
75581	24504	-5.28	3.06
75582	24504	-4.93	2.86
75583	24504	-4.58	2.66
75584	24504	-4.23	2.47
75585	24504	-3.86	2.28
75586	24504	-3.49	2.09
75587	24504	-3.12	1.89
75600	24502	6.99	2.81
75601	24502	6.62	2.66
75602	24502	6.24	2.51
75603	24502	5.87	2.36
75604	24502	5.5	2.21
75605	24502	5.13	2.07
75606	24502	4.76	1.92
75607	24502	4.39	1.77
75608	24502	4.02	1.62
75600	24503	5.3	-4.74
75601	24503	5.02	-4.47
75602	24503	4.73	-4.2
75603	24503	4.46	-3.93
75604	24503	4.18	-3.67
75605	24503	3.91	-3.4
75606	24503	3.64	-3.14
75607	24503	3.36	-2.89
75608	24503	3.09	-2.64
75600	24504	-5.97	3.46
75601	24504	-5.62	3.26
75602	24504	-5.28	3.06
75603	24504	-4.93	2.86
75604	24504	-4.58	2.66
75605	24504	-4.23	2.47
75606	24504	-3.86	2.28
75607	24504	-3.49	2.09
75608	24504	-3.12	1.89
75621	24502	9.21	3.71
75622	24502	8.84	3.56
75623	24502	8.47	3.41
75624	24502	8.1	3.26
75625	24502	7.73	3.11
75626	24502	7.36	2.96
75627	24502	6.99	2.81
75628	24502	6.62	2.66
75629	24502	6.24	2.51
75621	24503	7.08	-6.35
75622	24503	6.78	-6.08
75623	24503	6.49	-5.81
75624	24503	6.19	-5.55
75625	24503	5.89	-5.28
75626	24503	5.59	-5.01
75627	24503	5.3	-4.74
75628	24503	5.02	-4.47
75629	24503	4.73	-4.2
75621	24504	-8.04	4.66
75622	24504	-7.7	4.46
75623	24504	-7.35	4.26
75624	24504	-7.01	4.06
75625	24504	-6.66	3.86
75626	24504	-6.31	3.66
75627	24504	-5.97	3.46
75628	24504	-5.62	3.26
75629	24504	-5.28	3.06
75726	24516	-0.04	-8.58
75727	24516	-0.04	-8.18
75728	24516	-0.04	-7.78
75729	24516	-0.04	-7.38
75730	24516	-0.03	-6.98
75731	24516	-0.03	-6.58
75732	24516	-0.03	-6.18
75733	24516	-0.03	-5.78
75734	24516	-0.03	-5.38
75747	24516	-0.03	-6.18
75748	24516	-0.03	-5.78
75749	24516	-0.03	-5.38
75750	24516	-0.02	-4.98
75751	24516	-0.02	-4.58
75752	24516	-0.02	-4.18
75753	24516	-0.02	-3.78
75754	24516	-0.02	-3.38
75755	24516	-0.06	-2.94
75768	24516	-0.09	-2.51
75769	24516	-0.25	-2.1
75770	24516	-0.43	-1.71
75771	24516	-0.63	-1.33
75772	24516	-0.84	-0.95
75773	24516	-1.04	-0.56
75774	24516	-1.24	-0.18
75775	24516	-1.4	0.21
75776	24516	-1.34	0.6
75789	24516	-0.03	-6.18
75790	24516	-0.03	-5.78
75791	24516	-0.03	-5.38
75792	24516	-0.02	-4.98
75793	24516	-0.02	-4.58
75794	24516	-0.02	-4.18
75795	24516	-0.02	-3.78
75796	24516	-0.02	-3.38
75797	24516	-0.06	-2.94
76041	24529	4.0	2.8
76042	24529	3.65	2.58
76043	24529	3.29	2.36
76044	24529	2.93	2.13
76045	24529	2.58	1.9
76046	24529	2.22	1.67
76047	24529	1.88	1.49
76048	24529	1.58	1.35
76049	24529	1.28	1.25
76041	24530	-0.83	-5.12
76042	24530	-0.77	-4.74
76043	24530	-0.71	-4.35
76044	24530	-0.7	-3.96
76045	24530	-0.7	-3.56
76046	24530	-0.7	-3.16
76047	24530	-0.66	-2.78
76048	24530	-0.6	-2.4
76049	24530	-0.61	-2.11
76062	24529	0.99	1.22
76063	24529	0.7	1.19
76064	24529	0.41	1.18
76065	24529	0.13	1.16
76066	24529	-0.16	1.16
76067	24529	-0.5	1.11
76068	24529	-0.93	0.98
76069	24529	-1.35	0.86
76070	24529	-1.76	0.71
76062	24530	-0.72	-1.94
76063	24530	-0.83	-1.77
76064	24530	-0.95	-1.62
76065	24530	-1.07	-1.47
76066	24530	-1.19	-1.33
76067	24530	-1.32	-1.2
76068	24530	-1.45	-1.06
76069	24530	-1.57	-0.93
76070	24530	-1.68	-0.81
76083	24529	7.96	5.52
76084	24529	7.64	5.29
76085	24529	7.31	5.06
76086	24529	6.98	4.83
76087	24529	6.65	4.61
76088	24529	6.32	4.38
76089	24529	5.99	4.15
76090	24529	5.66	3.92
76091	24529	5.33	3.69
76083	24530	-1.57	-9.81
76084	24530	-1.51	-9.42
76085	24530	-1.45	-9.02
76086	24530	-1.38	-8.63
76087	24530	-1.32	-8.23
76088	24530	-1.26	-7.84
76089	24530	-1.19	-7.44
76090	24530	-1.13	-7.05
76091	24530	-1.07	-6.66
76104	24529	4.0	2.8
76105	24529	3.65	2.58
76106	24529	3.29	2.36
76107	24529	2.93	2.13
76108	24529	2.58	1.9
76109	24529	2.22	1.67
76110	24529	1.88	1.49
76111	24529	1.58	1.35
76112	24529	1.28	1.25
76104	24530	-0.83	-5.12
76105	24530	-0.77	-4.74
76106	24530	-0.71	-4.35
76107	24530	-0.7	-3.96
76108	24530	-0.7	-3.56
76109	24530	-0.7	-3.16
76110	24530	-0.66	-2.78
76111	24530	-0.6	-2.4
76112	24530	-0.61	-2.11
76125	24529	1.88	1.49
76126	24529	1.58	1.35
76127	24529	1.28	1.25
76128	24529	0.99	1.22
76129	24529	0.7	1.19
76130	24529	0.41	1.18
76131	24529	0.13	1.16
76132	24529	-0.16	1.16
76133	24529	-0.5	1.11
76125	24530	-0.66	-2.78
76126	24530	-0.6	-2.4
76127	24530	-0.61	-2.11
76128	24530	-0.72	-1.94
76129	24530	-0.83	-1.77
76130	24530	-0.95	-1.62
76131	24530	-1.07	-1.47
76132	24530	-1.19	-1.33
76133	24530	-1.32	-1.2
76146	24529	0.13	1.16
76147	24529	-0.16	1.16
76148	24529	-0.5	1.11
76149	24529	-0.93	0.98
76150	24529	-1.35	0.86
76151	24529	-1.76	0.71
76152	24529	-2.17	0.54
76153	24529	-2.57	0.38
76154	24529	-2.94	0.18
76146	24530	-1.07	-1.47
76147	24530	-1.19	-1.33
76148	24530	-1.32	-1.2
76149	24530	-1.45	-1.06
76150	24530	-1.57	-0.93
76151	24530	-1.68	-0.81
76152	24530	-1.77	-0.71
76153	24530	-1.87	-0.6
76154	24530	-1.95	-0.5
76167	24529	-0.93	0.98
76168	24529	-1.35	0.86
76169	24529	-1.76	0.71
76170	24529	-2.17	0.54
76171	24529	-2.57	0.38
76172	24529	-2.94	0.18
76173	24529	-3.22	-0.1
76174	24529	-3.49	-0.4
76175	24529	-3.75	-0.7
76167	24530	-1.45	-1.06
76168	24530	-1.57	-0.93
76169	24530	-1.68	-0.81
76170	24530	-1.77	-0.71
76171	24530	-1.87	-0.6
76172	24530	-1.95	-0.5
76173	24530	-2.02	-0.38
76174	24530	-2.09	-0.27
76175	24530	-2.08	-0.14
76188	24529	1.88	1.49
76189	24529	1.58	1.35
76190	24529	1.28	1.25
76191	24529	0.99	1.22
76192	24529	0.7	1.19
76193	24529	0.41	1.18
76194	24529	0.13	1.16
76195	24529	-0.16	1.16
76196	24529	-0.5	1.11
76188	24530	-0.66	-2.78
76189	24530	-0.6	-2.4
76190	24530	-0.61	-2.11
76191	24530	-0.72	-1.94
76192	24530	-0.83	-1.77
76193	24530	-0.95	-1.62
76194	24530	-1.07	-1.47
76195	24530	-1.19	-1.33
76196	24530	-1.32	-1.2
76293	24537	-4.09	4.44
76294	24537	-3.84	4.12
76295	24537	-3.59	3.8
76296	24537	-3.34	3.47
76297	24537	-3.08	3.14
76298	24537	-2.81	2.82
76299	24537	-2.59	2.5
76300	24537	-2.42	2.2
76301	24537	-2.26	1.89
76293	24539	-2.87	5.5
76294	24539	-2.66	5.17
76295	24539	-2.46	4.84
76296	24539	-2.25	4.51
76297	24539	-2.06	4.19
76298	24539	-1.87	3.88
76299	24539	-1.68	3.54
76300	24539	-1.49	3.19
76301	24539	-1.31	2.8
76293	24541	5.43	-3.4
76294	24541	5.09	-3.18
76295	24541	4.75	-2.97
76296	24541	4.42	-2.76
76297	24541	4.08	-2.55
76298	24541	3.74	-2.34
76299	24541	3.4	-2.12
76300	24541	3.06	-1.91
76301	24541	2.72	-1.7
76314	24537	-4.09	4.44
76315	24537	-3.84	4.12
76316	24537	-3.59	3.8
76317	24537	-3.34	3.47
76318	24537	-3.08	3.14
76319	24537	-2.81	2.82
76320	24537	-2.59	2.5
76321	24537	-2.42	2.2
76322	24537	-2.26	1.89
76314	24539	-2.87	5.5
76315	24539	-2.66	5.17
76316	24539	-2.46	4.84
76317	24539	-2.25	4.51
76318	24539	-2.06	4.19
76319	24539	-1.87	3.88
76320	24539	-1.68	3.54
76321	24539	-1.49	3.19
76322	24539	-1.31	2.8
76314	24541	5.43	-3.4
76315	24541	5.09	-3.18
76316	24541	4.75	-2.97
76317	24541	4.42	-2.76
76318	24541	4.08	-2.55
76319	24541	3.74	-2.34
76320	24541	3.4	-2.12
76321	24541	3.06	-1.91
76322	24541	2.72	-1.7
76335	24537	-4.09	4.44
76336	24537	-3.84	4.12
76337	24537	-3.59	3.8
76338	24537	-3.34	3.47
76339	24537	-3.08	3.14
76340	24537	-2.81	2.82
76341	24537	-2.59	2.5
76342	24537	-2.42	2.2
76343	24537	-2.26	1.89
76335	24539	-2.87	5.5
76336	24539	-2.66	5.17
76337	24539	-2.46	4.84
76338	24539	-2.25	4.51
76339	24539	-2.06	4.19
76340	24539	-1.87	3.88
76341	24539	-1.68	3.54
76342	24539	-1.49	3.19
76343	24539	-1.31	2.8
76335	24541	5.43	-3.4
76336	24541	5.09	-3.18
76337	24541	4.75	-2.97
76338	24541	4.42	-2.76
76339	24541	4.08	-2.55
76340	24541	3.74	-2.34
76341	24541	3.4	-2.12
76342	24541	3.06	-1.91
76343	24541	2.72	-1.7
76356	24537	-4.84	5.38
76357	24537	-4.59	5.07
76358	24537	-4.34	4.75
76359	24537	-4.09	4.44
76360	24537	-3.84	4.12
76361	24537	-3.59	3.8
76362	24537	-3.34	3.47
76363	24537	-3.08	3.14
76364	24537	-2.81	2.82
76356	24539	-3.48	6.5
76357	24539	-3.28	6.17
76358	24539	-3.07	5.83
76359	24539	-2.87	5.5
76360	24539	-2.66	5.17
76361	24539	-2.46	4.84
76362	24539	-2.25	4.51
76363	24539	-2.06	4.19
76364	24539	-1.87	3.88
76356	24541	6.45	-4.03
76357	24541	6.11	-3.82
76358	24541	5.77	-3.61
76359	24541	5.43	-3.4
76360	24541	5.09	-3.18
76361	24541	4.75	-2.97
76362	24541	4.42	-2.76
76363	24541	4.08	-2.55
76364	24541	3.74	-2.34
76377	24537	-4.09	4.44
76378	24537	-3.84	4.12
76379	24537	-3.59	3.8
76380	24537	-3.34	3.47
76381	24537	-3.08	3.14
76382	24537	-2.81	2.82
76383	24537	-2.59	2.5
76384	24537	-2.42	2.2
76385	24537	-2.26	1.89
76377	24539	-2.87	5.5
76378	24539	-2.66	5.17
76379	24539	-2.46	4.84
76380	24539	-2.25	4.51
76381	24539	-2.06	4.19
76382	24539	-1.87	3.88
76383	24539	-1.68	3.54
76384	24539	-1.49	3.19
76385	24539	-1.31	2.8
76377	24541	5.43	-3.4
76378	24541	5.09	-3.18
76379	24541	4.75	-2.97
76380	24541	4.42	-2.76
76381	24541	4.08	-2.55
76382	24541	3.74	-2.34
76383	24541	3.4	-2.12
76384	24541	3.06	-1.91
76385	24541	2.72	-1.7
76398	24546	-9.88	0.94
76399	24546	-9.48	0.9
76400	24546	-9.08	0.86
76401	24546	-8.68	0.83
76402	24546	-8.28	0.79
76403	24546	-7.89	0.75
76404	24546	-7.49	0.71
76405	24546	-7.09	0.67
76406	24546	-6.69	0.63
76419	24546	-2.93	-0.04
76420	24546	-2.62	-0.12
76421	24546	-2.4	-0.07
76422	24546	-2.25	0.04
76423	24546	-2.09	0.16
76424	24546	-1.94	0.28
76425	24546	-1.78	0.39
76426	24546	-1.58	0.53
76427	24546	-1.27	0.56
76440	24546	-9.88	0.94
76441	24546	-9.48	0.9
76442	24546	-9.08	0.86
76443	24546	-8.68	0.83
76444	24546	-8.28	0.79
76445	24546	-7.89	0.75
76446	24546	-7.49	0.71
76447	24546	-7.09	0.67
76448	24546	-6.69	0.63
76461	24551	7.39	1.99
76462	24551	7.02	1.88
76463	24551	6.65	1.77
76464	24551	6.28	1.66
76465	24551	5.91	1.55
76466	24551	5.54	1.43
76467	24551	5.18	1.32
76468	24551	4.81	1.2
76469	24551	4.45	1.08
76482	24551	6.28	1.66
76483	24551	5.91	1.55
76484	24551	5.54	1.43
76485	24551	5.18	1.32
76486	24551	4.81	1.2
76487	24551	4.45	1.08
76488	24551	4.09	0.97
76489	24551	3.72	0.85
76490	24551	3.34	0.73
76503	24551	5.18	1.32
76504	24551	4.81	1.2
76505	24551	4.45	1.08
76506	24551	4.09	0.97
76507	24551	3.72	0.85
76508	24551	3.34	0.73
76509	24551	2.97	0.61
76510	24551	2.68	0.54
76511	24551	2.38	0.47
76524	24551	4.09	0.97
76525	24551	3.72	0.85
76526	24551	3.34	0.73
76527	24551	2.97	0.61
76528	24551	2.68	0.54
76529	24551	2.38	0.47
76530	24551	2.09	0.42
76531	24551	1.81	0.38
76532	24551	1.53	0.34
76545	24551	2.09	0.42
76546	24551	1.81	0.38
76547	24551	1.53	0.34
76548	24551	1.25	0.3
76549	24551	0.98	0.26
76550	24551	0.7	0.22
76551	24551	0.41	0.19
76552	24551	0.12	0.14
76553	24551	-0.2	0.03
76566	24551	6.28	1.66
76567	24551	5.91	1.55
76568	24551	5.54	1.43
76569	24551	5.18	1.32
76570	24551	4.81	1.2
76571	24551	4.45	1.08
76572	24551	4.09	0.97
76573	24551	3.72	0.85
76574	24551	3.34	0.73
76587	24551	8.52	2.31
76588	24551	8.14	2.21
76589	24551	7.76	2.1
76590	24551	7.39	1.99
76591	24551	7.02	1.88
76592	24551	6.65	1.77
76593	24551	6.28	1.66
76594	24551	5.91	1.55
76595	24551	5.54	1.43
76608	24551	7.39	1.99
76609	24551	7.02	1.88
76610	24551	6.65	1.77
76611	24551	6.28	1.66
76612	24551	5.91	1.55
76613	24551	5.54	1.43
76614	24551	5.18	1.32
76615	24551	4.81	1.2
76616	24551	4.45	1.08
76629	24551	6.28	1.66
76630	24551	5.91	1.55
76631	24551	5.54	1.43
76632	24551	5.18	1.32
76633	24551	4.81	1.2
76634	24551	4.45	1.08
76635	24551	4.09	0.97
76636	24551	3.72	0.85
76637	24551	3.34	0.73
76650	24551	2.97	0.61
76651	24551	2.68	0.54
76652	24551	2.38	0.47
76653	24551	2.09	0.42
76654	24551	1.81	0.38
76655	24551	1.53	0.34
76656	24551	1.25	0.3
76657	24551	0.98	0.26
76658	24551	0.7	0.22
76671	24551	7.39	1.99
76672	24551	7.02	1.88
76673	24551	6.65	1.77
76674	24551	6.28	1.66
76675	24551	5.91	1.55
76676	24551	5.54	1.43
76677	24551	5.18	1.32
76678	24551	4.81	1.2
76679	24551	4.45	1.08
76902	24569	-8.16	-4.89
76903	24569	-7.81	-4.68
76904	24569	-7.47	-4.47
76905	24569	-7.13	-4.27
76906	24569	-6.78	-4.06
76907	24569	-6.44	-3.86
76908	24569	-6.1	-3.65
76909	24569	-5.75	-3.45
76910	24569	-5.41	-3.24
76923	24569	-6.1	-3.65
76924	24569	-5.75	-3.45
76925	24569	-5.41	-3.24
76926	24569	-5.07	-3.04
76927	24569	-4.72	-2.83
76928	24569	-4.38	-2.62
76929	24569	-4.05	-2.4
76930	24569	-3.67	-2.16
76931	24569	-3.28	-1.92
76944	24569	-4.05	-2.4
76945	24569	-3.67	-2.16
76946	24569	-3.28	-1.92
76947	24569	-2.89	-1.68
76948	24569	-2.51	-1.44
76949	24569	-2.12	-1.2
76950	24569	-1.65	-1.03
76951	24569	-1.18	-0.9
76952	24569	-0.67	-0.75
76965	24569	-7.13	-4.27
76966	24569	-6.78	-4.06
76967	24569	-6.44	-3.86
76968	24569	-6.1	-3.65
76969	24569	-5.75	-3.45
76970	24569	-5.41	-3.24
76971	24569	-5.07	-3.04
76972	24569	-4.72	-2.83
76973	24569	-4.38	-2.62
76986	24569	-5.07	-3.04
76987	24569	-4.72	-2.83
76988	24569	-4.38	-2.62
76989	24569	-4.05	-2.4
76990	24569	-3.67	-2.16
76991	24569	-3.28	-1.92
76992	24569	-2.89	-1.68
76993	24569	-2.51	-1.44
76994	24569	-2.12	-1.2
77385	24589	0.89	-6.86
77386	24589	0.84	-6.47
77387	24589	0.79	-6.07
77388	24589	0.74	-5.67
77389	24589	0.69	-5.27
77390	24589	0.66	-4.87
77391	24589	0.62	-4.46
77392	24589	0.58	-4.04
77393	24589	0.54	-3.62
77406	24589	1.05	-8.05
77407	24589	0.99	-7.66
77408	24589	0.94	-7.26
77409	24589	0.89	-6.86
77410	24589	0.84	-6.47
77411	24589	0.79	-6.07
77412	24589	0.74	-5.67
77413	24589	0.69	-5.27
77414	24589	0.66	-4.87
77427	24589	1.2	-9.24
77428	24589	1.15	-8.85
77429	24589	1.1	-8.45
77430	24589	1.05	-8.05
77431	24589	0.99	-7.66
77432	24589	0.94	-7.26
77433	24589	0.89	-6.86
77434	24589	0.84	-6.47
77435	24589	0.79	-6.07
77448	24589	1.05	-8.05
77449	24589	0.99	-7.66
77450	24589	0.94	-7.26
77451	24589	0.89	-6.86
77452	24589	0.84	-6.47
77453	24589	0.79	-6.07
77454	24589	0.74	-5.67
77455	24589	0.69	-5.27
77456	24589	0.66	-4.87
77469	24589	1.05	-8.05
77470	24589	0.99	-7.66
77471	24589	0.94	-7.26
77472	24589	0.89	-6.86
77473	24589	0.84	-6.47
77474	24589	0.79	-6.07
77475	24589	0.74	-5.67
77476	24589	0.69	-5.27
77477	24589	0.66	-4.87
77490	24597	4.7	1.85
77491	24597	4.34	1.75
77492	24597	3.97	1.65
77493	24597	3.59	1.56
77494	24597	3.21	1.46
77495	24597	2.83	1.37
77496	24597	2.52	1.29
77497	24597	2.23	1.21
77498	24597	1.91	1.12
77511	24597	5.76	2.17
77512	24597	5.4	2.06
77513	24597	5.05	1.95
77514	24597	4.7	1.85
77515	24597	4.34	1.75
77516	24597	3.97	1.65
77517	24597	3.59	1.56
77518	24597	3.21	1.46
77519	24597	2.83	1.37
77532	24597	-0.46	0.35
77533	24597	-0.8	0.24
77534	24597	-1.17	0.11
77535	24597	-1.55	-0.03
77536	24597	-1.93	-0.19
77537	24597	-2.3	-0.34
77538	24597	-2.67	-0.5
77539	24597	-3.03	-0.66
77540	24597	-3.4	-0.82
77553	24600	4.14	6.71
77554	24600	3.93	6.37
77555	24600	3.72	6.03
77556	24600	3.51	5.69
77557	24600	3.3	5.35
77558	24600	3.09	5.01
77559	24600	2.88	4.67
77560	24600	2.67	4.33
77561	24600	2.46	3.99
77574	24600	4.14	6.71
77575	24600	3.93	6.37
77576	24600	3.72	6.03
77577	24600	3.51	5.69
77578	24600	3.3	5.35
77579	24600	3.09	5.01
77580	24600	2.88	4.67
77581	24600	2.67	4.33
77582	24600	2.46	3.99
77595	24600	2.88	4.67
77596	24600	2.67	4.33
77597	24600	2.46	3.99
77598	24600	2.25	3.65
77599	24600	2.04	3.31
77600	24600	1.82	2.97
77601	24600	1.58	2.62
77602	24600	1.26	2.27
77603	24600	0.94	1.92
77616	24600	1.58	2.62
77617	24600	1.26	2.27
77618	24600	0.94	1.92
77619	24600	0.62	1.56
77620	24600	0.25	1.28
77621	24600	-0.13	1.01
77622	24600	-0.52	0.74
77623	24600	-0.9	0.47
77624	24600	-1.29	0.2
77637	24600	0.62	1.56
77638	24600	0.25	1.28
77639	24600	-0.13	1.01
77640	24600	-0.52	0.74
77641	24600	-0.9	0.47
77642	24600	-1.29	0.2
77643	24600	-1.67	-0.08
77644	24600	-1.86	-0.44
77645	24600	-2.01	-0.81
77721	24609	4.67	0.52
77722	24609	4.27	0.48
77723	24609	3.87	0.43
77724	24609	3.47	0.39
77725	24609	3.1	0.33
77726	24609	2.75	0.22
77727	24609	2.44	0.07
77728	24609	2.11	-0.08
77729	24609	1.83	-0.26
77742	24609	8.24	0.92
77743	24609	7.85	0.88
77744	24609	7.45	0.83
77745	24609	7.05	0.79
77746	24609	6.65	0.74
77747	24609	6.26	0.7
77748	24609	5.86	0.65
77749	24609	5.46	0.61
77750	24609	5.06	0.57
77763	24609	8.24	0.92
77764	24609	7.85	0.88
77765	24609	7.45	0.83
77766	24609	7.05	0.79
77767	24609	6.65	0.74
77768	24609	6.26	0.7
77769	24609	5.86	0.65
77770	24609	5.46	0.61
77771	24609	5.06	0.57
78078	24629	-8.68	-3.07
78079	24629	-8.3	-2.94
78080	24629	-7.93	-2.81
78081	24629	-7.55	-2.67
78082	24629	-7.17	-2.54
78083	24629	-6.79	-2.41
78084	24629	-6.42	-2.27
78085	24629	-6.04	-2.14
78086	24629	-5.66	-2.01
78099	24629	-0.58	-0.3
78100	24629	-0.16	-0.17
78101	24629	0.23	-0.04
78102	24629	0.6	0.1
78103	24629	0.98	0.23
78104	24629	1.35	0.37
78105	24629	1.73	0.51
78106	24629	2.1	0.65
78107	24629	2.48	0.79
78120	24629	-8.68	-3.07
78121	24629	-8.3	-2.94
78122	24629	-7.93	-2.81
78123	24629	-7.55	-2.67
78124	24629	-7.17	-2.54
78125	24629	-6.79	-2.41
78126	24629	-6.42	-2.27
78127	24629	-6.04	-2.14
78128	24629	-5.66	-2.01
78141	24629	-6.42	-2.27
78142	24629	-6.04	-2.14
78143	24629	-5.66	-2.01
78144	24629	-5.29	-1.87
78145	24629	-4.91	-1.74
78146	24629	-4.53	-1.61
78147	24629	-4.16	-1.47
78148	24629	-3.78	-1.34
78149	24629	-3.4	-1.2
78162	24636	4.06	-0.69
78163	24636	3.57	-0.58
78164	24636	3.07	-0.48
78165	24636	2.57	-0.4
78166	24636	2.08	-0.3
78167	24636	1.64	-0.19
78168	24636	1.2	-0.06
78169	24636	0.77	0.04
78170	24636	0.38	0.11
78162	24637	2.82	-3.43
78163	24637	2.53	-3.14
78164	24637	2.24	-2.85
78165	24637	1.98	-2.54
78166	24637	1.7	-2.26
78167	24637	1.4	-2.02
78168	24637	1.1	-1.78
78169	24637	0.81	-1.55
78170	24637	0.54	-1.37
78183	24636	2.57	-0.4
78184	24636	2.08	-0.3
78185	24636	1.64	-0.19
78186	24636	1.2	-0.06
78187	24636	0.77	0.04
78188	24636	0.38	0.11
78189	24636	-0.01	0.18
78190	24636	-0.41	0.25
78191	24636	-0.8	0.32
78183	24637	1.98	-2.54
78184	24637	1.7	-2.26
78185	24637	1.4	-2.02
78186	24637	1.1	-1.78
78187	24637	0.81	-1.55
78188	24637	0.54	-1.37
78189	24637	0.26	-1.2
78190	24637	-0.02	-1.02
78191	24637	-0.3	-0.85
78204	24636	2.57	-0.4
78205	24636	2.08	-0.3
78206	24636	1.64	-0.19
78207	24636	1.2	-0.06
78208	24636	0.77	0.04
78209	24636	0.38	0.11
78210	24636	-0.01	0.18
78211	24636	-0.41	0.25
78212	24636	-0.8	0.32
78204	24637	1.98	-2.54
78205	24637	1.7	-2.26
78206	24637	1.4	-2.02
78207	24637	1.1	-1.78
78208	24637	0.81	-1.55
78209	24637	0.54	-1.37
78210	24637	0.26	-1.2
78211	24637	-0.02	-1.02
78212	24637	-0.3	-0.85
78225	24636	1.2	-0.06
78226	24636	0.77	0.04
78227	24636	0.38	0.11
78228	24636	-0.01	0.18
78229	24636	-0.41	0.25
78230	24636	-0.8	0.32
78231	24636	-1.2	0.39
78232	24636	-1.59	0.45
78233	24636	-1.98	0.52
78225	24637	1.1	-1.78
78226	24637	0.81	-1.55
78227	24637	0.54	-1.37
78228	24637	0.26	-1.2
78229	24637	-0.02	-1.02
78230	24637	-0.3	-0.85
78231	24637	-0.57	-0.67
78232	24637	-0.85	-0.5
78233	24637	-1.11	-0.3
78246	24636	4.06	-0.69
78247	24636	3.57	-0.58
78248	24636	3.07	-0.48
78249	24636	2.57	-0.4
78250	24636	2.08	-0.3
78251	24636	1.64	-0.19
78252	24636	1.2	-0.06
78253	24636	0.77	0.04
78254	24636	0.38	0.11
78246	24637	2.82	-3.43
78247	24637	2.53	-3.14
78248	24637	2.24	-2.85
78249	24637	1.98	-2.54
78250	24637	1.7	-2.26
78251	24637	1.4	-2.02
78252	24637	1.1	-1.78
78253	24637	0.81	-1.55
78254	24637	0.54	-1.37
78267	24640	3.59	-9.15
78268	24640	3.45	-8.78
78269	24640	3.3	-8.41
78270	24640	3.15	-8.03
78271	24640	3.01	-7.66
78272	24640	2.86	-7.29
78273	24640	2.71	-6.92
78274	24640	2.56	-6.55
78275	24640	2.41	-6.18
78267	24641	9.13	4.37
78268	24641	8.77	4.2
78269	24641	8.41	4.03
78270	24641	8.05	3.85
78271	24641	7.68	3.68
78272	24641	7.32	3.51
78273	24641	6.96	3.34
78274	24641	6.6	3.16
78275	24641	6.24	2.99
78288	24640	3.15	-8.03
78289	24640	3.01	-7.66
78290	24640	2.86	-7.29
78291	24640	2.71	-6.92
78292	24640	2.56	-6.55
78293	24640	2.41	-6.18
78294	24640	2.25	-5.82
78295	24640	2.08	-5.46
78296	24640	1.92	-5.1
78288	24641	8.05	3.85
78289	24641	7.68	3.68
78290	24641	7.32	3.51
78291	24641	6.96	3.34
78292	24641	6.6	3.16
78293	24641	6.24	2.99
78294	24641	5.88	2.82
78295	24641	5.52	2.64
78296	24641	5.17	2.46
78309	24640	1.74	-4.74
78310	24640	1.57	-4.38
78311	24640	1.39	-4.03
78312	24640	1.21	-3.67
78313	24640	1.02	-3.32
78314	24640	0.88	-2.95
78315	24640	0.74	-2.57
78316	24640	0.62	-2.21
78317	24640	0.55	-1.86
78309	24641	4.83	2.27
78310	24641	4.49	2.07
78311	24641	4.16	1.86
78312	24641	3.83	1.66
78313	24641	3.51	1.45
78314	24641	3.25	1.27
78315	24641	2.99	1.11
78316	24641	2.78	0.95
78317	24641	2.57	0.8
78330	24640	0.48	-1.5
78331	24640	0.41	-1.15
78332	24640	0.34	-0.8
78333	24640	0.27	-0.45
78334	24640	0.15	-0.08
78335	24640	0.01	0.29
78336	24640	-0.14	0.66
78337	24640	-0.29	1.03
78338	24640	-0.44	1.4
78330	24641	2.37	0.64
78331	24641	2.17	0.49
78332	24641	1.96	0.34
78333	24641	1.72	0.15
78334	24641	1.42	-0.03
78335	24641	1.11	-0.2
78336	24641	0.74	-0.35
78337	24641	0.37	-0.5
78338	24641	-0.0	-0.65
78351	24640	3.15	-8.03
78352	24640	3.01	-7.66
78353	24640	2.86	-7.29
78354	24640	2.71	-6.92
78355	24640	2.56	-6.55
78356	24640	2.41	-6.18
78357	24640	2.25	-5.82
78358	24640	2.08	-5.46
78359	24640	1.92	-5.1
78351	24641	8.05	3.85
78352	24641	7.68	3.68
78353	24641	7.32	3.51
78354	24641	6.96	3.34
78355	24641	6.6	3.16
78356	24641	6.24	2.99
78357	24641	5.88	2.82
78358	24641	5.52	2.64
78359	24641	5.17	2.46
78372	24644	-1.58	6.65
78373	24644	-1.49	6.26
78374	24644	-1.4	5.87
78375	24644	-1.3	5.48
78376	24644	-1.2	5.08
78377	24644	-1.1	4.69
78378	24644	-1.0	4.29
78379	24644	-0.9	3.89
78380	24644	-0.81	3.49
78372	24647	-3.74	6.76
78373	24647	-3.55	6.41
78374	24647	-3.36	6.07
78375	24647	-3.17	5.72
78376	24647	-2.98	5.37
78377	24647	-2.79	5.03
78378	24647	-2.61	4.69
78379	24647	-2.42	4.35
78380	24647	-2.23	4.01
78393	24644	-1.3	5.48
78394	24644	-1.2	5.08
78395	24644	-1.1	4.69
78396	24644	-1.0	4.29
78397	24644	-0.9	3.89
78398	24644	-0.81	3.49
78399	24644	-0.73	3.07
78400	24644	-0.68	2.62
78401	24644	-0.63	2.18
78393	24647	-3.17	5.72
78394	24647	-2.98	5.37
78395	24647	-2.79	5.03
78396	24647	-2.61	4.69
78397	24647	-2.42	4.35
78398	24647	-2.23	4.01
78399	24647	-2.04	3.66
78400	24647	-1.85	3.31
78401	24647	-1.65	2.96
78414	24644	-1.0	4.29
78415	24644	-0.9	3.89
78416	24644	-0.81	3.49
78417	24644	-0.73	3.07
78418	24644	-0.68	2.62
78419	24644	-0.63	2.18
78420	24644	-0.45	1.72
78421	24644	-0.19	1.22
78422	24644	0.11	0.69
78414	24647	-2.61	4.69
78415	24647	-2.42	4.35
78416	24647	-2.23	4.01
78417	24647	-2.04	3.66
78418	24647	-1.85	3.31
78419	24647	-1.65	2.96
78420	24647	-1.51	2.55
78421	24647	-1.46	2.21
78422	24647	-1.43	1.88
78435	24644	-0.45	1.72
78436	24644	-0.19	1.22
78437	24644	0.11	0.69
78438	24644	0.4	0.17
78439	24644	0.7	-0.35
78440	24644	1.0	-0.87
78441	24644	1.16	-1.28
78442	24644	1.21	-1.67
78443	24644	1.26	-2.07
78435	24647	-1.51	2.55
78436	24647	-1.46	2.21
78437	24647	-1.43	1.88
78438	24647	-1.4	1.54
78439	24647	-1.37	1.19
78440	24647	-1.35	0.84
78441	24647	-1.31	0.49
78442	24647	-1.27	0.14
78443	24647	-1.22	-0.2
78456	24644	-2.14	8.98
78457	24644	-2.05	8.59
78458	24644	-1.95	8.2
78459	24644	-1.86	7.82
78460	24644	-1.77	7.43
78461	24644	-1.68	7.04
78462	24644	-1.58	6.65
78463	24644	-1.49	6.26
78464	24644	-1.4	5.87
78456	24647	-4.91	8.86
78457	24647	-4.71	8.51
78458	24647	-4.52	8.16
78459	24647	-4.33	7.81
78460	24647	-4.13	7.46
78461	24647	-3.94	7.11
78462	24647	-3.74	6.76
78463	24647	-3.55	6.41
78464	24647	-3.36	6.07
78477	24644	-1.3	5.48
78478	24644	-1.2	5.08
78479	24644	-1.1	4.69
78480	24644	-1.0	4.29
78481	24644	-0.9	3.89
78482	24644	-0.81	3.49
78483	24644	-0.73	3.07
78484	24644	-0.68	2.62
78485	24644	-0.63	2.18
78477	24647	-3.17	5.72
78478	24647	-2.98	5.37
78479	24647	-2.79	5.03
78480	24647	-2.61	4.69
78481	24647	-2.42	4.35
78482	24647	-2.23	4.01
78483	24647	-2.04	3.66
78484	24647	-1.85	3.31
78485	24647	-1.65	2.96
78498	24644	-1.0	4.29
78499	24644	-0.9	3.89
78500	24644	-0.81	3.49
78501	24644	-0.73	3.07
78502	24644	-0.68	2.62
78503	24644	-0.63	2.18
78504	24644	-0.45	1.72
78505	24644	-0.19	1.22
78506	24644	0.11	0.69
78498	24647	-2.61	4.69
78499	24647	-2.42	4.35
78500	24647	-2.23	4.01
78501	24647	-2.04	3.66
78502	24647	-1.85	3.31
78503	24647	-1.65	2.96
78504	24647	-1.51	2.55
78505	24647	-1.46	2.21
78506	24647	-1.43	1.88
78519	24644	-1.3	5.48
78520	24644	-1.2	5.08
78521	24644	-1.1	4.69
78522	24644	-1.0	4.29
78523	24644	-0.9	3.89
78524	24644	-0.81	3.49
78525	24644	-0.73	3.07
78526	24644	-0.68	2.62
78527	24644	-0.63	2.18
78519	24647	-3.17	5.72
78520	24647	-2.98	5.37
78521	24647	-2.79	5.03
78522	24647	-2.61	4.69
78523	24647	-2.42	4.35
78524	24647	-2.23	4.01
78525	24647	-2.04	3.66
78526	24647	-1.85	3.31
78527	24647	-1.65	2.96
78540	24644	-1.0	4.29
78541	24644	-0.9	3.89
78542	24644	-0.81	3.49
78543	24644	-0.73	3.07
78544	24644	-0.68	2.62
78545	24644	-0.63	2.18
78546	24644	-0.45	1.72
78547	24644	-0.19	1.22
78548	24644	0.11	0.69
78540	24647	-2.61	4.69
78541	24647	-2.42	4.35
78542	24647	-2.23	4.01
78543	24647	-2.04	3.66
78544	24647	-1.85	3.31
78545	24647	-1.65	2.96
78546	24647	-1.51	2.55
78547	24647	-1.46	2.21
78548	24647	-1.43	1.88
78708	24662	-1.9	-1.18
78709	24662	-1.61	-1.04
78710	24662	-1.37	-1.2
78711	24662	-1.12	-1.36
78712	24662	-0.87	-1.52
78713	24662	-0.63	-1.67
78714	24662	-0.4	-1.82
78715	24662	-0.17	-1.97
78716	24662	0.07	-2.1
78708	24663	0.39	1.86
78709	24663	0.1	1.6
78710	24663	-0.19	1.21
78711	24663	-0.47	0.81
78712	24663	-0.76	0.41
78713	24663	-1.03	-0.01
78714	24663	-1.27	-0.44
78715	24663	-1.48	-0.86
78716	24663	-1.66	-1.28
78708	24666	1.65	1.72
78709	24666	1.36	1.46
78710	24666	1.04	1.23
78711	24666	0.71	0.99
78712	24666	0.39	0.76
78713	24666	0.06	0.5
78714	24666	-0.28	0.24
78715	24666	-0.61	-0.04
78716	24666	-0.95	-0.31
78729	24667	-4.23	-4.57
78730	24667	-3.95	-4.28
78731	24667	-3.68	-3.98
78732	24667	-3.41	-3.69
78733	24667	-3.14	-3.4
78734	24667	-2.87	-3.1
78735	24667	-2.6	-2.81
78736	24667	-2.32	-2.51
78737	24667	-2.05	-2.22
78750	24667	-1.7	-1.98
78751	24667	-1.36	-1.84
78752	24667	-1.07	-1.77
78753	24667	-0.78	-1.73
78754	24667	-0.5	-1.69
78755	24667	-0.22	-1.64
78756	24667	0.05	-1.6
78757	24667	0.38	-1.48
78758	24667	0.76	-1.31
78771	24667	-5.85	-6.33
78772	24667	-5.58	-6.04
78773	24667	-5.31	-5.75
78774	24667	-5.04	-5.45
78775	24667	-4.77	-5.16
78776	24667	-4.5	-4.86
78777	24667	-4.23	-4.57
78778	24667	-3.95	-4.28
78779	24667	-3.68	-3.98
78792	24667	-5.04	-5.45
78793	24667	-4.77	-5.16
78794	24667	-4.5	-4.86
78795	24667	-4.23	-4.57
78796	24667	-3.95	-4.28
78797	24667	-3.68	-3.98
78798	24667	-3.41	-3.69
78799	24667	-3.14	-3.4
78800	24667	-2.87	-3.1
78813	24667	-5.04	-5.45
78814	24667	-4.77	-5.16
78815	24667	-4.5	-4.86
78816	24667	-4.23	-4.57
78817	24667	-3.95	-4.28
78818	24667	-3.68	-3.98
78819	24667	-3.41	-3.69
78820	24667	-3.14	-3.4
78821	24667	-2.87	-3.1
78834	24667	-4.23	-4.57
78835	24667	-3.95	-4.28
78836	24667	-3.68	-3.98
78837	24667	-3.41	-3.69
78838	24667	-3.14	-3.4
78839	24667	-2.87	-3.1
78840	24667	-2.6	-2.81
78841	24667	-2.32	-2.51
78842	24667	-2.05	-2.22
78855	24667	-1.7	-1.98
78856	24667	-1.36	-1.84
78857	24667	-1.07	-1.77
78858	24667	-0.78	-1.73
78859	24667	-0.5	-1.69
78860	24667	-0.22	-1.64
78861	24667	0.05	-1.6
78862	24667	0.38	-1.48
78863	24667	0.76	-1.31
78876	24667	-2.6	-2.81
78877	24667	-2.32	-2.51
78878	24667	-2.05	-2.22
78879	24667	-1.7	-1.98
78880	24667	-1.36	-1.84
78881	24667	-1.07	-1.77
78882	24667	-0.78	-1.73
78883	24667	-0.5	-1.69
78884	24667	-0.22	-1.64
78897	24667	-5.85	-6.33
78898	24667	-5.58	-6.04
78899	24667	-5.31	-5.75
78900	24667	-5.04	-5.45
78901	24667	-4.77	-5.16
78902	24667	-4.5	-4.86
78903	24667	-4.23	-4.57
78904	24667	-3.95	-4.28
78905	24667	-3.68	-3.98
78939	24681	3.43	7.64
78940	24681	3.26	7.28
78941	24681	3.08	6.92
78942	24681	2.9	6.56
78943	24681	2.72	6.2
78944	24681	2.54	5.84
78945	24681	2.35	5.48
78946	24681	2.16	5.12
78947	24681	1.97	4.76
78960	24681	0.69	2.1
78961	24681	0.46	1.73
78962	24681	0.22	1.37
78963	24681	-0.02	1.0
78964	24681	-0.26	0.63
78965	24681	-0.5	0.26
78966	24681	-0.74	-0.12
78967	24681	-0.98	-0.5
78968	24681	-1.22	-0.88
78981	24681	2.35	5.48
78982	24681	2.16	5.12
78983	24681	1.97	4.76
78984	24681	1.78	4.4
78985	24681	1.58	4.03
78986	24681	1.4	3.63
78987	24681	1.21	3.23
78988	24681	1.02	2.83
78989	24681	0.85	2.45
79002	24681	-1.46	-1.26
79003	24681	-1.7	-1.64
79004	24681	-1.94	-2.02
79005	24681	-2.18	-2.41
79006	24681	-2.42	-2.79
79007	24681	-2.63	-3.19
79008	24681	-2.72	-3.58
79009	24681	-2.82	-3.97
79010	24681	-2.92	-4.36
79023	24681	1.21	3.23
79024	24681	1.02	2.83
79025	24681	0.85	2.45
79026	24681	0.69	2.1
79027	24681	0.46	1.73
79028	24681	0.22	1.37
79029	24681	-0.02	1.0
79030	24681	-0.26	0.63
79031	24681	-0.5	0.26
79044	24681	-0.02	1.0
79045	24681	-0.26	0.63
79046	24681	-0.5	0.26
79047	24681	-0.74	-0.12
79048	24681	-0.98	-0.5
79049	24681	-1.22	-0.88
79050	24681	-1.46	-1.26
79051	24681	-1.7	-1.64
79052	24681	-1.94	-2.02
79065	24686	-5.96	-1.12
79066	24686	-5.61	-1.03
79067	24686	-5.25	-0.94
79068	24686	-4.9	-0.84
79069	24686	-4.54	-0.74
79070	24686	-4.18	-0.63
79071	24686	-3.83	-0.52
79072	24686	-3.55	-0.45
79073	24686	-3.3	-0.39
79065	24687	-5.56	-3.16
79066	24687	-5.2	-2.98
79067	24687	-4.85	-2.81
79068	24687	-4.49	-2.64
79069	24687	-4.14	-2.48
79070	24687	-3.78	-2.31
79071	24687	-3.44	-2.15
79072	24687	-3.12	-1.99
79073	24687	-2.81	-1.85
79086	24686	-3.04	-0.35
79087	24686	-2.83	-0.37
79088	24686	-2.62	-0.4
79089	24686	-2.41	-0.42
79090	24686	-2.18	-0.43
79091	24686	-1.82	-0.3
79092	24686	-1.46	-0.18
79093	24686	-1.09	-0.06
79094	24686	-0.73	0.07
79086	24687	-2.53	-1.75
79087	24687	-2.21	-1.61
79088	24687	-1.89	-1.47
79089	24687	-1.6	-1.38
79090	24687	-1.32	-1.31
79091	24687	-1.05	-1.24
79092	24687	-0.78	-1.17
79093	24687	-0.51	-1.1
79094	24687	-0.23	-1.03
79107	24686	-2.41	-0.42
79108	24686	-2.18	-0.43
79109	24686	-1.82	-0.3
79110	24686	-1.46	-0.18
79111	24686	-1.09	-0.06
79112	24686	-0.73	0.07
79113	24686	-0.35	0.19
79114	24686	0.03	0.3
79115	24686	0.41	0.41
79107	24687	-1.6	-1.38
79108	24687	-1.32	-1.31
79109	24687	-1.05	-1.24
79110	24687	-0.78	-1.17
79111	24687	-0.51	-1.1
79112	24687	-0.23	-1.03
79113	24687	0.04	-0.95
79114	24687	0.31	-0.87
79115	24687	0.59	-0.77
79128	24686	-1.46	-0.18
79129	24686	-1.09	-0.06
79130	24686	-0.73	0.07
79131	24686	-0.35	0.19
79132	24686	0.03	0.3
79133	24686	0.41	0.41
79134	24686	0.8	0.52
79135	24686	1.2	0.62
79136	24686	1.6	0.72
79128	24687	-0.78	-1.17
79129	24687	-0.51	-1.1
79130	24687	-0.23	-1.03
79131	24687	0.04	-0.95
79132	24687	0.31	-0.87
79133	24687	0.59	-0.77
79134	24687	0.86	-0.68
79135	24687	1.19	-0.58
79136	24687	1.5	-0.47
79149	24686	0.8	0.52
79150	24686	1.2	0.62
79151	24686	1.6	0.72
79152	24686	2.0	0.82
79153	24686	2.4	0.91
79154	24686	2.81	1.0
79155	24686	3.22	1.07
79156	24686	3.62	1.14
79157	24686	4.02	1.19
79149	24687	0.86	-0.68
79150	24687	1.19	-0.58
79151	24687	1.5	-0.47
79152	24687	1.81	-0.36
79153	24687	2.1	-0.25
79154	24687	2.38	-0.12
79155	24687	2.64	0.02
79156	24687	2.9	0.18
79157	24687	3.15	0.36
79170	24690	-7.98	2.03
79171	24690	-7.6	1.94
79172	24690	-7.21	1.84
79173	24690	-6.82	1.74
79174	24690	-6.43	1.64
79175	24690	-6.04	1.54
79176	24690	-5.66	1.44
79177	24690	-5.27	1.34
79178	24690	-4.89	1.23
79191	24690	-4.5	1.1
79192	24690	-4.11	0.98
79193	24690	-3.7	0.85
79194	24690	-3.29	0.72
79195	24690	-2.87	0.6
79196	24690	-2.47	0.47
79197	24690	-2.12	0.28
79198	24690	-1.77	0.03
79199	24690	-1.43	-0.23
79212	24690	-6.82	1.74
79213	24690	-6.43	1.64
79214	24690	-6.04	1.54
79215	24690	-5.66	1.44
79216	24690	-5.27	1.34
79217	24690	-4.89	1.23
79218	24690	-4.5	1.1
79219	24690	-4.11	0.98
79220	24690	-3.7	0.85
79233	24690	-7.98	2.03
79234	24690	-7.6	1.94
79235	24690	-7.21	1.84
79236	24690	-6.82	1.74
79237	24690	-6.43	1.64
79238	24690	-6.04	1.54
79239	24690	-5.66	1.44
79240	24690	-5.27	1.34
79241	24690	-4.89	1.23
79254	24690	-5.66	1.44
79255	24690	-5.27	1.34
79256	24690	-4.89	1.23
79257	24690	-4.5	1.1
79258	24690	-4.11	0.98
79259	24690	-3.7	0.85
79260	24690	-3.29	0.72
79261	24690	-2.87	0.6
79262	24690	-2.47	0.47
79275	24690	-2.12	0.28
79276	24690	-1.77	0.03
79277	24690	-1.43	-0.23
79278	24690	-1.08	-0.48
79279	24690	-0.73	-0.74
79280	24690	-0.38	-0.99
79281	24690	0.01	-1.06
79282	24690	0.41	-1.12
79283	24690	0.81	-1.18
79296	24694	6.43	3.14
79297	24694	6.07	2.97
79298	24694	5.71	2.79
79299	24694	5.35	2.62
79300	24694	4.99	2.45
79301	24694	4.62	2.29
79302	24694	4.24	2.14
79303	24694	3.86	1.98
79304	24694	3.47	1.83
79296	24695	-6.68	3.21
79297	24695	-6.32	3.04
79298	24695	-5.96	2.86
79299	24695	-5.6	2.69
79300	24695	-5.24	2.52
79301	24695	-4.88	2.35
79302	24695	-4.52	2.17
79303	24695	-4.16	2.0
79304	24695	-3.8	1.83
79296	24696	7.38	-0.42
79297	24696	6.98	-0.4
79298	24696	6.58	-0.38
79299	24696	6.19	-0.36
79300	24696	5.79	-0.34
79301	24696	5.4	-0.34
79302	24696	5.02	-0.33
79303	24696	4.64	-0.33
79304	24696	4.27	-0.33
79317	24694	5.35	2.62
79318	24694	4.99	2.45
79319	24694	4.62	2.29
79320	24694	4.24	2.14
79321	24694	3.86	1.98
79322	24694	3.47	1.83
79323	24694	3.07	1.65
79324	24694	2.68	1.48
79325	24694	2.28	1.31
79317	24695	-5.6	2.69
79318	24695	-5.24	2.52
79319	24695	-4.88	2.35
79320	24695	-4.52	2.17
79321	24695	-4.16	2.0
79322	24695	-3.8	1.83
79323	24695	-3.44	1.65
79324	24695	-3.08	1.48
79325	24695	-2.72	1.31
79317	24696	6.19	-0.36
79318	24696	5.79	-0.34
79319	24696	5.4	-0.34
79320	24696	5.02	-0.33
79321	24696	4.64	-0.33
79322	24696	4.27	-0.33
79323	24696	3.91	-0.31
79324	24696	3.55	-0.29
79325	24696	3.19	-0.27
79338	24694	4.24	2.14
79339	24694	3.86	1.98
79340	24694	3.47	1.83
79341	24694	3.07	1.65
79342	24694	2.68	1.48
79343	24694	2.28	1.31
79344	24694	1.88	1.14
79345	24694	1.48	1.05
79346	24694	1.06	1.03
79338	24695	-4.52	2.17
79339	24695	-4.16	2.0
79340	24695	-3.8	1.83
79341	24695	-3.44	1.65
79342	24695	-3.08	1.48
79343	24695	-2.72	1.31
79344	24695	-2.39	1.13
79345	24695	-2.13	0.92
79346	24695	-1.89	0.69
79338	24696	5.02	-0.33
79339	24696	4.64	-0.33
79340	24696	4.27	-0.33
79341	24696	3.91	-0.31
79342	24696	3.55	-0.29
79343	24696	3.19	-0.27
79344	24696	2.83	-0.26
79345	24696	2.53	-0.32
79346	24696	2.25	-0.4
79359	24699	6.18	-7.56
79360	24699	5.93	-7.25
79361	24699	5.68	-6.94
79362	24699	5.43	-6.63
79363	24699	5.17	-6.32
79364	24699	4.92	-6.01
79365	24699	4.67	-5.7
79366	24699	4.41	-5.4
79367	24699	4.15	-5.1
79380	24699	6.18	-7.56
79381	24699	5.93	-7.25
79382	24699	5.68	-6.94
79383	24699	5.43	-6.63
79384	24699	5.17	-6.32
79385	24699	4.92	-6.01
79386	24699	4.67	-5.7
79387	24699	4.41	-5.4
79388	24699	4.15	-5.1
79401	24699	4.67	-5.7
79402	24699	4.41	-5.4
79403	24699	4.15	-5.1
79404	24699	3.9	-4.8
79405	24699	3.64	-4.51
79406	24699	3.39	-4.23
79407	24699	3.14	-3.94
79408	24699	2.89	-3.66
79409	24699	2.65	-3.38
79422	24699	2.41	-3.09
79423	24699	2.18	-2.81
79424	24699	1.95	-2.56
79425	24699	1.74	-2.36
79426	24699	1.51	-2.17
79427	24699	1.29	-2.01
79428	24699	1.11	-1.87
79429	24699	0.94	-1.77
79430	24699	0.78	-1.68
79548	24711	2.38	-4.36
79549	24711	2.19	-3.97
79550	24711	1.97	-3.55
79551	24711	1.77	-3.11
79552	24711	1.56	-2.66
79553	24711	1.41	-2.21
79554	24711	1.23	-1.74
79555	24711	1.09	-1.33
79556	24711	0.96	-0.91
79548	24712	0.76	-5.11
79549	24712	0.71	-4.76
79550	24712	0.67	-4.39
79551	24712	0.64	-4.01
79552	24712	0.62	-3.63
79553	24712	0.58	-3.21
79554	24712	0.54	-2.79
79555	24712	0.51	-2.4
79556	24712	0.47	-2.01
79569	24711	1.23	-1.74
79570	24711	1.09	-1.33
79571	24711	0.96	-0.91
79572	24711	0.82	-0.48
79573	24711	0.69	-0.06
79574	24711	0.55	0.36
79575	24711	0.39	0.78
79576	24711	0.18	1.19
79577	24711	-0.03	1.58
79569	24712	0.54	-2.79
79570	24712	0.51	-2.4
79571	24712	0.47	-2.01
79572	24712	0.42	-1.62
79573	24712	0.37	-1.22
79574	24712	0.32	-0.82
79575	24712	0.26	-0.41
79576	24712	0.2	-0.01
79577	24712	0.14	0.4
79590	24711	1.23	-1.74
79591	24711	1.09	-1.33
79592	24711	0.96	-0.91
79593	24711	0.82	-0.48
79594	24711	0.69	-0.06
79595	24711	0.55	0.36
79596	24711	0.39	0.78
79597	24711	0.18	1.19
79598	24711	-0.03	1.58
79590	24712	0.54	-2.79
79591	24712	0.51	-2.4
79592	24712	0.47	-2.01
79593	24712	0.42	-1.62
79594	24712	0.37	-1.22
79595	24712	0.32	-0.82
79596	24712	0.26	-0.41
79597	24712	0.2	-0.01
79598	24712	0.14	0.4
79611	24711	2.89	-5.49
79612	24711	2.72	-5.12
79613	24711	2.55	-4.74
79614	24711	2.38	-4.36
79615	24711	2.19	-3.97
79616	24711	1.97	-3.55
79617	24711	1.77	-3.11
79618	24711	1.56	-2.66
79619	24711	1.41	-2.21
79611	24712	0.97	-6.18
79612	24712	0.9	-5.81
79613	24712	0.83	-5.46
79614	24712	0.76	-5.11
79615	24712	0.71	-4.76
79616	24712	0.67	-4.39
79617	24712	0.64	-4.01
79618	24712	0.62	-3.63
79619	24712	0.58	-3.21
79632	24711	1.77	-3.11
79633	24711	1.56	-2.66
79634	24711	1.41	-2.21
79635	24711	1.23	-1.74
79636	24711	1.09	-1.33
79637	24711	0.96	-0.91
79638	24711	0.82	-0.48
79639	24711	0.69	-0.06
79640	24711	0.55	0.36
79632	24712	0.64	-4.01
79633	24712	0.62	-3.63
79634	24712	0.58	-3.21
79635	24712	0.54	-2.79
79636	24712	0.51	-2.4
79637	24712	0.47	-2.01
79638	24712	0.42	-1.62
79639	24712	0.37	-1.22
79640	24712	0.32	-0.82
79695	24719	-3.06	8.14
79696	24719	-2.92	7.77
79697	24719	-2.78	7.39
79698	24719	-2.64	7.02
79699	24719	-2.5	6.65
79700	24719	-2.36	6.27
79701	24719	-2.22	5.9
79702	24719	-2.07	5.53
79703	24719	-1.91	5.16
79695	24723	6.15	5.76
79696	24723	5.86	5.49
79697	24723	5.57	5.22
79698	24723	5.27	4.94
79699	24723	4.98	4.67
79700	24723	4.69	4.4
79701	24723	4.4	4.12
79702	24723	4.11	3.85
79703	24723	3.81	3.58
79716	24719	-0.11	1.67
79717	24719	0.03	1.29
79718	24719	0.17	0.91
79719	24719	0.31	0.52
79720	24719	0.43	0.14
79721	24719	0.55	-0.24
79722	24719	0.68	-0.62
79723	24719	0.8	-1.0
79724	24719	0.93	-1.38
79716	24723	0.91	0.46
79717	24723	0.62	0.09
79718	24723	0.34	-0.29
79719	24723	0.06	-0.65
79720	24723	-0.24	-0.91
79721	24723	-0.54	-1.17
79722	24723	-0.85	-1.43
79723	24723	-1.15	-1.69
79724	24723	-1.46	-1.94
79737	24719	-3.49	9.27
79738	24719	-3.35	8.89
79739	24719	-3.21	8.52
79740	24719	-3.06	8.14
79741	24719	-2.92	7.77
79742	24719	-2.78	7.39
79743	24719	-2.64	7.02
79744	24719	-2.5	6.65
79745	24719	-2.36	6.27
79737	24723	7.02	6.59
79738	24723	6.73	6.31
79739	24723	6.44	6.04
79740	24723	6.15	5.76
79741	24723	5.86	5.49
79742	24723	5.57	5.22
79743	24723	5.27	4.94
79744	24723	4.98	4.67
79745	24723	4.69	4.4
79758	24719	-2.64	7.02
79759	24719	-2.5	6.65
79760	24719	-2.36	6.27
79761	24719	-2.22	5.9
79762	24719	-2.07	5.53
79763	24719	-1.91	5.16
79764	24719	-1.75	4.8
79765	24719	-1.58	4.44
79766	24719	-1.4	4.08
79758	24723	5.27	4.94
79759	24723	4.98	4.67
79760	24723	4.69	4.4
79761	24723	4.4	4.12
79762	24723	4.11	3.85
79763	24723	3.81	3.58
79764	24723	3.52	3.3
79765	24723	3.23	3.03
79766	24723	2.94	2.76
79779	24719	-1.22	3.72
79780	24719	-1.04	3.39
79781	24719	-0.86	3.06
79782	24719	-0.67	2.74
79783	24719	-0.48	2.37
79784	24719	-0.29	2.02
79785	24719	-0.11	1.67
79786	24719	0.03	1.29
79787	24719	0.17	0.91
79779	24723	2.65	2.48
79780	24723	2.36	2.17
79781	24723	2.06	1.85
79782	24723	1.77	1.52
79783	24723	1.46	1.16
79784	24723	1.18	0.82
79785	24723	0.91	0.46
79786	24723	0.62	0.09
79787	24723	0.34	-0.29
79800	24719	-2.64	7.02
79801	24719	-2.5	6.65
79802	24719	-2.36	6.27
79803	24719	-2.22	5.9
79804	24719	-2.07	5.53
79805	24719	-1.91	5.16
79806	24719	-1.75	4.8
79807	24719	-1.58	4.44
79808	24719	-1.4	4.08
79800	24723	5.27	4.94
79801	24723	4.98	4.67
79802	24723	4.69	4.4
79803	24723	4.4	4.12
79804	24723	4.11	3.85
79805	24723	3.81	3.58
79806	24723	3.52	3.3
79807	24723	3.23	3.03
79808	24723	2.94	2.76
79821	24726	-3.37	0.3
79822	24726	-3.04	0.21
79823	24726	-2.75	0.11
79824	24726	-2.44	-0.0
79825	24726	-2.08	-0.1
79826	24726	-1.72	-0.21
79827	24726	-1.37	-0.31
79828	24726	-1.01	-0.42
79829	24726	-0.65	-0.53
79842	24726	-4.46	0.36
79843	24726	-4.09	0.34
79844	24726	-3.73	0.32
79845	24726	-3.37	0.3
79846	24726	-3.04	0.21
79847	24726	-2.75	0.11
79848	24726	-2.44	-0.0
79849	24726	-2.08	-0.1
79850	24726	-1.72	-0.21
79863	24726	-3.37	0.3
79864	24726	-3.04	0.21
79865	24726	-2.75	0.11
79866	24726	-2.44	-0.0
79867	24726	-2.08	-0.1
79868	24726	-1.72	-0.21
79869	24726	-1.37	-0.31
79870	24726	-1.01	-0.42
79871	24726	-0.65	-0.53
79884	24732	-6.08	1.04
79885	24732	-5.7	0.94
79886	24732	-5.31	0.84
79887	24732	-4.93	0.74
79888	24732	-4.56	0.64
79889	24732	-4.18	0.54
79890	24732	-3.81	0.43
79891	24732	-3.34	0.3
79892	24732	-2.84	0.15
79905	24732	-4.93	0.74
79906	24732	-4.56	0.64
79907	24732	-4.18	0.54
79908	24732	-3.81	0.43
79909	24732	-3.34	0.3
79910	24732	-2.84	0.15
79911	24732	-2.34	0.01
79912	24732	-1.91	-0.11
79913	24732	-1.5	-0.22
79926	24734	6.57	2.1
79927	24734	6.19	1.98
79928	24734	5.81	1.86
79929	24734	5.43	1.74
79930	24734	5.05	1.61
79931	24734	4.67	1.49
79932	24734	4.29	1.37
79933	24734	3.91	1.25
79934	24734	3.52	1.13
79926	24736	-5.48	-4.44
79927	24736	-5.17	-4.19
79928	24736	-4.87	-3.93
79929	24736	-4.57	-3.66
79930	24736	-4.27	-3.39
79931	24736	-3.97	-3.11
79932	24736	-3.68	-2.83
79933	24736	-3.4	-2.55
79934	24736	-3.13	-2.27
80136	24748	4.68	-1.21
80137	24748	4.23	-1.12
80138	24748	3.78	-1.03
80139	24748	3.35	-0.94
80140	24748	2.92	-0.83
80141	24748	2.49	-0.73
80142	24748	1.92	-0.64
80143	24748	1.32	-0.58
80144	24748	0.73	-0.52
80157	24748	0.13	-0.46
80158	24748	-0.47	-0.41
80159	24748	-0.95	-0.39
80160	24748	-1.38	-0.35
80161	24748	-1.77	-0.24
80162	24748	-2.14	-0.1
80163	24748	-2.52	0.03
80164	24748	-2.9	0.17
80165	24748	-3.27	0.3
80178	24748	4.68	-1.21
80179	24748	4.23	-1.12
80180	24748	3.78	-1.03
80181	24748	3.35	-0.94
80182	24748	2.92	-0.83
80183	24748	2.49	-0.73
80184	24748	1.92	-0.64
80185	24748	1.32	-0.58
80186	24748	0.73	-0.52
80199	24748	3.35	-0.94
80200	24748	2.92	-0.83
80201	24748	2.49	-0.73
80202	24748	1.92	-0.64
80203	24748	1.32	-0.58
80204	24748	0.73	-0.52
80205	24748	0.13	-0.46
80206	24748	-0.47	-0.41
80207	24748	-0.95	-0.39
80220	24755	-1.76	1.14
80221	24755	-1.58	0.91
80222	24755	-1.41	0.69
80223	24755	-1.24	0.47
80224	24755	-1.06	0.25
80225	24755	-0.88	0.03
80226	24755	-0.65	-0.14
80227	24755	-0.4	-0.3
80228	24755	-0.16	-0.46
80241	24755	-1.24	0.47
80242	24755	-1.06	0.25
80243	24755	-0.88	0.03
80244	24755	-0.65	-0.14
80245	24755	-0.4	-0.3
80246	24755	-0.16	-0.46
80247	24755	0.08	-0.62
80248	24755	0.32	-0.78
80249	24755	0.56	-0.96
80262	24755	-1.76	1.14
80263	24755	-1.58	0.91
80264	24755	-1.41	0.69
80265	24755	-1.24	0.47
80266	24755	-1.06	0.25
80267	24755	-0.88	0.03
80268	24755	-0.65	-0.14
80269	24755	-0.4	-0.3
80270	24755	-0.16	-0.46
80451	24766	3.13	-7.59
80452	24766	2.97	-7.22
80453	24766	2.81	-6.85
80454	24766	2.64	-6.49
80455	24766	2.47	-6.12
80456	24766	2.3	-5.74
80457	24766	2.13	-5.34
80458	24766	1.97	-4.94
80459	24766	1.8	-4.54
80472	24766	0.34	-0.24
80473	24766	0.23	0.21
80474	24766	0.12	0.65
80475	24766	0.02	1.09
80476	24766	-0.12	1.48
80477	24766	-0.3	1.85
80478	24766	-0.48	2.22
80479	24766	-0.66	2.59
80480	24766	-0.83	2.96
80577	24774	-4.51	-6.85
80578	24774	-4.29	-6.52
80579	24774	-4.07	-6.18
80580	24774	-3.85	-5.85
80581	24774	-3.63	-5.51
80582	24774	-3.41	-5.18
80583	24774	-3.19	-4.85
80584	24774	-2.97	-4.51
80585	24774	-2.76	-4.17
80598	24774	-3.85	-5.85
80599	24774	-3.63	-5.51
80600	24774	-3.41	-5.18
80601	24774	-3.19	-4.85
80602	24774	-2.97	-4.51
80603	24774	-2.76	-4.17
80604	24774	-2.57	-3.83
80605	24774	-2.38	-3.48
80606	24774	-2.19	-3.11
80619	24774	-2.57	-3.83
80620	24774	-2.38	-3.48
80621	24774	-2.19	-3.11
80622	24774	-1.97	-2.72
80623	24774	-1.75	-2.38
80624	24774	-1.52	-2.04
80625	24774	-1.33	-1.79
80626	24774	-1.26	-1.62
80627	24774	-1.25	-1.43
80640	24774	-2.57	-3.83
80641	24774	-2.38	-3.48
80642	24774	-2.19	-3.11
80643	24774	-1.97	-2.72
80644	24774	-1.75	-2.38
80645	24774	-1.52	-2.04
80646	24774	-1.33	-1.79
80647	24774	-1.26	-1.62
80648	24774	-1.25	-1.43
80661	24774	-3.85	-5.85
80662	24774	-3.63	-5.51
80663	24774	-3.41	-5.18
80664	24774	-3.19	-4.85
80665	24774	-2.97	-4.51
80666	24774	-2.76	-4.17
80667	24774	-2.57	-3.83
80668	24774	-2.38	-3.48
80669	24774	-2.19	-3.11
80682	24774	-2.57	-3.83
80683	24774	-2.38	-3.48
80684	24774	-2.19	-3.11
80685	24774	-1.97	-2.72
80686	24774	-1.75	-2.38
80687	24774	-1.52	-2.04
80688	24774	-1.33	-1.79
80689	24774	-1.26	-1.62
80690	24774	-1.25	-1.43
80766	24789	0.37	2.38
80767	24789	0.08	2.41
80768	24789	-0.22	2.44
80769	24789	-0.52	2.49
80770	24789	-0.81	2.54
80771	24789	-1.11	2.61
80772	24789	-1.41	2.68
80773	24789	-1.7	2.76
80774	24789	-2.0	2.84
80787	24789	-2.3	2.93
80788	24789	-2.59	3.03
80789	24789	-2.88	3.13
80790	24789	-3.15	3.21
80791	24789	-3.41	3.29
80792	24789	-3.67	3.37
80793	24789	-3.92	3.44
80794	24789	-4.18	3.52
80795	24789	-4.44	3.59
80808	24789	-0.52	2.49
80809	24789	-0.81	2.54
80810	24789	-1.11	2.61
80811	24789	-1.41	2.68
80812	24789	-1.7	2.76
80813	24789	-2.0	2.84
80814	24789	-2.3	2.93
80815	24789	-2.59	3.03
80816	24789	-2.88	3.13
80997	24801	2.18	-0.24
80998	24801	2.16	-0.06
80999	24801	2.14	0.12
81000	24801	2.12	0.29
81001	24801	2.01	0.5
81002	24801	1.69	0.68
81003	24801	1.32	0.83
81004	24801	0.95	0.99
81005	24801	0.58	1.14
80997	24802	0.95	1.18
80998	24802	0.94	0.89
80999	24802	0.93	0.61
81000	24802	0.92	0.32
81001	24802	0.91	0.03
81002	24802	0.89	-0.25
81003	24802	0.83	-0.58
81004	24802	0.68	-0.99
81005	24802	0.5	-1.37
81018	24801	7.02	-4.14
81019	24801	6.68	-3.94
81020	24801	6.33	-3.73
81021	24801	5.99	-3.52
81022	24801	5.65	-3.31
81023	24801	5.32	-3.09
81024	24801	4.99	-2.87
81025	24801	4.65	-2.65
81026	24801	4.32	-2.42
81018	24802	3.66	7.56
81019	24802	3.49	7.2
81020	24802	3.31	6.84
81021	24802	3.14	6.48
81022	24802	2.96	6.12
81023	24802	2.79	5.76
81024	24802	2.61	5.4
81025	24802	2.44	5.04
81026	24802	2.27	4.68
81039	24801	8.06	-4.75
81040	24801	7.71	-4.54
81041	24801	7.37	-4.34
81042	24801	7.02	-4.14
81043	24801	6.68	-3.94
81044	24801	6.33	-3.73
81045	24801	5.99	-3.52
81046	24801	5.65	-3.31
81047	24801	5.32	-3.09
81039	24802	4.18	8.64
81040	24802	4.01	8.28
81041	24802	3.83	7.92
81042	24802	3.66	7.56
81043	24802	3.49	7.2
81044	24802	3.31	6.84
81045	24802	3.14	6.48
81046	24802	2.96	6.12
81047	24802	2.79	5.76
81060	24801	4.99	-2.87
81061	24801	4.65	-2.65
81062	24801	4.32	-2.42
81063	24801	3.98	-2.18
81064	24801	3.63	-1.95
81065	24801	3.27	-1.72
81066	24801	2.95	-1.48
81067	24801	2.72	-1.24
81068	24801	2.5	-1.01
81060	24802	2.61	5.4
81061	24802	2.44	5.04
81062	24802	2.27	4.68
81063	24802	2.09	4.32
81064	24802	1.92	3.96
81065	24802	1.74	3.6
81066	24802	1.57	3.24
81067	24802	1.39	2.88
81068	24802	1.21	2.52
81081	24801	3.98	-2.18
81082	24801	3.63	-1.95
81083	24801	3.27	-1.72
81084	24801	2.95	-1.48
81085	24801	2.72	-1.24
81086	24801	2.5	-1.01
81087	24801	2.3	-0.81
81088	24801	2.24	-0.61
81089	24801	2.2	-0.42
81081	24802	2.09	4.32
81082	24802	1.92	3.96
81083	24802	1.74	3.6
81084	24802	1.57	3.24
81085	24802	1.39	2.88
81086	24802	1.21	2.52
81087	24802	1.03	2.14
81088	24802	0.98	1.76
81089	24802	0.96	1.46
81102	24801	4.99	-2.87
81103	24801	4.65	-2.65
81104	24801	4.32	-2.42
81105	24801	3.98	-2.18
81106	24801	3.63	-1.95
81107	24801	3.27	-1.72
81108	24801	2.95	-1.48
81109	24801	2.72	-1.24
81110	24801	2.5	-1.01
81102	24802	2.61	5.4
81103	24802	2.44	5.04
81104	24802	2.27	4.68
81105	24802	2.09	4.32
81106	24802	1.92	3.96
81107	24802	1.74	3.6
81108	24802	1.57	3.24
81109	24802	1.39	2.88
81110	24802	1.21	2.52
81123	24801	3.98	-2.18
81124	24801	3.63	-1.95
81125	24801	3.27	-1.72
81126	24801	2.95	-1.48
81127	24801	2.72	-1.24
81128	24801	2.5	-1.01
81129	24801	2.3	-0.81
81130	24801	2.24	-0.61
81131	24801	2.2	-0.42
81123	24802	2.09	4.32
81124	24802	1.92	3.96
81125	24802	1.74	3.6
81126	24802	1.57	3.24
81127	24802	1.39	2.88
81128	24802	1.21	2.52
81129	24802	1.03	2.14
81130	24802	0.98	1.76
81131	24802	0.96	1.46
81144	24810	6.79	-1.81
81145	24810	6.4	-1.7
81146	24810	6.02	-1.6
81147	24810	5.63	-1.5
81148	24810	5.25	-1.39
81149	24810	4.89	-1.27
81150	24810	4.53	-1.16
81151	24810	4.17	-1.06
81152	24810	3.81	-1.0
81144	24813	-7.27	-2.53
81145	24813	-6.9	-2.4
81146	24813	-6.52	-2.27
81147	24813	-6.14	-2.14
81148	24813	-5.76	-2.0
81149	24813	-5.38	-1.87
81150	24813	-5.01	-1.74
81151	24813	-4.64	-1.59
81152	24813	-4.26	-1.43
81144	24814	1.76	-7.54
81145	24814	1.67	-7.15
81146	24814	1.58	-6.76
81147	24814	1.49	-6.37
81148	24814	1.4	-5.98
81149	24814	1.3	-5.6
81150	24814	1.22	-5.22
81151	24814	1.15	-4.83
81152	24814	1.09	-4.43
81165	24810	5.63	-1.5
81166	24810	5.25	-1.39
81167	24810	4.89	-1.27
81168	24810	4.53	-1.16
81169	24810	4.17	-1.06
81170	24810	3.81	-1.0
81171	24810	3.45	-0.95
81172	24810	3.06	-0.88
81173	24810	2.68	-0.81
81165	24813	-6.14	-2.14
81166	24813	-5.76	-2.0
81167	24813	-5.38	-1.87
81168	24813	-5.01	-1.74
81169	24813	-4.64	-1.59
81170	24813	-4.26	-1.43
81171	24813	-3.87	-1.26
81172	24813	-3.47	-1.1
81173	24813	-3.07	-0.93
81165	24814	1.49	-6.37
81166	24814	1.4	-5.98
81167	24814	1.3	-5.6
81168	24814	1.22	-5.22
81169	24814	1.15	-4.83
81170	24814	1.09	-4.43
81171	24814	1.03	-4.04
81172	24814	1.01	-3.72
81173	24814	1.0	-3.4
81186	24818	-4.73	-6.42
81187	24818	-4.49	-6.1
81188	24818	-4.25	-5.77
81189	24818	-4.02	-5.44
81190	24818	-3.78	-5.11
81191	24818	-3.55	-4.78
81192	24818	-3.31	-4.44
81193	24818	-3.07	-4.11
81194	24818	-2.83	-3.77
81186	24819	-7.37	3.28
81187	24819	-7.01	3.11
81188	24819	-6.64	2.95
81189	24819	-6.28	2.79
81190	24819	-5.91	2.63
81191	24819	-5.55	2.46
81192	24819	-5.18	2.3
81193	24819	-4.81	2.14
81194	24819	-4.45	1.97
81207	24818	-0.98	-1.41
81208	24818	-0.69	-0.91
81209	24818	-0.43	-0.39
81210	24818	-0.12	0.07
81211	24818	0.19	0.53
81212	24818	0.5	0.98
81213	24818	0.81	1.43
81214	24818	1.06	1.75
81215	24818	1.31	2.07
81207	24819	-2.15	0.51
81208	24819	-1.94	0.27
81209	24819	-1.74	0.01
81210	24819	-1.56	-0.25
81211	24819	-1.37	-0.5
81212	24819	-1.09	-0.74
81213	24819	-0.75	-0.97
81214	24819	-0.42	-1.21
81215	24819	-0.09	-1.44
81228	24818	-0.12	0.07
81229	24818	0.19	0.53
81230	24818	0.5	0.98
81231	24818	0.81	1.43
81232	24818	1.06	1.75
81233	24818	1.31	2.07
81234	24818	1.55	2.39
81235	24818	1.8	2.7
81236	24818	2.04	3.02
81228	24819	-1.56	-0.25
81229	24819	-1.37	-0.5
81230	24819	-1.09	-0.74
81231	24819	-0.75	-0.97
81232	24819	-0.42	-1.21
81233	24819	-0.09	-1.44
81234	24819	0.24	-1.68
81235	24819	0.62	-1.82
81236	24819	1.0	-1.92
81249	24818	1.55	2.39
81250	24818	1.8	2.7
81251	24818	2.04	3.02
81252	24818	2.29	3.33
81253	24818	2.53	3.65
81254	24818	2.78	3.97
81255	24818	3.02	4.28
81256	24818	3.27	4.6
81257	24818	3.51	4.92
81249	24819	0.24	-1.68
81250	24819	0.62	-1.82
81251	24819	1.0	-1.92
81252	24819	1.39	-2.02
81253	24819	1.78	-2.12
81254	24819	2.17	-2.22
81255	24819	2.55	-2.32
81256	24819	2.94	-2.42
81257	24819	3.33	-2.52
81270	24818	-5.44	-7.39
81271	24818	-5.2	-7.07
81272	24818	-4.96	-6.75
81273	24818	-4.73	-6.42
81274	24818	-4.49	-6.1
81275	24818	-4.25	-5.77
81276	24818	-4.02	-5.44
81277	24818	-3.78	-5.11
81278	24818	-3.55	-4.78
81270	24819	-8.47	3.76
81271	24819	-8.1	3.6
81272	24819	-7.74	3.44
81273	24819	-7.37	3.28
81274	24819	-7.01	3.11
81275	24819	-6.64	2.95
81276	24819	-6.28	2.79
81277	24819	-5.91	2.63
81278	24819	-5.55	2.46
81291	24818	-4.02	-5.44
81292	24818	-3.78	-5.11
81293	24818	-3.55	-4.78
81294	24818	-3.31	-4.44
81295	24818	-3.07	-4.11
81296	24818	-2.83	-3.77
81297	24818	-2.59	-3.44
81298	24818	-2.35	-3.1
81299	24818	-2.11	-2.77
81291	24819	-6.28	2.79
81292	24819	-5.91	2.63
81293	24819	-5.55	2.46
81294	24819	-5.18	2.3
81295	24819	-4.81	2.14
81296	24819	-4.45	1.97
81297	24819	-4.08	1.79
81298	24819	-3.71	1.61
81299	24819	-3.33	1.43
81312	24818	-4.02	-5.44
81313	24818	-3.78	-5.11
81314	24818	-3.55	-4.78
81315	24818	-3.31	-4.44
81316	24818	-3.07	-4.11
81317	24818	-2.83	-3.77
81318	24818	-2.59	-3.44
81319	24818	-2.35	-3.1
81320	24818	-2.11	-2.77
81312	24819	-6.28	2.79
81313	24819	-5.91	2.63
81314	24819	-5.55	2.46
81315	24819	-5.18	2.3
81316	24819	-4.81	2.14
81317	24819	-4.45	1.97
81318	24819	-4.08	1.79
81319	24819	-3.71	1.61
81320	24819	-3.33	1.43
81333	24818	-5.44	-7.39
81334	24818	-5.2	-7.07
81335	24818	-4.96	-6.75
81336	24818	-4.73	-6.42
81337	24818	-4.49	-6.1
81338	24818	-4.25	-5.77
81339	24818	-4.02	-5.44
81340	24818	-3.78	-5.11
81341	24818	-3.55	-4.78
81333	24819	-8.47	3.76
81334	24819	-8.1	3.6
81335	24819	-7.74	3.44
81336	24819	-7.37	3.28
81337	24819	-7.01	3.11
81338	24819	-6.64	2.95
81339	24819	-6.28	2.79
81340	24819	-5.91	2.63
81341	24819	-5.55	2.46
81648	24835	4.31	3.85
81649	24835	4.01	3.59
81650	24835	3.73	3.31
81651	24835	3.41	2.99
81652	24835	3.07	2.64
81653	24835	2.74	2.3
81654	24835	2.42	1.95
81655	24835	2.1	1.6
81656	24835	1.85	1.11
81648	24837	1.59	-6.2
81649	24837	1.48	-5.83
81650	24837	1.38	-5.45
81651	24837	1.28	-5.08
81652	24837	1.18	-4.71
81653	24837	1.09	-4.34
81654	24837	0.99	-3.97
81655	24837	0.89	-3.6
81656	24837	0.78	-3.23
81669	24835	6.99	6.26
81670	24835	6.69	5.99
81671	24835	6.39	5.72
81672	24835	6.09	5.46
81673	24835	5.8	5.19
81674	24835	5.5	4.92
81675	24835	5.2	4.65
81676	24835	4.9	4.39
81677	24835	4.6	4.12
81669	24837	2.5	-9.65
81670	24837	2.4	-9.26
81671	24837	2.3	-8.88
81672	24837	2.2	-8.49
81673	24837	2.1	-8.1
81674	24837	2.0	-7.72
81675	24837	1.9	-7.33
81676	24837	1.79	-6.95
81677	24837	1.69	-6.58
81690	24835	6.99	6.26
81691	24835	6.69	5.99
81692	24835	6.39	5.72
81693	24835	6.09	5.46
81694	24835	5.8	5.19
81695	24835	5.5	4.92
81696	24835	5.2	4.65
81697	24835	4.9	4.39
81698	24835	4.6	4.12
81690	24837	2.5	-9.65
81691	24837	2.4	-9.26
81692	24837	2.3	-8.88
81693	24837	2.2	-8.49
81694	24837	2.1	-8.1
81695	24837	2.0	-7.72
81696	24837	1.9	-7.33
81697	24837	1.79	-6.95
81698	24837	1.69	-6.58
81711	24835	1.03	-0.93
81712	24835	0.83	-1.45
81713	24835	0.45	-1.87
81714	24835	0.09	-2.12
81715	24835	-0.26	-2.36
81716	24835	-0.61	-2.56
81717	24835	-0.95	-2.77
81718	24835	-1.3	-2.97
81719	24835	-1.64	-3.17
81711	24837	-0.13	-1.76
81712	24837	-0.37	-1.4
81713	24837	-0.6	-1.05
81714	24837	-0.81	-0.69
81715	24837	-1.02	-0.33
81716	24837	-1.22	0.03
81717	24837	-1.42	0.39
81718	24837	-1.62	0.75
81719	24837	-1.77	1.11
81732	24843	9.01	1.55
81733	24843	8.61	1.49
81734	24843	8.22	1.44
81735	24843	7.82	1.38
81736	24843	7.43	1.34
81737	24843	7.03	1.29
81738	24843	6.64	1.25
81739	24843	6.25	1.2
81740	24843	5.85	1.16
81753	24843	7.82	1.38
81754	24843	7.43	1.34
81755	24843	7.03	1.29
81756	24843	6.64	1.25
81757	24843	6.25	1.2
81758	24843	5.85	1.16
81759	24843	5.48	1.12
81760	24843	5.11	1.08
81761	24843	4.75	1.04
81774	24843	1.09	0.19
81775	24843	0.71	0.21
81776	24843	0.32	0.19
81777	24843	-0.07	0.12
81778	24843	-0.47	0.05
81779	24843	-0.86	-0.02
81780	24843	-1.26	-0.09
81781	24843	-1.66	-0.16
81782	24843	-2.05	-0.23
81795	24843	-0.07	0.12
81796	24843	-0.47	0.05
81797	24843	-0.86	-0.02
81798	24843	-1.26	-0.09
81799	24843	-1.66	-0.16
81800	24843	-2.05	-0.23
81801	24843	-2.45	-0.3
81802	24843	-2.84	-0.37
81803	24843	-3.24	-0.44
81816	24843	-1.26	-0.09
81817	24843	-1.66	-0.16
81818	24843	-2.05	-0.23
81819	24843	-2.45	-0.3
81820	24843	-2.84	-0.37
81821	24843	-3.24	-0.44
81822	24843	-3.64	-0.51
81823	24843	-4.03	-0.58
81824	24843	-4.42	-0.66
81837	24843	9.01	1.55
81838	24843	8.61	1.49
81839	24843	8.22	1.44
81840	24843	7.82	1.38
81841	24843	7.43	1.34
81842	24843	7.03	1.29
81843	24843	6.64	1.25
81844	24843	6.25	1.2
81845	24843	5.85	1.16
81879	24850	-5.99	-6.92
81880	24850	-5.73	-6.62
81881	24850	-5.47	-6.31
81882	24850	-5.2	-6.01
81883	24850	-4.94	-5.71
81884	24850	-4.68	-5.41
81885	24850	-4.42	-5.11
81886	24850	-4.15	-4.81
81887	24850	-3.88	-4.51
81879	24853	-9.67	-0.7
81880	24853	-9.27	-0.67
81881	24853	-8.87	-0.65
81882	24853	-8.47	-0.62
81883	24853	-8.08	-0.59
81884	24853	-7.68	-0.56
81885	24853	-7.28	-0.53
81886	24853	-6.88	-0.5
81887	24853	-6.48	-0.46
81900	24850	-1.91	-2.36
81901	24850	-1.65	-2.07
81902	24850	-1.4	-1.78
81903	24850	-1.15	-1.49
81904	24850	-0.89	-1.2
81905	24850	-0.61	-0.92
81906	24850	-0.32	-0.64
81907	24850	-0.04	-0.36
81908	24850	0.24	-0.06
81900	24853	-4.0	-0.09
81901	24853	-3.71	-0.05
81902	24853	-3.41	-0.0
81903	24853	-3.06	0.03
81904	24853	-2.7	0.06
81905	24853	-2.32	0.12
81906	24853	-1.95	0.18
81907	24853	-1.58	0.25
81908	24853	-1.21	0.32
81921	24850	-1.15	-1.49
81922	24850	-0.89	-1.2
81923	24850	-0.61	-0.92
81924	24850	-0.32	-0.64
81925	24850	-0.04	-0.36
81926	24850	0.24	-0.06
81927	24850	0.51	0.25
81928	24850	0.78	0.57
81929	24850	1.06	0.88
81921	24853	-3.06	0.03
81922	24853	-2.7	0.06
81923	24853	-2.32	0.12
81924	24853	-1.95	0.18
81925	24853	-1.58	0.25
81926	24853	-1.21	0.32
81927	24853	-0.84	0.39
81928	24853	-0.46	0.46
81929	24853	-0.09	0.53
81942	24850	-0.32	-0.64
81943	24850	-0.04	-0.36
81944	24850	0.24	-0.06
81945	24850	0.51	0.25
81946	24850	0.78	0.57
81947	24850	1.06	0.88
81948	24850	1.32	1.2
81949	24850	1.57	1.51
81950	24850	1.83	1.82
81942	24853	-1.95	0.18
81943	24853	-1.58	0.25
81944	24853	-1.21	0.32
81945	24853	-0.84	0.39
81946	24853	-0.46	0.46
81947	24853	-0.09	0.53
81948	24853	0.29	0.59
81949	24853	0.71	0.64
81950	24853	1.13	0.68
81963	24859	-2.45	1.93
81964	24859	-2.09	1.66
81965	24859	-1.73	1.4
81966	24859	-1.37	1.13
81967	24859	-1.01	0.78
81968	24859	-0.68	0.49
81969	24859	-0.35	0.19
81970	24859	-0.02	-0.09
81971	24859	0.3	-0.37
82110	24866	1.41	5.22
82111	24866	1.32	4.86
82112	24866	1.22	4.5
82113	24866	1.12	4.15
82114	24866	1.0	3.81
82115	24866	0.89	3.46
82116	24866	0.77	3.12
82117	24866	0.69	2.78
82118	24866	0.72	2.47
82131	24866	0.77	3.12
82132	24866	0.69	2.78
82133	24866	0.72	2.47
82134	24866	0.77	2.12
82135	24866	0.84	1.74
82136	24866	0.9	1.36
82137	24866	0.97	0.98
82138	24866	1.03	0.61
82139	24866	1.1	0.22
82152	24866	1.41	5.22
82153	24866	1.32	4.86
82154	24866	1.22	4.5
82155	24866	1.12	4.15
82156	24866	1.0	3.81
82157	24866	0.89	3.46
82158	24866	0.77	3.12
82159	24866	0.69	2.78
82160	24866	0.72	2.47
82173	24866	0.77	2.12
82174	24866	0.84	1.74
82175	24866	0.9	1.36
82176	24866	0.97	0.98
82177	24866	1.03	0.61
82178	24866	1.1	0.22
82179	24866	1.06	-0.18
82180	24866	0.92	-0.56
82181	24866	0.79	-0.93
82194	24866	1.41	5.22
82195	24866	1.32	4.86
82196	24866	1.22	4.5
82197	24866	1.12	4.15
82198	24866	1.0	3.81
82199	24866	0.89	3.46
82200	24866	0.77	3.12
82201	24866	0.69	2.78
82202	24866	0.72	2.47
82404	24880	-3.44	5.21
82405	24880	-3.23	4.88
82406	24880	-3.02	4.55
82407	24880	-2.83	4.22
82408	24880	-2.63	3.9
82409	24880	-2.44	3.59
82410	24880	-2.24	3.28
82411	24880	-2.04	2.98
82412	24880	-1.83	2.67
82425	24880	-4.76	7.22
82426	24880	-4.54	6.88
82427	24880	-4.32	6.55
82428	24880	-4.1	6.22
82429	24880	-3.88	5.88
82430	24880	-3.66	5.55
82431	24880	-3.44	5.21
82432	24880	-3.23	4.88
82433	24880	-3.02	4.55
82446	24880	-4.1	6.22
82447	24880	-3.88	5.88
82448	24880	-3.66	5.55
82449	24880	-3.44	5.21
82450	24880	-3.23	4.88
82451	24880	-3.02	4.55
82452	24880	-2.83	4.22
82453	24880	-2.63	3.9
82454	24880	-2.44	3.59
82467	24880	-2.83	4.22
82468	24880	-2.63	3.9
82469	24880	-2.44	3.59
82470	24880	-2.24	3.28
82471	24880	-2.04	2.98
82472	24880	-1.83	2.67
82473	24880	-1.66	2.38
82474	24880	-1.5	2.11
82475	24880	-1.25	1.94
82488	24880	-4.76	7.22
82489	24880	-4.54	6.88
82490	24880	-4.32	6.55
82491	24880	-4.1	6.22
82492	24880	-3.88	5.88
82493	24880	-3.66	5.55
82494	24880	-3.44	5.21
82495	24880	-3.23	4.88
82496	24880	-3.02	4.55
82698	24905	0.77	6.94
82699	24905	0.73	6.54
82700	24905	0.68	6.14
82701	24905	0.64	5.75
82702	24905	0.59	5.35
82703	24905	0.55	4.95
82704	24905	0.51	4.55
82705	24905	0.46	4.16
82706	24905	0.42	3.76
82719	24905	1.03	9.32
82720	24905	0.99	8.93
82721	24905	0.95	8.53
82722	24905	0.9	8.13
82723	24905	0.86	7.73
82724	24905	0.81	7.34
82725	24905	0.77	6.94
82726	24905	0.73	6.54
82727	24905	0.68	6.14
82740	24905	0.64	5.75
82741	24905	0.59	5.35
82742	24905	0.55	4.95
82743	24905	0.51	4.55
82744	24905	0.46	4.16
82745	24905	0.42	3.76
82746	24905	0.37	3.36
82747	24905	0.33	2.97
82748	24905	0.33	2.65
82761	24905	1.03	9.32
82762	24905	0.99	8.93
82763	24905	0.95	8.53
82764	24905	0.9	8.13
82765	24905	0.86	7.73
82766	24905	0.81	7.34
82767	24905	0.77	6.94
82768	24905	0.73	6.54
82769	24905	0.68	6.14
82782	24905	0.31	1.78
82783	24905	0.33	1.73
82784	24905	0.35	1.68
82785	24905	0.37	1.63
82786	24905	0.39	1.58
82787	24905	0.41	1.53
82788	24905	0.43	1.37
82789	24905	0.45	0.98
82790	24905	0.42	0.58
82803	24905	0.77	6.94
82804	24905	0.73	6.54
82805	24905	0.68	6.14
82806	24905	0.64	5.75
82807	24905	0.59	5.35
82808	24905	0.55	4.95
82809	24905	0.51	4.55
82810	24905	0.46	4.16
82811	24905	0.42	3.76
82824	24905	0.64	5.75
82825	24905	0.59	5.35
82826	24905	0.55	4.95
82827	24905	0.51	4.55
82828	24905	0.46	4.16
82829	24905	0.42	3.76
82830	24905	0.37	3.36
82831	24905	0.33	2.97
82832	24905	0.33	2.65
82845	24909	5.19	-0.17
82846	24909	4.79	-0.16
82847	24909	4.41	-0.16
82848	24909	4.05	-0.16
82849	24909	3.7	-0.14
82850	24909	3.35	-0.12
82851	24909	2.99	-0.1
82852	24909	2.66	-0.08
82853	24909	2.36	-0.05
82866	24909	8.79	-0.29
82867	24909	8.39	-0.28
82868	24909	7.99	-0.26
82869	24909	7.59	-0.25
82870	24909	7.19	-0.24
82871	24909	6.79	-0.22
82872	24909	6.39	-0.21
82873	24909	5.99	-0.2
82874	24909	5.59	-0.18
82887	24909	8.79	-0.29
82888	24909	8.39	-0.28
82889	24909	7.99	-0.26
82890	24909	7.59	-0.25
82891	24909	7.19	-0.24
82892	24909	6.79	-0.22
82893	24909	6.39	-0.21
82894	24909	5.99	-0.2
82895	24909	5.59	-0.18
82908	24909	7.59	-0.25
82909	24909	7.19	-0.24
82910	24909	6.79	-0.22
82911	24909	6.39	-0.21
82912	24909	5.99	-0.2
82913	24909	5.59	-0.18
82914	24909	5.19	-0.17
82915	24909	4.79	-0.16
82916	24909	4.41	-0.16
82929	24915	-0.72	5.84
82930	24915	-0.67	5.44
82931	24915	-0.62	5.04
82932	24915	-0.57	4.65
82933	24915	-0.52	4.25
82934	24915	-0.47	3.85
82935	24915	-0.42	3.46
82936	24915	-0.36	3.12
82937	24915	-0.29	2.79
82950	24915	-1.16	9.41
82951	24915	-1.11	9.01
82952	24915	-1.06	8.62
82953	24915	-1.01	8.22
82954	24915	-0.96	7.82
82955	24915	-0.91	7.43
82956	24915	-0.86	7.03
82957	24915	-0.81	6.63
82958	24915	-0.77	6.23
